{"type":"FeatureCollection","features":[{"type":"Feature","properties":{"nome":"Bioma Cerrado"},"geometry":{"type":"Polygon","coordinates":[[[-43.39008729,-2.33937204],[-43.32500794,-2.33686782],[-43.24402724,-2.35787951],[-42.95310994,-2.48115414],[-42.82604779,-2.54698478],[-42.76734129,-2.5451812],[-42.75255194,-2.55582232],[-42.72252235,-2.55816697],[-42.57796549,-2.67512907],[-42.54054123,-2.68450768],[-42.50546161,-2.68090052],[-42.49572229,-2.69587023],[-42.43043272,-2.71426674],[-42.36784853,-2.71444709],[-42.36577442,-2.72283374],[-42.37506285,-2.72328463],[-42.33727787,-2.7504285],[-42.27766958,-2.75295351],[-42.25683309,-2.73235018],[-42.25647752,-2.70083007],[-42.23582654,-2.68342553],[-42.14149936,-2.69496844],[-42.07070888,-2.68775412],[-41.98469325,-2.72272142],[-41.85575231,-2.72214849],[-41.79168178,-2.73507048],[-41.78935684,-2.75115521],[-41.80648964,-2.75132862],[-41.84532356,-2.77801103],[-41.83599539,-2.81778511],[-41.85056646,-2.82995155],[-41.86433614,-2.87176855],[-41.83823902,-2.90957303],[-41.8054857,-2.93633474],[-41.79422381,-2.96473481],[-41.8240198,-3.02346531],[-41.89473555,-3.09664759],[-41.88307619,-3.10585558],[-41.87512313,-3.13012782],[-41.83395758,-3.149733],[-41.81110991,-3.1916562],[-41.76102306,-3.21436731],[-41.75336687,-3.24542221],[-41.73232557,-3.24977143],[-41.72582046,-3.26491471],[-41.7135934,-3.27022003],[-41.68718048,-3.31176649],[-41.68692347,-3.32749726],[-41.64776097,-3.34178538],[-41.6435533,-3.35454187],[-41.61842844,-3.37636409],[-41.60767313,-3.36899056],[-41.58140919,-3.39226726],[-41.57590649,-3.40987387],[-41.59294356,-3.43102531],[-41.59237485,-3.45826817],[-41.57522029,-3.47093752],[-41.56681597,-3.49179755],[-41.55554686,-3.48961311],[-41.54236452,-3.51021662],[-41.53096577,-3.51420233],[-41.54344631,-3.53675066],[-41.57508429,-3.54165142],[-41.58264932,-3.56019868],[-41.60261026,-3.56568672],[-41.60055566,-3.59195394],[-41.56850603,-3.57460322],[-41.55622088,-3.58210418],[-41.53365787,-3.55310948],[-41.51827361,-3.55903068],[-41.52673235,-3.58206986],[-41.50863657,-3.57795219],[-41.50613962,-3.59088765],[-41.5256003,-3.60299633],[-41.5039879,-3.60746693],[-41.48982697,-3.60064166],[-41.47683178,-3.61126999],[-41.49056828,-3.65674542],[-41.47889925,-3.67014634],[-41.45780498,-3.65402931],[-41.45427775,-3.66565215],[-41.44406079,-3.66302479],[-41.43423442,-3.671475],[-41.4527873,-3.70430158],[-41.43964789,-3.7100887],[-41.43306974,-3.73997258],[-41.41327888,-3.74423812],[-41.41852479,-3.76719918],[-41.39792736,-3.75641311],[-41.38212662,-3.76409398],[-41.38544533,-3.78243013],[-41.35471357,-3.8262818],[-41.37026613,-3.83514267],[-41.37248244,-3.85125706],[-41.4011939,-3.87909243],[-41.42652411,-3.86304706],[-41.43029518,-3.87469361],[-41.45611435,-3.88785859],[-41.47625202,-3.88260697],[-41.49251758,-3.88914519],[-41.49237845,-3.904007],[-41.51781413,-3.92349224],[-41.52154311,-3.9176823],[-41.50002922,-3.85484752],[-41.5451118,-3.84540513],[-41.57819162,-3.89879931],[-41.61785197,-3.90377308],[-41.63732432,-3.92197166],[-41.64835608,-3.95191],[-41.66001587,-3.96230538],[-41.65454171,-3.98464173],[-41.64248612,-3.98155031],[-41.63581216,-3.99100725],[-41.62269771,-3.98781678],[-41.60946756,-3.99663381],[-41.58052598,-3.98509287],[-41.57424972,-3.98975619],[-41.57881677,-4.00204518],[-41.54688948,-4.00418086],[-41.54822305,-4.02345851],[-41.52023808,-4.01368543],[-41.50028527,-4.02400791],[-41.47907901,-4.00436473],[-41.47165827,-4.01937828],[-41.50209232,-4.03613144],[-41.49713671,-4.05061513],[-41.53591532,-4.03763425],[-41.54927997,-4.04010108],[-41.55523086,-4.05052571],[-41.55041553,-4.06549025],[-41.53757459,-4.055226],[-41.52032505,-4.06374804],[-41.53625397,-4.06835481],[-41.53672391,-4.07828859],[-41.55111949,-4.08568442],[-41.54392271,-4.10912146],[-41.55932032,-4.1219801],[-41.55453052,-4.14312327],[-41.57483289,-4.17547393],[-41.57240363,-4.19494199],[-41.55435948,-4.22031005],[-41.56676318,-4.22949027],[-41.58470358,-4.22619939],[-41.57229322,-4.24379488],[-41.53414777,-4.26837725],[-41.56901998,-4.27046868],[-41.58364814,-4.26169201],[-41.59594896,-4.26828439],[-41.60643647,-4.25831768],[-41.66282792,-4.27686189],[-41.67712512,-4.30756086],[-41.68731998,-4.30481548],[-41.72470151,-4.33170563],[-41.73999527,-4.38845912],[-41.7112768,-4.40208573],[-41.69616042,-4.42281891],[-41.67544175,-4.42773875],[-41.66804016,-4.42212793],[-41.65451357,-4.42709248],[-41.66380011,-4.4120189],[-41.65381454,-4.4063017],[-41.60372872,-4.40606899],[-41.55234774,-4.44740777],[-41.53309773,-4.41939336],[-41.51959407,-4.42542623],[-41.48742023,-4.40465459],[-41.47093194,-4.40817487],[-41.46491608,-4.39639441],[-41.45352027,-4.39812909],[-41.44330265,-4.41130594],[-41.42170074,-4.4092259],[-41.42469318,-4.42772974],[-41.44374572,-4.43436873],[-41.45470973,-4.4551666],[-41.44162426,-4.48318693],[-41.45624952,-4.49670207],[-41.46018482,-4.51494694],[-41.44375317,-4.53037171],[-41.46815948,-4.56238928],[-41.47231497,-4.57985965],[-41.45006931,-4.616723],[-41.46051519,-4.63806385],[-41.45984907,-4.65635031],[-41.49283391,-4.6665629],[-41.47301804,-4.69679682],[-41.47725109,-4.74335889],[-41.46710565,-4.756996],[-41.4777367,-4.77008195],[-41.49316941,-4.76365347],[-41.50586462,-4.77852806],[-41.51879241,-4.77868175],[-41.53527764,-4.80993056],[-41.54918505,-4.81382466],[-41.54534493,-4.82485071],[-41.5630927,-4.8383978],[-41.57280452,-4.89510289],[-41.58093012,-4.90223121],[-41.56433475,-4.92128101],[-41.49133987,-4.94623665],[-41.50836817,-4.99111358],[-41.49352964,-5.00322465],[-41.49175406,-5.01777503],[-41.47274517,-5.02714571],[-41.47589848,-5.05776708],[-41.49219054,-5.0506415],[-41.51393596,-5.06539751],[-41.53380309,-5.06105349],[-41.53291683,-5.07834298],[-41.54891156,-5.09054887],[-41.54046721,-5.11123826],[-41.54498335,-5.13844949],[-41.52520282,-5.16800016],[-41.4900923,-5.18472506],[-41.4482266,-5.18098404],[-41.43017677,-5.18852938],[-41.42572385,-5.20318163],[-41.44377444,-5.2260098],[-41.43261592,-5.25058556],[-41.45111058,-5.26815966],[-41.44766492,-5.29063026],[-41.45492132,-5.3117771],[-41.40717944,-5.34764733],[-41.388741,-5.37878987],[-41.39839244,-5.38843751],[-41.42660567,-5.38634532],[-41.42700461,-5.39761979],[-41.44086656,-5.40304526],[-41.44290893,-5.41833004],[-41.45353389,-5.4242124],[-41.45756562,-5.44467816],[-41.48090892,-5.46212611],[-41.45964683,-5.48990477],[-41.44850749,-5.48771699],[-41.41112602,-5.50306773],[-41.40655304,-5.51246161],[-41.41618407,-5.5187874],[-41.41303815,-5.52985852],[-41.35008862,-5.51306489],[-41.34657994,-5.52130035],[-41.35474325,-5.53461115],[-41.33562912,-5.54471594],[-41.32000189,-5.53974096],[-41.3065499,-5.58793113],[-41.28634777,-5.5650033],[-41.27755991,-5.56911571],[-41.27845897,-5.58683507],[-41.32984415,-5.62249929],[-41.3367571,-5.6412002],[-41.33226827,-5.657274],[-41.32182617,-5.66394435],[-41.32359422,-5.6754672],[-41.31420078,-5.67861489],[-41.31675227,-5.68767216],[-41.37615083,-5.71591895],[-41.41318677,-5.707387],[-41.4377858,-5.72080911],[-41.43814254,-5.7505896],[-41.44681684,-5.76840642],[-41.43186528,-5.80379589],[-41.43335649,-5.84219249],[-41.45359197,-5.83412976],[-41.46397396,-5.8496163],[-41.48236402,-5.85274513],[-41.49523497,-5.86765659],[-41.493865,-5.89518358],[-41.50059614,-5.90599696],[-41.51622599,-5.91336416],[-41.53797365,-5.90810088],[-41.54707192,-5.91819332],[-41.54171104,-5.93325327],[-41.53223618,-5.92897112],[-41.52553285,-5.93589928],[-41.50746295,-5.92111662],[-41.48926221,-5.94943805],[-41.5017951,-5.97890198],[-41.47595236,-5.9781799],[-41.47074386,-6.00493594],[-41.4629065,-6.00888224],[-41.45685812,-5.98868361],[-41.48171644,-5.93193361],[-41.46418393,-5.91491138],[-41.47548129,-5.89693449],[-41.44656988,-5.87184181],[-41.42942048,-5.88916041],[-41.4229535,-5.90586326],[-41.45470277,-5.94053676],[-41.44759451,-5.95898751],[-41.43229839,-5.97035954],[-41.43347928,-5.99478135],[-41.42516986,-5.99863357],[-41.42528059,-6.01583413],[-41.4116313,-6.03029809],[-41.41855608,-6.06048266],[-41.39874181,-6.07692711],[-41.41613696,-6.10067218],[-41.41539355,-6.12736026],[-41.42444255,-6.13599007],[-41.41103537,-6.14219379],[-41.41239637,-6.16532138],[-41.42753651,-6.16562711],[-41.44224386,-6.17646423],[-41.44499492,-6.21119762],[-41.46683312,-6.24775149],[-41.49448122,-6.24079212],[-41.49265566,-6.2229016],[-41.47610404,-6.19588535],[-41.49402837,-6.1738728],[-41.52087631,-6.18244811],[-41.5317852,-6.16595066],[-41.55213584,-6.16661753],[-41.56306926,-6.18942014],[-41.57781204,-6.19666579],[-41.59212672,-6.18997502],[-41.59561411,-6.20495827],[-41.57386719,-6.23527163],[-41.57530135,-6.25114875],[-41.59821821,-6.2632584],[-41.61215133,-6.25868569],[-41.62287835,-6.27628287],[-41.65281408,-6.28798493],[-41.64627021,-6.30543134],[-41.63234457,-6.31458773],[-41.63821117,-6.32690478],[-41.63493458,-6.37018885],[-41.61816496,-6.40484279],[-41.69457719,-6.42439765],[-41.69173716,-6.43533186],[-41.65973999,-6.46314743],[-41.6453881,-6.50416029],[-41.62670296,-6.52999129],[-41.65856864,-6.56713276],[-41.66824234,-6.54320246],[-41.68831707,-6.54432204],[-41.67071431,-6.58690524],[-41.67688983,-6.59932729],[-41.67210442,-6.62011978],[-41.69018855,-6.6238221],[-41.71434338,-6.6523854],[-41.82717107,-6.65866056],[-41.83447424,-6.68535836],[-41.82294619,-6.69821341],[-41.84233824,-6.70994841],[-41.82926981,-6.74313353],[-41.8654072,-6.75076998],[-41.86209255,-6.80056121],[-41.88813221,-6.80128452],[-41.91285688,-6.82988689],[-41.92342178,-6.82251322],[-41.93970884,-6.83181361],[-41.95521282,-6.82469471],[-41.97107238,-6.8336033],[-41.99632614,-6.82613252],[-41.98492676,-6.80807578],[-41.99661985,-6.79501795],[-41.98695487,-6.78345331],[-41.98768574,-6.76831436],[-41.96190126,-6.75830081],[-41.99199024,-6.74122547],[-41.9981338,-6.72104527],[-41.97483575,-6.70913069],[-41.97369543,-6.6988918],[-41.95251392,-6.68310315],[-41.93690651,-6.64196326],[-41.95877551,-6.61916377],[-41.96650086,-6.62293644],[-41.96546732,-6.63338623],[-41.95239441,-6.64544992],[-41.96106965,-6.64706385],[-41.96871589,-6.66325639],[-41.9946037,-6.66039953],[-41.98270451,-6.68969391],[-41.9955311,-6.69204928],[-42.01357791,-6.67126574],[-42.01752133,-6.70211793],[-42.02808906,-6.71559166],[-42.04975029,-6.72342796],[-42.05721715,-6.74086942],[-42.07547964,-6.75264044],[-42.08362339,-6.74328152],[-42.08015565,-6.72559646],[-42.08710892,-6.70669882],[-42.07012748,-6.69059495],[-42.08678621,-6.69112541],[-42.0884083,-6.68453772],[-42.07682221,-6.67434663],[-42.04791609,-6.67032365],[-42.035504,-6.6551834],[-42.07608462,-6.64802168],[-42.09820937,-6.67167784],[-42.10829597,-6.65731332],[-42.1245156,-6.65775327],[-42.13180088,-6.67138244],[-42.10526921,-6.70215106],[-42.11487226,-6.71675284],[-42.10804547,-6.73095298],[-42.11102492,-6.74787349],[-42.13027626,-6.75629923],[-42.14440363,-6.74884568],[-42.17027461,-6.75536325],[-42.16740125,-6.73991154],[-42.18302191,-6.73549119],[-42.18002561,-6.71830905],[-42.20805294,-6.73627576],[-42.20817535,-6.70752376],[-42.19843152,-6.69618198],[-42.21888493,-6.6853688],[-42.21283614,-6.65096728],[-42.24504549,-6.67435473],[-42.29402636,-6.65964939],[-42.30561658,-6.67216408],[-42.30304291,-6.65223989],[-42.2880036,-6.64090699],[-42.29111139,-6.63159179],[-42.28389236,-6.62524423],[-42.29035467,-6.60123595],[-42.30236078,-6.60350392],[-42.30448586,-6.62526763],[-42.31750516,-6.61527727],[-42.33241639,-6.62860413],[-42.34804465,-6.62501769],[-42.34396382,-6.60929457],[-42.332947,-6.60513174],[-42.34653115,-6.59695004],[-42.35665426,-6.60703982],[-42.3745025,-6.6007943],[-42.37741599,-6.61224225],[-42.38779924,-6.6112664],[-42.39880144,-6.58294477],[-42.36363886,-6.58350071],[-42.35827739,-6.57176837],[-42.36360686,-6.56176733],[-42.35261432,-6.55297725],[-42.37144201,-6.52937921],[-42.38725721,-6.52596322],[-42.38250176,-6.51431676],[-42.38895623,-6.49790796],[-42.4066503,-6.50334692],[-42.41504222,-6.51966482],[-42.42169892,-6.51609583],[-42.42898935,-6.49648912],[-42.40213958,-6.48207965],[-42.40185534,-6.45137974],[-42.39466288,-6.44301979],[-42.41098741,-6.44255757],[-42.4187407,-6.41766248],[-42.45434785,-6.3946993],[-42.48266309,-6.40521941],[-42.48158662,-6.42572846],[-42.50683575,-6.43596072],[-42.51379342,-6.4286954],[-42.4980586,-6.39320169],[-42.52884854,-6.4073893],[-42.54367106,-6.42442154],[-42.56085863,-6.41725166],[-42.57996966,-6.42550138],[-42.60088496,-6.41556973],[-42.63465377,-6.42934157],[-42.66647807,-6.41496622],[-42.71393906,-6.43202423],[-42.73724913,-6.4215716],[-42.75176317,-6.43919538],[-42.7617793,-6.43538324],[-42.74854795,-6.40620782],[-42.751764,-6.36361538],[-42.77516929,-6.35798136],[-42.788034,-6.36697541],[-42.78302815,-6.42386051],[-42.78868894,-6.43171164],[-42.79878543,-6.43044844],[-42.81411554,-6.41075473],[-42.82875309,-6.40994613],[-42.84341617,-6.38864944],[-42.8523193,-6.39585211],[-42.86630504,-6.42825872],[-42.85815757,-6.50370019],[-42.87610307,-6.5988332],[-42.89944314,-6.62825356],[-42.89277623,-6.66075412],[-42.90610782,-6.67383697],[-42.90364017,-6.69173898],[-42.87012113,-6.70298642],[-42.85332896,-6.67955184],[-42.83957015,-6.6754316],[-42.83669829,-6.6597924],[-42.81709951,-6.65218513],[-42.81403188,-6.63784324],[-42.79903052,-6.62826739],[-42.79176517,-6.65459309],[-42.81097027,-6.66414432],[-42.81035605,-6.67108544],[-42.79643197,-6.6850719],[-42.73767114,-6.69144925],[-42.7256482,-6.72837072],[-42.73595858,-6.73354076],[-42.75688695,-6.71514148],[-42.77082534,-6.73345835],[-42.7832576,-6.73639958],[-42.76563625,-6.75783133],[-42.74648818,-6.75990045],[-42.74132992,-6.77058673],[-42.75218106,-6.78377355],[-42.7749583,-6.77067426],[-42.78349493,-6.77735709],[-42.76248572,-6.79164641],[-42.75703467,-6.81880392],[-42.77229944,-6.82493458],[-42.77778836,-6.84500316],[-42.7917411,-6.84790264],[-42.79763648,-6.86912357],[-42.78482577,-6.87426997],[-42.78622828,-6.88974617],[-42.77434954,-6.89507096],[-42.78870354,-6.90848011],[-42.76926661,-6.90973789],[-42.74313922,-6.89520909],[-42.73086453,-6.90027444],[-42.70696961,-6.889107],[-42.67571226,-6.91225492],[-42.67381601,-6.92645858],[-42.68115525,-6.96334558],[-42.7005979,-6.95789774],[-42.74927836,-6.96601902],[-42.74436289,-7.00349281],[-42.71691812,-7.02359345],[-42.72351815,-7.0308327],[-42.73738481,-7.02287036],[-42.74300544,-7.0335822],[-42.75960238,-7.03742601],[-42.74171133,-7.0545443],[-42.75642404,-7.05697642],[-42.75985369,-7.06658848],[-42.72756207,-7.07353356],[-42.72768982,-7.10885109],[-42.71320227,-7.14748661],[-42.74064061,-7.16544993],[-42.73293487,-7.17574868],[-42.73728743,-7.2134642],[-42.74761438,-7.232402],[-42.76218916,-7.23758986],[-42.75435001,-7.27342086],[-42.74401367,-7.25616547],[-42.73446639,-7.25408971],[-42.73392271,-7.26876516],[-42.72316823,-7.2782796],[-42.73478252,-7.29278323],[-42.72744433,-7.31398492],[-42.74047965,-7.33931565],[-42.72968866,-7.34869277],[-42.72825835,-7.36558303],[-42.76227456,-7.38285537],[-42.79509652,-7.37553078],[-42.7938709,-7.38873701],[-42.7804847,-7.39240216],[-42.78365485,-7.40227417],[-42.77658359,-7.41049261],[-42.80388183,-7.45615339],[-42.81474811,-7.4559787],[-42.83649204,-7.47493574],[-42.82980166,-7.49341712],[-42.83434456,-7.50686702],[-42.72966066,-7.52666404],[-42.71421895,-7.51875703],[-42.71695637,-7.49621889],[-42.70632665,-7.47796913],[-42.72103669,-7.44391149],[-42.70826128,-7.43378123],[-42.68867366,-7.44899038],[-42.676223,-7.43996339],[-42.6706993,-7.4154246],[-42.68704957,-7.39402993],[-42.66659669,-7.3845394],[-42.67395553,-7.35042026],[-42.6325952,-7.35396907],[-42.6156624,-7.33928025],[-42.59300486,-7.29967547],[-42.57551237,-7.33459693],[-42.57547802,-7.36244507],[-42.6116082,-7.36547568],[-42.60804318,-7.38304175],[-42.62462541,-7.39663381],[-42.61408407,-7.41665347],[-42.62514558,-7.42979096],[-42.62749918,-7.45429113],[-42.61952284,-7.47030846],[-42.62960872,-7.51280249],[-42.62349859,-7.52098911],[-42.61008379,-7.51805475],[-42.60888082,-7.53322265],[-42.5982056,-7.52194192],[-42.60654531,-7.47494356],[-42.58491536,-7.45134284],[-42.58416363,-7.42036705],[-42.54864232,-7.44100829],[-42.56327737,-7.48294168],[-42.58826631,-7.50467447],[-42.57519742,-7.54218248],[-42.58776331,-7.55245958],[-42.59364413,-7.59976597],[-42.60990314,-7.63017322],[-42.64554169,-7.63370801],[-42.65019913,-7.65708039],[-42.66856998,-7.67214317],[-42.66670144,-7.68674487],[-42.73780555,-7.67283143],[-42.7320123,-7.63954574],[-42.7547037,-7.63375783],[-42.78349887,-7.64663353],[-42.80067138,-7.62171703],[-42.8158398,-7.62961397],[-42.81985382,-7.64453745],[-42.8682816,-7.66413662],[-42.87017066,-7.64910382],[-42.88334009,-7.6381246],[-42.87974449,-7.61988989],[-42.89081692,-7.59713863],[-42.87507183,-7.58349585],[-42.88106933,-7.57247443],[-42.87778981,-7.55106379],[-42.90665327,-7.52896071],[-42.91957709,-7.53863148],[-42.93054867,-7.53505634],[-42.93603903,-7.51234387],[-42.96718551,-7.49708101],[-42.98332407,-7.52055465],[-43.00251592,-7.51807299],[-43.02286898,-7.49049294],[-43.03735084,-7.50721757],[-43.05719136,-7.5039518],[-43.10980323,-7.55410282],[-43.13297893,-7.55482825],[-43.14475127,-7.58774517],[-43.18573856,-7.5731284],[-43.18470564,-7.56617855],[-43.15308853,-7.55008177],[-43.15738998,-7.53842295],[-43.17669303,-7.53863932],[-43.17144376,-7.52386305],[-43.17741168,-7.51714354],[-43.20474583,-7.52345767],[-43.21667705,-7.54379043],[-43.23117891,-7.55069287],[-43.2253342,-7.56622969],[-43.19814363,-7.56649543],[-43.20213687,-7.58216132],[-43.22109848,-7.58609535],[-43.24889317,-7.55701803],[-43.25745356,-7.57419739],[-43.28862956,-7.57888929],[-43.2940973,-7.59770742],[-43.31110937,-7.59220426],[-43.3112835,-7.55768565],[-43.33472486,-7.56704178],[-43.33937078,-7.55441624],[-43.35100911,-7.55475217],[-43.35458569,-7.54578766],[-43.38211511,-7.53279956],[-43.38175968,-7.5552546],[-43.36248153,-7.57357323],[-43.39348723,-7.59393472],[-43.40689208,-7.57113604],[-43.44182245,-7.56575343],[-43.43812307,-7.55364927],[-43.45655241,-7.50704785],[-43.43951221,-7.49507145],[-43.44047169,-7.46112951],[-43.41345199,-7.42148856],[-43.41997678,-7.40489972],[-43.44346665,-7.40531842],[-43.46069581,-7.42076926],[-43.46076053,-7.40219459],[-43.47722635,-7.39273829],[-43.47748554,-7.37959936],[-43.49562432,-7.37634199],[-43.51458676,-7.38458467],[-43.53971507,-7.37833956],[-43.53683505,-7.36616536],[-43.50483093,-7.35620773],[-43.50957034,-7.33409367],[-43.53687008,-7.31859351],[-43.54097093,-7.35056459],[-43.55700976,-7.35022092],[-43.56004364,-7.34166574],[-43.5483987,-7.32520339],[-43.55336021,-7.31682505],[-43.5703599,-7.32601676],[-43.57792909,-7.31084642],[-43.59688649,-7.29872813],[-43.61187214,-7.30131182],[-43.62225625,-7.35755073],[-43.61770457,-7.36863108],[-43.6253917,-7.38175139],[-43.60853954,-7.3813057],[-43.60655793,-7.39244682],[-43.59276433,-7.39609],[-43.57349607,-7.38956023],[-43.56799727,-7.39893223],[-43.59818169,-7.4097389],[-43.59207426,-7.42675061],[-43.60419666,-7.43454773],[-43.6143897,-7.46621829],[-43.54951749,-7.45562736],[-43.53206059,-7.49445797],[-43.53703163,-7.50474364],[-43.55998785,-7.51046767],[-43.56851351,-7.52542817],[-43.59082089,-7.51932098],[-43.60931212,-7.53461415],[-43.59934112,-7.55540139],[-43.582737,-7.55420321],[-43.57184325,-7.54433956],[-43.57508542,-7.56261143],[-43.56269255,-7.57320019],[-43.52943081,-7.56403085],[-43.50965336,-7.54668023],[-43.50637972,-7.55961217],[-43.51949858,-7.57002937],[-43.50760221,-7.58598932],[-43.5147589,-7.60214634],[-43.50649772,-7.61393294],[-43.50926291,-7.62192742],[-43.54380682,-7.63474518],[-43.56784702,-7.62846322],[-43.57607185,-7.63723883],[-43.61356701,-7.6424389],[-43.62013873,-7.66110603],[-43.61363402,-7.68447428],[-43.65347193,-7.69544052],[-43.66459104,-7.69277036],[-43.66274081,-7.68252754],[-43.67076241,-7.67859276],[-43.68270272,-7.69652934],[-43.71326835,-7.7057488],[-43.70952999,-7.75514856],[-43.72586975,-7.75887703],[-43.72711463,-7.77456287],[-43.74057938,-7.77722791],[-43.76258716,-7.76818026],[-43.7773992,-7.77921274],[-43.7793573,-7.79435759],[-43.75752186,-7.80844824],[-43.76346344,-7.82133891],[-43.74060752,-7.83512068],[-43.75163773,-7.84552113],[-43.74460229,-7.86026852],[-43.7604078,-7.87297815],[-43.75847735,-7.89061837],[-43.78112968,-7.90130308],[-43.77150431,-7.92255977],[-43.77475825,-7.93225055],[-43.74146179,-7.93474925],[-43.7128295,-7.92464121],[-43.70355857,-7.93286145],[-43.71150001,-7.95209189],[-43.74154612,-7.94725133],[-43.76859153,-7.97724728],[-43.74898826,-7.98415382],[-43.73437121,-7.98004052],[-43.71550471,-7.99017676],[-43.6822701,-7.9883742],[-43.66678631,-7.99978456],[-43.66193772,-8.02067068],[-43.68071263,-8.05264779],[-43.67800385,-8.06199886],[-43.70176837,-8.07295641],[-43.71410883,-8.06103503],[-43.70199326,-8.04851885],[-43.71433769,-8.04176829],[-43.74174843,-8.06009909],[-43.74624472,-8.02861844],[-43.77144153,-8.02222521],[-43.76943328,-8.00290515],[-43.78301166,-8.00050567],[-43.80111455,-8.17569616],[-43.81484048,-8.21634263],[-43.82057601,-8.21418631],[-43.82273632,-8.16443181],[-43.85795278,-8.17205329],[-43.85941731,-8.18276924],[-43.88261986,-8.20140153],[-43.89561184,-8.19556218],[-43.95929977,-8.2003569],[-43.97845806,-8.18384328],[-44.00943456,-8.18487804],[-44.01756011,-8.17428038],[-44.0643583,-8.19085125],[-44.07730317,-8.18582913],[-44.09411909,-8.19479805],[-44.09109954,-8.20817917],[-44.10211339,-8.22336646],[-44.12209889,-8.23245361],[-44.11684512,-8.251391],[-44.10568885,-8.25879897],[-44.11534299,-8.28502768],[-44.0783037,-8.28082146],[-44.06464368,-8.29315257],[-44.05789625,-8.27765058],[-44.04400724,-8.28917341],[-44.00115942,-8.27479195],[-43.97184776,-8.27491104],[-43.93381048,-8.25753316],[-43.92321849,-8.26533956],[-43.93404663,-8.27541025],[-43.9282864,-8.29549595],[-43.9362594,-8.30794407],[-43.95279258,-8.31650573],[-43.96548426,-8.30223713],[-43.97997511,-8.31398045],[-43.99299817,-8.31074816],[-43.9959169,-8.29890917],[-44.01355004,-8.29932616],[-44.09361635,-8.31965187],[-44.11145391,-8.33745505],[-44.13606848,-8.31891234],[-44.15486628,-8.32142358],[-44.1910543,-8.3563859],[-44.23162084,-8.3622617],[-44.24406644,-8.38458783],[-44.2419453,-8.39525233],[-44.20574003,-8.4230588],[-44.21587433,-8.4511612],[-44.21121913,-8.45836213],[-44.19508803,-8.45752806],[-44.19108459,-8.47476007],[-44.16519001,-8.45670346],[-44.15274935,-8.46800054],[-44.14312797,-8.46370252],[-44.14851985,-8.4380247],[-44.133772,-8.42973252],[-44.11418041,-8.43309914],[-44.10365629,-8.4213884],[-44.08193952,-8.41917343],[-44.04997527,-8.44123309],[-43.99817632,-8.43263767],[-43.99632668,-8.47087113],[-44.00324789,-8.48664534],[-43.98530316,-8.49209662],[-44.00326985,-8.52041002],[-43.99225124,-8.55146248],[-43.97695118,-8.55639779],[-43.95106452,-8.53276611],[-43.91230666,-8.54715325],[-43.89971836,-8.54251693],[-43.89884662,-8.55350783],[-43.90990287,-8.559868],[-43.90147878,-8.58046502],[-43.92211134,-8.58792656],[-43.91757552,-8.60350822],[-43.89246902,-8.60991845],[-43.89346702,-8.62843452],[-43.87712552,-8.64195562],[-43.8649283,-8.629176],[-43.85879783,-8.64305004],[-43.8310189,-8.64410721],[-43.82602991,-8.6557305],[-43.85316384,-8.65849207],[-43.85425859,-8.6669206],[-43.83487482,-8.68617988],[-43.78841428,-8.69878788],[-43.78968625,-8.71993583],[-43.77865157,-8.7201758],[-43.7517612,-8.75429757],[-43.73908034,-8.75650512],[-43.74760893,-8.76456358],[-43.74583808,-8.77406549],[-43.73456035,-8.77396946],[-43.72324944,-8.80082937],[-43.69415032,-8.8223906],[-43.70057401,-8.83850852],[-43.71856369,-8.82176624],[-43.71869801,-8.81170204],[-43.73131461,-8.80899509],[-43.74097225,-8.79525852],[-43.76655465,-8.79247942],[-43.76974165,-8.78038458],[-43.80011637,-8.769716],[-43.82135364,-8.77326362],[-43.82602901,-8.76128315],[-43.83714256,-8.77137414],[-43.84944438,-8.76465811],[-43.85426066,-8.7734222],[-43.85314082,-8.78179891],[-43.83533774,-8.79018878],[-43.83609174,-8.79954897],[-43.8193164,-8.80751223],[-43.82771569,-8.82208405],[-43.81557371,-8.84372823],[-43.83362506,-8.84689142],[-43.83200011,-8.86126984],[-43.81551821,-8.86179054],[-43.80824932,-8.87000554],[-43.76624815,-8.85900275],[-43.7604146,-8.84933133],[-43.74243968,-8.85626906],[-43.7298457,-8.85204288],[-43.69149815,-8.89341294],[-43.66682013,-8.90838112],[-43.67393401,-8.93011205],[-43.66331185,-8.94224132],[-43.68182068,-8.95117865],[-43.68154376,-8.96641186],[-43.70939789,-8.9653679],[-43.73712398,-8.94718307],[-43.76503207,-8.9435298],[-43.78369092,-8.9513165],[-43.7887475,-8.96183274],[-43.77467562,-8.96447831],[-43.7596372,-8.98624711],[-43.74218833,-8.9790391],[-43.73339457,-8.98398556],[-43.732492,-8.99326872],[-43.7559095,-8.99778461],[-43.75344308,-9.00794306],[-43.69907042,-9.01803337],[-43.67541764,-9.06536791],[-43.69255826,-9.0716015],[-43.69909026,-9.06033391],[-43.74324335,-9.0354747],[-43.74665003,-9.02495881],[-43.77029866,-9.01866388],[-43.79796602,-9.02438479],[-43.80731438,-9.00949373],[-43.81992624,-9.0463325],[-43.8150996,-9.06433333],[-43.83265164,-9.0726495],[-43.82023754,-9.08584123],[-43.82579783,-9.14660112],[-43.84024391,-9.15262411],[-43.84357869,-9.13279187],[-43.83242764,-9.09667539],[-43.84931548,-9.0923199],[-43.85511843,-9.04744482],[-43.84138213,-9.00249813],[-43.86826264,-8.97965536],[-43.87935934,-9.00601022],[-43.89267096,-9.00873598],[-43.90443273,-9.02321047],[-43.90921296,-9.03826556],[-43.89408154,-9.05026471],[-43.91309785,-9.07416437],[-43.90807773,-9.0861283],[-43.93181729,-9.07795192],[-43.94264756,-9.08855629],[-43.93953608,-9.10727043],[-43.89481629,-9.13239855],[-43.88860801,-9.15361175],[-43.90581745,-9.15842408],[-43.921222,-9.13773744],[-43.93739283,-9.13594831],[-43.94374627,-9.12714003],[-43.95511615,-9.15663244],[-43.94751633,-9.17404459],[-43.91578311,-9.18713383],[-43.90386398,-9.20096679],[-43.95155805,-9.18682944],[-43.95416459,-9.20049432],[-43.96601361,-9.20250463],[-43.97105522,-9.17499634],[-43.99183802,-9.15733464],[-43.96393685,-9.10833681],[-43.97534678,-9.08345071],[-43.99572211,-9.08393678],[-43.99787508,-9.07125407],[-43.98922487,-9.05445933],[-43.96520684,-9.05300086],[-43.96115831,-9.03912178],[-43.98405309,-9.03603994],[-43.99431651,-9.02574511],[-44.02402007,-9.02614033],[-44.0221455,-9.06667665],[-43.99335623,-9.11500879],[-43.99680658,-9.13236062],[-44.03507864,-9.15879791],[-44.04292316,-9.18177413],[-44.06315815,-9.17199223],[-44.07880482,-9.17527704],[-44.09051273,-9.16395625],[-44.09686323,-9.17538441],[-44.09138563,-9.18560665],[-44.10883921,-9.18285177],[-44.11036753,-9.19671651],[-44.12737309,-9.21488787],[-44.08748779,-9.24155773],[-44.08956377,-9.25646776],[-44.06696631,-9.25979474],[-44.05427697,-9.25345695],[-44.0604655,-9.2792044],[-44.05338149,-9.29111863],[-44.03859317,-9.26245376],[-44.03031153,-9.26841544],[-44.03005446,-9.28296999],[-44.00021478,-9.28268062],[-43.97811714,-9.29831586],[-44.02629891,-9.29618478],[-44.04510678,-9.32179727],[-44.10517834,-9.29168797],[-44.12765204,-9.28790597],[-44.13921326,-9.29336277],[-44.14201698,-9.30667211],[-44.1267529,-9.32784804],[-44.15538265,-9.32263354],[-44.17665494,-9.34741409],[-44.13202558,-9.39416752],[-44.10085826,-9.40984067],[-44.09341233,-9.42855309],[-44.08124807,-9.43236558],[-44.07063331,-9.42492831],[-44.06279798,-9.43983887],[-44.03512018,-9.45711396],[-43.97484153,-9.44927959],[-43.955769,-9.45721137],[-43.95170598,-9.46683937],[-43.91937845,-9.46734298],[-43.91241353,-9.49000275],[-43.88522743,-9.4957972],[-43.89001273,-9.5230877],[-43.88243794,-9.53506239],[-43.85989716,-9.5436704],[-43.84950619,-9.57701442],[-43.83973424,-9.57675125],[-43.83628559,-9.56221983],[-43.823279,-9.55856475],[-43.81703221,-9.54510768],[-43.80127387,-9.54528967],[-43.79464222,-9.55715549],[-43.82106756,-9.57974663],[-43.81979725,-9.59533195],[-43.84208256,-9.61641821],[-43.85343994,-9.65031923],[-43.87404286,-9.65252679],[-43.88542163,-9.67311342],[-43.90166794,-9.67702245],[-43.9081355,-9.69026324],[-43.9366081,-9.70792262],[-43.94578593,-9.70717098],[-43.94816484,-9.72796635],[-43.97054934,-9.73402686],[-43.9881753,-9.72696964],[-44.00674264,-9.73423723],[-44.01067219,-9.75617092],[-44.0000605,-9.76579782],[-44.0007693,-9.78025068],[-44.02115756,-9.78630175],[-44.03497821,-9.77947947],[-44.05465685,-9.78595865],[-44.06529218,-9.79982965],[-44.09264278,-9.78404186],[-44.08497125,-9.8145901],[-44.09935188,-9.82316271],[-44.13805237,-9.78944702],[-44.15494694,-9.79597387],[-44.15752117,-9.8155491],[-44.18038331,-9.81120768],[-44.19301554,-9.81905118],[-44.20983554,-9.78786733],[-44.21950433,-9.78368956],[-44.21940193,-9.76847039],[-44.17265793,-9.77229352],[-44.16940196,-9.76092404],[-44.15227587,-9.75257201],[-44.15003313,-9.73793843],[-44.124981,-9.75058251],[-44.11461236,-9.73521192],[-44.10479953,-9.75149254],[-44.09355799,-9.74649163],[-44.08792336,-9.73974404],[-44.09935813,-9.72709325],[-44.09769908,-9.70954018],[-44.09099159,-9.70445894],[-44.07069065,-9.71059412],[-44.06762535,-9.69774896],[-44.05203021,-9.69676487],[-44.06337582,-9.65059783],[-44.03557252,-9.6688838],[-43.99570797,-9.63440977],[-43.97158628,-9.64031142],[-43.95592214,-9.6354744],[-43.94291431,-9.60542756],[-43.94254014,-9.56950445],[-43.96407229,-9.56390522],[-43.96198002,-9.54908365],[-43.97902628,-9.50527932],[-43.99863432,-9.48743714],[-44.01263239,-9.48355561],[-44.02636207,-9.49063365],[-44.02661578,-9.51159387],[-44.04428792,-9.51652853],[-44.04915332,-9.47417645],[-44.06846033,-9.4711552],[-44.09256774,-9.44637722],[-44.117711,-9.46112613],[-44.11873377,-9.48014715],[-44.13332752,-9.48948694],[-44.15089015,-9.48269666],[-44.15783101,-9.49269894],[-44.1859584,-9.48460745],[-44.21269075,-9.49148742],[-44.21631995,-9.49944033],[-44.16300876,-9.52867701],[-44.15083964,-9.527516],[-44.15449505,-9.54149656],[-44.14558504,-9.54794399],[-44.12405719,-9.53996157],[-44.10517526,-9.54763062],[-44.10620717,-9.55959957],[-44.11900832,-9.55653779],[-44.13672621,-9.56862538],[-44.15998763,-9.57069296],[-44.16105869,-9.54891856],[-44.1724767,-9.53875005],[-44.18255103,-9.55128015],[-44.24636651,-9.50876116],[-44.29206022,-9.50760477],[-44.30473099,-9.53159065],[-44.29610347,-9.53816557],[-44.29146544,-9.56680531],[-44.25798987,-9.59719407],[-44.25751183,-9.60830539],[-44.29227101,-9.60011172],[-44.30112869,-9.57563262],[-44.31723364,-9.5802005],[-44.32375065,-9.61620099],[-44.3658561,-9.64027106],[-44.38531402,-9.65769484],[-44.39137322,-9.67706594],[-44.41746895,-9.68471697],[-44.42626758,-9.6974743],[-44.37181713,-9.6967817],[-44.36206992,-9.71825539],[-44.31551408,-9.71227667],[-44.30240743,-9.71900917],[-44.33303902,-9.73632865],[-44.34216281,-9.73259028],[-44.36024501,-9.7412496],[-44.3575693,-9.75650591],[-44.39140297,-9.78282871],[-44.42347777,-9.78015794],[-44.43706997,-9.79194563],[-44.44340521,-9.78441394],[-44.44066818,-9.7609038],[-44.46284077,-9.74349817],[-44.46916076,-9.76590322],[-44.48560839,-9.73757263],[-44.50181733,-9.74382953],[-44.50736856,-9.75761231],[-44.54045309,-9.75610479],[-44.54332947,-9.77267056],[-44.58008754,-9.79474538],[-44.57339729,-9.81079491],[-44.57919064,-9.82233067],[-44.55016672,-9.84657833],[-44.55382096,-9.86129191],[-44.56824937,-9.86223926],[-44.57563214,-9.84395374],[-44.60347689,-9.82635057],[-44.61354981,-9.8311178],[-44.58625953,-9.86975495],[-44.61690651,-9.89817042],[-44.59506218,-9.92813714],[-44.60381918,-9.9490084],[-44.62081584,-9.97412866],[-44.65163385,-9.98020853],[-44.63536535,-9.98918145],[-44.62613344,-10.00807133],[-44.65052204,-10.02296557],[-44.65925474,-10.05947669],[-44.65121287,-10.06888245],[-44.66003055,-10.08726074],[-44.64854519,-10.11282317],[-44.65428528,-10.12877514],[-44.64925352,-10.16681376],[-44.65767229,-10.18140913],[-44.67931106,-10.19093631],[-44.71105333,-10.18635492],[-44.70739476,-10.19675776],[-44.68609247,-10.20699516],[-44.65350942,-10.21125719],[-44.64096978,-10.20310164],[-44.63865053,-10.21015759],[-44.66126365,-10.22403046],[-44.67760672,-10.22319209],[-44.69412831,-10.24449426],[-44.70413086,-10.24275183],[-44.72625292,-10.21410006],[-44.7380976,-10.21412592],[-44.7382763,-10.22478129],[-44.71688714,-10.23931762],[-44.71128067,-10.25770502],[-44.71758337,-10.26589375],[-44.7063095,-10.28677177],[-44.72846837,-10.30133773],[-44.74607428,-10.30054532],[-44.79387561,-10.37573841],[-44.81186169,-10.3743462],[-44.81552853,-10.39001904],[-44.83702721,-10.39335672],[-44.83918147,-10.40069903],[-44.82560817,-10.40758088],[-44.83659815,-10.42930196],[-44.84723284,-10.43067811],[-44.85824953,-10.42089792],[-44.86436606,-10.42823809],[-44.88362911,-10.42325065],[-44.89848269,-10.43227228],[-44.8680185,-10.44034648],[-44.85799168,-10.4576515],[-44.86846826,-10.47626228],[-44.86556738,-10.48766615],[-44.89470571,-10.49716264],[-44.89791257,-10.51973639],[-44.87367781,-10.51547565],[-44.86618039,-10.52447646],[-44.85243848,-10.51914954],[-44.84246212,-10.48315991],[-44.81077956,-10.46616706],[-44.80749314,-10.45249005],[-44.79127212,-10.44550104],[-44.78238694,-10.46999163],[-44.76602122,-10.47577742],[-44.77487933,-10.48821786],[-44.76002001,-10.50775209],[-44.74076137,-10.51145605],[-44.73358555,-10.53655838],[-44.71323,-10.53997466],[-44.72070787,-10.55412181],[-44.70315095,-10.56701365],[-44.67325655,-10.57374553],[-44.68479413,-10.59143963],[-44.68374132,-10.60594722],[-44.72334335,-10.64863075],[-44.71972973,-10.66277517],[-44.75083748,-10.67860397],[-44.78347012,-10.6642444],[-44.76618432,-10.68898358],[-44.7653591,-10.70400025],[-44.77734494,-10.71435097],[-44.80942115,-10.79609156],[-44.84818781,-10.85032187],[-44.84630767,-10.85938073],[-44.87398245,-10.88157394],[-44.86722197,-10.89206937],[-44.88111966,-10.92048588],[-44.86229475,-10.92175534],[-44.85751168,-10.89624092],[-44.8396736,-10.88050891],[-44.83698675,-10.86757001],[-44.82108915,-10.86253589],[-44.82224678,-10.84092325],[-44.80786171,-10.82711965],[-44.81037754,-10.80884142],[-44.77721408,-10.78941047],[-44.76800967,-10.74335443],[-44.74793186,-10.72774112],[-44.74163545,-10.73896468],[-44.75386898,-10.75173986],[-44.75434212,-10.7691865],[-44.73997607,-10.76730849],[-44.72272165,-10.73509747],[-44.72565755,-10.70908509],[-44.70709679,-10.68234692],[-44.69224601,-10.6829533],[-44.69093409,-10.6716126],[-44.66686363,-10.65493858],[-44.66297373,-10.64588706],[-44.66953,-10.63459567],[-44.65774399,-10.62922796],[-44.64591822,-10.64393984],[-44.61190273,-10.61901118],[-44.59350577,-10.62902611],[-44.57631572,-10.61979441],[-44.57308247,-10.60339344],[-44.54669375,-10.60547576],[-44.52325097,-10.58780366],[-44.49138161,-10.6182172],[-44.47905964,-10.62078129],[-44.4737021,-10.61426106],[-44.47815223,-10.59954451],[-44.44792953,-10.55319432],[-44.41060592,-10.53478538],[-44.41542315,-10.56495295],[-44.42711306,-10.58342677],[-44.42330342,-10.58988683],[-44.41309054,-10.58700551],[-44.39630932,-10.56247149],[-44.36494596,-10.54475457],[-44.35313096,-10.52831637],[-44.36093044,-10.51392738],[-44.35690306,-10.48149607],[-44.37629635,-10.47342221],[-44.36762621,-10.44785596],[-44.34461108,-10.44929133],[-44.33644761,-10.45865865],[-44.34173941,-10.47329315],[-44.33373071,-10.47825036],[-44.32589408,-10.47044656],[-44.31123954,-10.47379432],[-44.31472538,-10.48718079],[-44.30687831,-10.49169089],[-44.29814095,-10.52136054],[-44.301874,-10.53580817],[-44.29023378,-10.53279876],[-44.277676,-10.50830275],[-44.26463472,-10.53028785],[-44.26757625,-10.60163252],[-44.25767649,-10.61059006],[-44.24983054,-10.58826437],[-44.21019778,-10.62913759],[-44.21941948,-10.65363943],[-44.24385405,-10.65659706],[-44.25611178,-10.66746547],[-44.27357181,-10.65137428],[-44.28276788,-10.65437847],[-44.26141049,-10.6792845],[-44.26560484,-10.68541652],[-44.28806285,-10.6768911],[-44.29214787,-10.68801977],[-44.30189779,-10.69037413],[-44.31453131,-10.67342825],[-44.3397725,-10.67793646],[-44.35278335,-10.67195467],[-44.39574561,-10.68547283],[-44.39490101,-10.70000602],[-44.38547659,-10.69176522],[-44.36011249,-10.68977995],[-44.33300407,-10.70244118],[-44.32799499,-10.71318698],[-44.34035965,-10.73388466],[-44.3796466,-10.74489111],[-44.38343163,-10.77813334],[-44.37075241,-10.81628388],[-44.37882395,-10.82514521],[-44.39600007,-10.80903046],[-44.4083071,-10.82008669],[-44.42026069,-10.81407152],[-44.44759453,-10.77329693],[-44.48829582,-10.78099167],[-44.50456728,-10.79846478],[-44.52598549,-10.78536684],[-44.56435035,-10.79720665],[-44.58228644,-10.79131356],[-44.59435496,-10.80209045],[-44.60792775,-10.7977609],[-44.64075886,-10.81235642],[-44.64260224,-10.84809486],[-44.65143116,-10.86208073],[-44.67949653,-10.86536893],[-44.68345965,-10.87551303],[-44.71181562,-10.88493587],[-44.72471341,-10.90014256],[-44.77541876,-10.91104851],[-44.77572497,-10.91862521],[-44.76238521,-10.92571435],[-44.7676392,-10.9463318],[-44.76093588,-10.95778988],[-44.77814607,-10.95935538],[-44.78536682,-10.9710359],[-44.78185028,-10.98218084],[-44.79936353,-10.99241824],[-44.79264857,-11.00760554],[-44.77117826,-11.02349747],[-44.78056742,-11.03242781],[-44.77297502,-11.04889526],[-44.73695291,-11.08629307],[-44.7106941,-11.09169196],[-44.68496491,-11.08214131],[-44.67253327,-11.12540581],[-44.66403874,-11.12751724],[-44.65862486,-11.11210876],[-44.64007662,-11.11377882],[-44.6466055,-11.08340787],[-44.62107486,-11.08365806],[-44.62450787,-11.066746],[-44.63558131,-11.05700578],[-44.60847998,-11.02672432],[-44.59706801,-11.04712244],[-44.60851978,-11.07636404],[-44.59558563,-11.08621381],[-44.56787288,-11.07134565],[-44.57128238,-11.05711711],[-44.54635064,-11.04292528],[-44.5416437,-11.02178467],[-44.52176307,-11.02764814],[-44.50820918,-11.01332909],[-44.46190197,-11.00380831],[-44.43908468,-11.00807069],[-44.42764582,-10.9950579],[-44.35704551,-11.03538646],[-44.35149119,-11.0019149],[-44.33976333,-10.98754492],[-44.33706943,-10.96071386],[-44.32500671,-10.93871925],[-44.34283426,-10.89810494],[-44.32929022,-10.88315973],[-44.28666374,-10.87163141],[-44.2592227,-10.90695227],[-44.24228304,-10.94733221],[-44.20908548,-10.97239705],[-44.20318493,-10.99390961],[-44.18933551,-10.99504277],[-44.14137293,-10.92818798],[-44.13869764,-10.91048405],[-44.14707217,-10.89913969],[-44.1382897,-10.88469824],[-44.13800291,-10.8543526],[-44.12540144,-10.8538591],[-44.10143866,-10.86672161],[-44.08122694,-10.93990522],[-44.05151003,-10.96960894],[-44.0590195,-10.98364368],[-44.05788824,-10.99679325],[-44.04617931,-11.00419349],[-44.05525238,-11.02610626],[-44.05304377,-11.04711737],[-44.0271273,-11.0674378],[-43.99711274,-11.06364211],[-44.00004708,-11.07515362],[-44.01699172,-11.07814622],[-44.01941839,-11.09525248],[-44.0045653,-11.12066492],[-44.01210905,-11.15137724],[-44.00751729,-11.168515],[-43.99518369,-11.17911048],[-43.99500328,-11.19331303],[-43.96688975,-11.19437178],[-43.95050146,-11.21577692],[-43.9366444,-11.2180034],[-43.90853093,-11.24697726],[-43.90969218,-11.25898566],[-43.8758394,-11.30132006],[-43.87562859,-11.31077023],[-43.8356987,-11.35519377],[-43.84050417,-11.39068695],[-43.86394545,-11.40405008],[-43.86169309,-11.42575239],[-43.8747564,-11.45020765],[-43.89829919,-11.45662772],[-43.93118638,-11.44719099],[-43.95223851,-11.45713861],[-43.97839737,-11.50149256],[-44.02686779,-11.52240659],[-44.02774219,-11.55086185],[-44.03673346,-11.56460658],[-44.07573349,-11.57866213],[-44.06880573,-11.60583061],[-44.08727421,-11.62471415],[-44.13019262,-11.61289232],[-44.14856811,-11.62078945],[-44.16710442,-11.65182145],[-44.1626146,-11.6766134],[-44.17613616,-11.69105021],[-44.18278905,-11.71563144],[-44.22145619,-11.71935108],[-44.2326735,-11.76159229],[-44.24640838,-11.77693998],[-44.29352,-11.78249721],[-44.32360039,-11.81088041],[-44.33520917,-11.81293634],[-44.38141982,-11.79548591],[-44.41975412,-11.79222689],[-44.43851673,-11.76288434],[-44.45570641,-11.76224768],[-44.50646759,-11.72461345],[-44.56191973,-11.73254951],[-44.58967551,-11.72258733],[-44.63852266,-11.7369322],[-44.67227054,-11.77261154],[-44.68429193,-11.80830587],[-44.72077877,-11.83049608],[-44.72800704,-11.85780787],[-44.74859154,-11.86266636],[-44.76780064,-11.87899113],[-44.80021569,-11.88036596],[-44.82473092,-11.91056665],[-44.81759705,-11.93239194],[-44.84026615,-11.9442231],[-44.84812572,-11.9364004],[-44.86170042,-11.94307333],[-44.88464195,-11.99309228],[-44.90200295,-12.01521546],[-44.91799608,-12.02186617],[-44.90625062,-12.04190148],[-44.93569808,-12.05341988],[-44.94571917,-12.07679403],[-44.88728792,-12.12183856],[-44.87280321,-12.10540321],[-44.85716357,-12.11199414],[-44.86286382,-12.12650867],[-44.84892084,-12.12909031],[-44.84101535,-12.1402116],[-44.82031529,-12.11869705],[-44.82823811,-12.10266436],[-44.81028302,-12.10556773],[-44.7950128,-12.08165766],[-44.78123144,-12.08030922],[-44.77628579,-12.09456726],[-44.74672419,-12.09279325],[-44.7373212,-12.07175782],[-44.71860641,-12.06881763],[-44.70211749,-12.0799854],[-44.71080983,-12.10790505],[-44.69659689,-12.12043995],[-44.7041349,-12.13483775],[-44.69863828,-12.14809778],[-44.69316932,-12.13938033],[-44.65949954,-12.13194677],[-44.64680264,-12.11189742],[-44.62984782,-12.12459531],[-44.61729829,-12.11478204],[-44.64323829,-12.1011805],[-44.67484004,-12.06096944],[-44.67230276,-12.05418157],[-44.65681903,-12.05701307],[-44.64187689,-12.07307892],[-44.62052064,-12.07401445],[-44.61968022,-12.08296979],[-44.60831809,-12.08808483],[-44.61111163,-12.10013384],[-44.58848062,-12.11002705],[-44.59063501,-12.13175854],[-44.56333372,-12.13135508],[-44.55230377,-12.10217409],[-44.57336882,-12.08830764],[-44.5602517,-12.07630374],[-44.60270041,-12.0491498],[-44.58004454,-12.04674009],[-44.57540873,-12.03740581],[-44.55107012,-12.03774109],[-44.51326883,-12.04644069],[-44.51728799,-12.05965949],[-44.50587183,-12.06729092],[-44.51067812,-12.07966628],[-44.49414683,-12.07622555],[-44.4836323,-12.08688727],[-44.46393716,-12.08089083],[-44.44428943,-12.09332535],[-44.44788086,-12.10508822],[-44.46733767,-12.11841951],[-44.45440751,-12.13346376],[-44.39936114,-12.10999657],[-44.39448943,-12.13841744],[-44.37787554,-12.12059763],[-44.35368629,-12.12159661],[-44.33504058,-12.09913158],[-44.31774281,-12.10830613],[-44.30807122,-12.10058658],[-44.3099541,-12.09025949],[-44.29655649,-12.08690977],[-44.29253261,-12.11537173],[-44.28416228,-12.12351215],[-44.25803382,-12.10846031],[-44.24653154,-12.11239588],[-44.24224771,-12.12390817],[-44.17268186,-12.08184149],[-44.16840495,-12.0590144],[-44.15191783,-12.0561785],[-44.13580902,-12.06549564],[-44.12429184,-12.04762683],[-44.1110725,-12.04230122],[-44.09296738,-12.04634643],[-44.08788795,-12.05766323],[-44.06338572,-12.05586702],[-44.03810033,-12.04139797],[-44.04632172,-12.06853179],[-44.03024393,-12.08000611],[-44.04381443,-12.09441578],[-44.03596094,-12.11645519],[-44.04896631,-12.11682916],[-44.05548408,-12.12982158],[-44.0501068,-12.14114535],[-44.0190453,-12.13259724],[-44.01360292,-12.13813789],[-44.04220332,-12.1550016],[-44.04326432,-12.16601618],[-44.01971299,-12.17630047],[-43.99968485,-12.17214305],[-43.97366736,-12.15228707],[-43.97267751,-12.17991318],[-43.93570466,-12.16769966],[-43.92775476,-12.17196872],[-43.94874374,-12.19393431],[-43.945351,-12.21892399],[-43.93372912,-12.21402726],[-43.9186887,-12.21986639],[-43.88102408,-12.20506564],[-43.88335414,-12.21826022],[-43.86024395,-12.21725767],[-43.85686833,-12.23750537],[-43.84119331,-12.24412541],[-43.85209313,-12.24920323],[-43.85928617,-12.2913099],[-43.85003122,-12.29933643],[-43.86442609,-12.31352748],[-43.84750936,-12.31832124],[-43.8533681,-12.35528859],[-43.84530184,-12.36819817],[-43.85198797,-12.37570697],[-43.87000492,-12.37435704],[-43.8767362,-12.38509435],[-43.86273704,-12.39977123],[-43.9278615,-12.39152315],[-43.89403143,-12.36729191],[-43.88331689,-12.34770167],[-43.89475449,-12.33708184],[-43.94221271,-12.35636619],[-43.93876831,-12.3695547],[-43.96239704,-12.38061493],[-43.96942678,-12.40064674],[-43.95708664,-12.40434517],[-43.95385144,-12.42512434],[-43.93557029,-12.42320201],[-43.95263126,-12.44368774],[-43.94643253,-12.45729591],[-43.95712797,-12.46158738],[-43.97984598,-12.4542496],[-43.99096708,-12.46559883],[-43.98317882,-12.47503455],[-43.98792227,-12.48087076],[-44.01440552,-12.46564531],[-44.03230486,-12.47218794],[-44.03148242,-12.52338445],[-44.00026638,-12.5328249],[-44.03910607,-12.55533101],[-44.02995681,-12.56404594],[-44.04387555,-12.57702018],[-44.0410322,-12.59040218],[-44.06053959,-12.59783172],[-44.06524973,-12.60788281],[-44.05011098,-12.6244139],[-44.07307409,-12.64155131],[-44.0711482,-12.65241036],[-44.08965532,-12.67408656],[-44.16237177,-12.69372329],[-44.16070856,-12.70496461],[-44.1389451,-12.71167686],[-44.15223081,-12.72808802],[-44.14922673,-12.74022306],[-44.12585591,-12.74282986],[-44.11598783,-12.76682928],[-44.08736904,-12.77167462],[-44.12466754,-12.78696685],[-44.12029931,-12.80620201],[-44.09970934,-12.81146498],[-44.12118411,-12.82518922],[-44.0976248,-12.83315236],[-44.09181502,-12.84344362],[-44.13373021,-12.83962939],[-44.14040893,-12.85090064],[-44.1196132,-12.86076847],[-44.11038077,-12.88962108],[-44.09876002,-12.88681671],[-44.07702795,-12.8988622],[-44.08727344,-12.91530412],[-44.1134517,-12.90710294],[-44.12706239,-12.92480323],[-44.14396091,-12.91711323],[-44.1285011,-12.90450745],[-44.13518401,-12.8897542],[-44.15198722,-12.90877324],[-44.16356063,-12.90162973],[-44.16233353,-12.91743131],[-44.19103066,-12.95042972],[-44.18677419,-12.958151],[-44.17087482,-12.95837842],[-44.20744705,-13.00166152],[-44.1949179,-13.00852788],[-44.19548489,-13.02067722],[-44.17561168,-13.0200029],[-44.16463582,-13.04209569],[-44.21115621,-13.03056479],[-44.21070867,-13.04317554],[-44.23227207,-13.05184611],[-44.2096382,-13.06067869],[-44.22478434,-13.08223463],[-44.20667461,-13.08296672],[-44.20829526,-13.09598146],[-44.19076975,-13.10315797],[-44.18647447,-13.11552799],[-44.21199964,-13.14852848],[-44.20539363,-13.15884893],[-44.20894381,-13.17105986],[-44.22649881,-13.16370976],[-44.22097731,-13.19096348],[-44.24811145,-13.18093231],[-44.24626458,-13.19581684],[-44.21951404,-13.22688485],[-44.22728355,-13.23557807],[-44.21562517,-13.26649485],[-44.22658542,-13.33426667],[-44.24472881,-13.33328593],[-44.25165952,-13.32294288],[-44.25818581,-13.29460648],[-44.26808256,-13.29031457],[-44.25777984,-13.27265663],[-44.26653679,-13.25853257],[-44.26414876,-13.2418211],[-44.29231093,-13.21320167],[-44.2844957,-13.24989694],[-44.28899778,-13.25790739],[-44.27992266,-13.26912203],[-44.28765537,-13.30752976],[-44.3140862,-13.33378628],[-44.33281683,-13.31364103],[-44.33119328,-13.33028982],[-44.3515635,-13.33981337],[-44.35854409,-13.33236046],[-44.35371336,-13.32030069],[-44.3737918,-13.31446203],[-44.36723927,-13.29972422],[-44.37838549,-13.28594779],[-44.35321216,-13.26065203],[-44.36063205,-13.24126488],[-44.37095406,-13.23552535],[-44.37857313,-13.24561787],[-44.3926144,-13.24250393],[-44.4106521,-13.25898535],[-44.42019837,-13.24951535],[-44.4038299,-13.23072929],[-44.41566009,-13.22312366],[-44.42339332,-13.22609843],[-44.42295311,-13.23746859],[-44.44122305,-13.24624756],[-44.45618836,-13.2426739],[-44.46154912,-13.25194288],[-44.47738872,-13.23684667],[-44.48698673,-13.23891697],[-44.48577116,-13.21403556],[-44.50601418,-13.21239018],[-44.48502421,-13.19571228],[-44.4976907,-13.18641124],[-44.49489954,-13.17638552],[-44.50610387,-13.16537628],[-44.49685831,-13.1571495],[-44.50478563,-13.14313906],[-44.52538694,-13.1630839],[-44.54466116,-13.14549789],[-44.55684493,-13.14768476],[-44.56235473,-13.10941412],[-44.5966542,-13.10059743],[-44.61902743,-13.0830459],[-44.63266105,-13.09166469],[-44.61996435,-13.14618113],[-44.63058468,-13.16440071],[-44.64731536,-13.158491],[-44.66375049,-13.14304674],[-44.66334895,-13.13373686],[-44.68430352,-13.12038653],[-44.69197511,-13.12761739],[-44.66591917,-13.15855878],[-44.68273268,-13.16662637],[-44.68354343,-13.17636555],[-44.66352386,-13.17518028],[-44.64967716,-13.19569252],[-44.65799477,-13.20651215],[-44.63498373,-13.2123535],[-44.63410825,-13.22305305],[-44.62184086,-13.23025841],[-44.62459938,-13.23843022],[-44.65312501,-13.23650535],[-44.66417173,-13.25798766],[-44.65242528,-13.27506804],[-44.63800446,-13.2809166],[-44.60438356,-13.26779928],[-44.60437324,-13.28487717],[-44.59549555,-13.29236878],[-44.61381411,-13.29707488],[-44.61429659,-13.31018513],[-44.63154721,-13.32312596],[-44.64828916,-13.32493825],[-44.66608926,-13.31276583],[-44.67271395,-13.3364571],[-44.64529729,-13.3499916],[-44.62919269,-13.36809091],[-44.61047915,-13.36853064],[-44.58815439,-13.38358257],[-44.58852147,-13.39918771],[-44.60598352,-13.42412848],[-44.62137053,-13.4287607],[-44.62387435,-13.44381658],[-44.63944614,-13.42137953],[-44.65187295,-13.43346577],[-44.66143469,-13.42290404],[-44.68682579,-13.42585081],[-44.65798828,-13.44587151],[-44.65560605,-13.45794925],[-44.67056869,-13.46724679],[-44.68497819,-13.46217297],[-44.6946461,-13.47459875],[-44.71555073,-13.4775493],[-44.72738856,-13.51325296],[-44.74079115,-13.52284865],[-44.74012046,-13.53179207],[-44.72803331,-13.53853901],[-44.71288481,-13.5288748],[-44.70058983,-13.53184422],[-44.69953795,-13.55008244],[-44.68362443,-13.55594832],[-44.675121,-13.54005494],[-44.66206305,-13.54522968],[-44.66037155,-13.52502119],[-44.65283984,-13.51886731],[-44.6354006,-13.55570002],[-44.62312378,-13.54787958],[-44.615218,-13.52910297],[-44.60116219,-13.53657093],[-44.59069459,-13.51973718],[-44.59598327,-13.49954736],[-44.59020584,-13.49469086],[-44.5765941,-13.50741261],[-44.55432159,-13.49885489],[-44.54193113,-13.48310307],[-44.52249449,-13.50807087],[-44.52463215,-13.52104792],[-44.50564288,-13.5389107],[-44.49524881,-13.52827624],[-44.4789194,-13.53103542],[-44.47661566,-13.50355154],[-44.45492146,-13.49803995],[-44.44445702,-13.50861433],[-44.43574543,-13.4968578],[-44.39042266,-13.48003149],[-44.38983857,-13.5287585],[-44.43021576,-13.57166327],[-44.45673898,-13.56975703],[-44.46092227,-13.55567602],[-44.47434622,-13.55121733],[-44.480302,-13.56485193],[-44.48960123,-13.56093827],[-44.50153684,-13.56969343],[-44.53422943,-13.57204863],[-44.53290964,-13.59403869],[-44.51214137,-13.60578624],[-44.50372137,-13.63249971],[-44.56175682,-13.64671942],[-44.57434486,-13.63690699],[-44.57946883,-13.66443134],[-44.60500551,-13.65515599],[-44.60525625,-13.6688437],[-44.59282722,-13.67544938],[-44.59960747,-13.69452005],[-44.63599388,-13.70942791],[-44.63784957,-13.72061378],[-44.62448549,-13.7217789],[-44.60652854,-13.70734515],[-44.57079814,-13.70453526],[-44.55544739,-13.69504647],[-44.5356215,-13.70209652],[-44.50670198,-13.7322426],[-44.49388748,-13.71618145],[-44.47659215,-13.71310386],[-44.46351624,-13.74684433],[-44.47153049,-13.76477717],[-44.45878604,-13.767598],[-44.45644887,-13.78900433],[-44.477295,-13.7938029],[-44.47764916,-13.80366167],[-44.45254746,-13.81964604],[-44.46800641,-13.85429144],[-44.44925683,-13.85961817],[-44.44055527,-13.8509828],[-44.431556,-13.86263247],[-44.41510214,-13.85576197],[-44.41406462,-13.89159013],[-44.40047395,-13.88995426],[-44.38797298,-13.85826492],[-44.40162919,-13.85114934],[-44.39477071,-13.82554546],[-44.40638349,-13.78923948],[-44.38416047,-13.78473183],[-44.39260488,-13.76632354],[-44.36494797,-13.77115161],[-44.36354446,-13.75296536],[-44.35142972,-13.74224716],[-44.35937722,-13.72036491],[-44.37631505,-13.71752432],[-44.3861459,-13.69399163],[-44.35324368,-13.66873405],[-44.32817202,-13.67976287],[-44.33000353,-13.68967401],[-44.35363643,-13.69834519],[-44.34776382,-13.71431181],[-44.32435624,-13.72651547],[-44.32348721,-13.73719656],[-44.28847127,-13.72981379],[-44.28140279,-13.75353883],[-44.25338128,-13.76717404],[-44.25915146,-13.7845255],[-44.24456012,-13.7808952],[-44.23406336,-13.79203257],[-44.21726241,-13.79345865],[-44.21295564,-13.80783489],[-44.17541262,-13.81287991],[-44.1773085,-13.82331937],[-44.19879221,-13.84095506],[-44.19169597,-13.85751939],[-44.19645111,-13.86638671],[-44.20633167,-13.8505532],[-44.22926721,-13.84252141],[-44.23104228,-13.85991801],[-44.24903826,-13.88834226],[-44.23649097,-13.90497689],[-44.22102973,-13.90017933],[-44.2209547,-13.91229221],[-44.24204944,-13.93391137],[-44.2664722,-13.93779401],[-44.2495821,-13.94634067],[-44.25759805,-13.95482724],[-44.25249358,-13.98880229],[-44.26262755,-13.99599811],[-44.30845715,-13.99374615],[-44.30119171,-13.97182247],[-44.3210792,-13.96326657],[-44.33959863,-13.98865062],[-44.3882614,-13.99868132],[-44.39345968,-13.98526717],[-44.41304002,-13.99413205],[-44.40462689,-13.95323314],[-44.42150026,-13.95478108],[-44.4304343,-13.94717849],[-44.44288936,-13.99242641],[-44.47276716,-13.98920337],[-44.46242643,-14.01583662],[-44.49160656,-14.0619282],[-44.48726378,-14.07469293],[-44.47132529,-14.07817568],[-44.48435552,-14.11564792],[-44.49184734,-14.1134325],[-44.4959098,-14.0954788],[-44.51534174,-14.09666208],[-44.51940604,-14.08153211],[-44.52906745,-14.07659573],[-44.53636377,-14.08597427],[-44.532778,-14.13635099],[-44.5521992,-14.12207085],[-44.56993364,-14.12586462],[-44.56776235,-14.14148669],[-44.55329916,-14.15542592],[-44.56808969,-14.17638405],[-44.54913969,-14.2041889],[-44.5439474,-14.24278015],[-44.56681882,-14.24024425],[-44.5763295,-14.22371684],[-44.58396378,-14.24312123],[-44.59217557,-14.24379806],[-44.60830908,-14.22460162],[-44.60622133,-14.2160447],[-44.5918728,-14.21410601],[-44.59927315,-14.19215158],[-44.63964494,-14.19709608],[-44.65319883,-14.18261099],[-44.67843909,-14.17547499],[-44.67845804,-14.18565804],[-44.66117265,-14.19686861],[-44.65498527,-14.21711239],[-44.62764531,-14.22830644],[-44.67980282,-14.2593626],[-44.68485187,-14.27785447],[-44.64859807,-14.28621585],[-44.6499652,-14.26508169],[-44.62477815,-14.25303063],[-44.61569412,-14.2558889],[-44.58582644,-14.28216947],[-44.59421053,-14.30029056],[-44.58027247,-14.3383284],[-44.60447566,-14.35625785],[-44.62344819,-14.35704948],[-44.62769125,-14.36651062],[-44.67629678,-14.36166535],[-44.68271072,-14.37766534],[-44.67262443,-14.41284291],[-44.68863787,-14.3996988],[-44.69986106,-14.40130494],[-44.70629239,-14.41715909],[-44.6989199,-14.43371577],[-44.71910136,-14.44853863],[-44.69271992,-14.46816315],[-44.65406182,-14.422922],[-44.62783859,-14.42579483],[-44.64622584,-14.40510549],[-44.59728608,-14.40031457],[-44.58173162,-14.37399553],[-44.57353071,-14.37716697],[-44.57846264,-14.39455209],[-44.56731286,-14.39930677],[-44.55796054,-14.39791645],[-44.54642058,-14.37677696],[-44.49979652,-14.38488679],[-44.49906958,-14.39257844],[-44.51983547,-14.39903822],[-44.52885568,-14.45068502],[-44.50041574,-14.46491969],[-44.49936698,-14.47818743],[-44.48669829,-14.47706384],[-44.48995834,-14.49983024],[-44.44827229,-14.49563657],[-44.43532806,-14.52213447],[-44.45081614,-14.55415104],[-44.44482073,-14.57047117],[-44.47848588,-14.58965872],[-44.44879793,-14.59081408],[-44.41367983,-14.57122466],[-44.3647239,-14.57465903],[-44.33343318,-14.56085206],[-44.34478954,-14.57979967],[-44.32855,-14.59605708],[-44.3348456,-14.62521466],[-44.36343099,-14.60743097],[-44.37124166,-14.6385068],[-44.39522913,-14.62364077],[-44.40771533,-14.62604715],[-44.40732032,-14.63358788],[-44.39531412,-14.6358538],[-44.3772624,-14.65615181],[-44.41040939,-14.66163569],[-44.38156054,-14.67304326],[-44.38072185,-14.68830012],[-44.34737077,-14.65563549],[-44.33614431,-14.67328238],[-44.37093534,-14.70773937],[-44.38340479,-14.71130474],[-44.38033572,-14.72428093],[-44.39936779,-14.74366509],[-44.40629102,-14.77603484],[-44.42444752,-14.779686],[-44.43686572,-14.79130536],[-44.43431706,-14.79979037],[-44.4224214,-14.79770415],[-44.4192864,-14.81715144],[-44.40549952,-14.81699278],[-44.40509904,-14.79929333],[-44.38388751,-14.79184613],[-44.38193413,-14.80919579],[-44.36515587,-14.81684349],[-44.34959789,-14.80224041],[-44.33215119,-14.80028871],[-44.33923605,-14.77779609],[-44.32888072,-14.77477544],[-44.31653539,-14.78517812],[-44.3077037,-14.76663182],[-44.28489886,-14.78105691],[-44.27339437,-14.76963738],[-44.25873544,-14.78163715],[-44.26678947,-14.79344292],[-44.28908992,-14.80891112],[-44.30050733,-14.79581017],[-44.31772288,-14.80415366],[-44.35434286,-14.83783098],[-44.38505867,-14.84208939],[-44.39446705,-14.86243186],[-44.38167316,-14.86979182],[-44.36061068,-14.86592534],[-44.35981759,-14.88383206],[-44.33852516,-14.87213754],[-44.30208199,-14.87291495],[-44.31586797,-14.91369372],[-44.27923462,-14.91297105],[-44.2708033,-14.92013949],[-44.29966299,-14.95887253],[-44.27406497,-14.95300062],[-44.26423551,-14.95884512],[-44.25391602,-14.92865338],[-44.24264371,-14.92358809],[-44.25433252,-14.91029787],[-44.24644075,-14.88956405],[-44.26603002,-14.87557226],[-44.26544923,-14.86226738],[-44.28192744,-14.8574387],[-44.2739301,-14.83797674],[-44.24850764,-14.8251623],[-44.23341116,-14.83454199],[-44.24218968,-14.84897516],[-44.24388229,-14.87666313],[-44.21693973,-14.87706372],[-44.2007414,-14.89036759],[-44.17216291,-14.88527218],[-44.16570213,-14.89618813],[-44.18249468,-14.91514168],[-44.16428712,-14.9306169],[-44.16611938,-14.94325697],[-44.15235901,-14.9455931],[-44.13983872,-14.97171145],[-44.17147076,-14.99691196],[-44.18710368,-14.99909873],[-44.18459597,-15.01508867],[-44.16723728,-15.02076631],[-44.16907946,-15.04252369],[-44.18878364,-15.04779477],[-44.2190196,-15.02327821],[-44.23825967,-15.04210953],[-44.22775979,-15.07389192],[-44.23493379,-15.08777607],[-44.2547834,-15.0833621],[-44.2647275,-15.07140929],[-44.28293054,-15.07032915],[-44.28536249,-15.05692842],[-44.29736002,-15.06437038],[-44.29726853,-15.0801406],[-44.28004963,-15.09295964],[-44.28759086,-15.11209845],[-44.26324285,-15.13640547],[-44.25906771,-15.15447399],[-44.25961902,-15.18584154],[-44.27102827,-15.18654108],[-44.27447375,-15.19747963],[-44.29619392,-15.20053593],[-44.27902683,-15.22463952],[-44.29250301,-15.22291993],[-44.3221736,-15.19295864],[-44.30698968,-15.175501],[-44.31266644,-15.14480205],[-44.32782066,-15.14697387],[-44.32742224,-15.17087573],[-44.33811863,-15.16739131],[-44.34741784,-15.14249253],[-44.36424602,-15.14506423],[-44.36961981,-15.13547935],[-44.39888119,-15.13933161],[-44.40293151,-15.16403227],[-44.41831933,-15.17448085],[-44.41476143,-15.20557239],[-44.43452582,-15.2107311],[-44.44904127,-15.23491115],[-44.40464512,-15.28202808],[-44.41185213,-15.28685495],[-44.43648063,-15.2735279],[-44.44183061,-15.2877737],[-44.37123098,-15.30984747],[-44.36157937,-15.32300336],[-44.36138189,-15.35679646],[-44.37249499,-15.36330458],[-44.37614414,-15.34961011],[-44.40774792,-15.34898329],[-44.43232629,-15.38956761],[-44.44428808,-15.38365663],[-44.43956953,-15.35786906],[-44.47103639,-15.34902381],[-44.49058802,-15.33181052],[-44.49478364,-15.34392615],[-44.45894557,-15.3672417],[-44.47574828,-15.3732083],[-44.45712665,-15.40275746],[-44.45976447,-15.46859415],[-44.49401927,-15.45070028],[-44.51947621,-15.51836357],[-44.53357853,-15.51924121],[-44.53949902,-15.53075336],[-44.58484018,-15.52487759],[-44.59627554,-15.53278092],[-44.59121471,-15.5493782],[-44.61592566,-15.54144687],[-44.62595922,-15.54986982],[-44.62570282,-15.57324818],[-44.59608453,-15.57468693],[-44.58865311,-15.58758022],[-44.60943768,-15.59767757],[-44.61069793,-15.61884767],[-44.59898486,-15.62827948],[-44.56455962,-15.61360979],[-44.56372118,-15.62369092],[-44.58040187,-15.64729507],[-44.57374418,-15.65140379],[-44.56641405,-15.63818192],[-44.55376189,-15.63371905],[-44.54992869,-15.66838036],[-44.58549991,-15.67131804],[-44.59554471,-15.6946997],[-44.63237707,-15.71645596],[-44.65638727,-15.7582125],[-44.6761153,-15.77592435],[-44.70656151,-15.77227302],[-44.74267179,-15.78384304],[-44.80302532,-15.82038697],[-44.82702335,-15.8611561],[-44.91925786,-15.96680557],[-45.05450966,-15.9811121],[-45.05642109,-15.9912638],[-45.07648017,-15.99943803],[-45.07742267,-16.03219373],[-45.03427407,-16.04410658],[-45.01446741,-16.04168952],[-44.96483883,-16.01058836],[-44.93185865,-16.01621555],[-44.92274472,-16.05954862],[-44.93119266,-16.07893521],[-44.9227333,-16.09141821],[-44.88124521,-16.11349077],[-44.86587333,-16.10800712],[-44.83929768,-16.1150791],[-44.84221875,-16.13496522],[-44.82919429,-16.14368579],[-44.81009698,-16.14867379],[-44.78432715,-16.13784429],[-44.77287919,-16.15371189],[-44.75266899,-16.1301306],[-44.72871761,-16.12752958],[-44.70218912,-16.10956983],[-44.67460351,-16.06858504],[-44.67779496,-16.0517516],[-44.6578598,-16.04500519],[-44.66105193,-16.03483502],[-44.65020251,-16.01596055],[-44.62790384,-16.00197792],[-44.6236248,-15.96677217],[-44.60601744,-15.98247452],[-44.58925108,-15.98172967],[-44.59721388,-15.94414515],[-44.57874646,-15.9277686],[-44.58133777,-15.91775757],[-44.56875904,-15.90564391],[-44.58247481,-15.89721091],[-44.57721524,-15.88238981],[-44.55800093,-15.88290791],[-44.54694093,-15.89312232],[-44.53670971,-15.87535441],[-44.52771916,-15.8970036],[-44.50783712,-15.90088357],[-44.51523977,-15.91083163],[-44.53810645,-15.90664053],[-44.54363451,-15.91524501],[-44.53285112,-15.94502722],[-44.52136729,-15.94567499],[-44.51507641,-15.96374157],[-44.50067282,-15.96901504],[-44.51191123,-15.9853911],[-44.4943492,-16.0008573],[-44.50570085,-16.00748515],[-44.502732,-16.02699882],[-44.47780545,-16.04634225],[-44.46557021,-16.04376153],[-44.46594641,-16.03018174],[-44.45401475,-16.02973577],[-44.43089332,-16.05957457],[-44.41661263,-16.06338617],[-44.41383193,-16.04570879],[-44.42172767,-16.03570457],[-44.41411658,-16.02423625],[-44.38936001,-16.03562076],[-44.37785265,-16.0328024],[-44.3713393,-16.01134848],[-44.34196186,-15.99316841],[-44.33910342,-15.98128344],[-44.31972932,-15.97509441],[-44.30886089,-15.95586889],[-44.31237463,-15.94914365],[-44.33432534,-15.94601243],[-44.34010455,-15.95789813],[-44.36183002,-15.95754817],[-44.34727701,-15.92270817],[-44.36640761,-15.89223153],[-44.34110673,-15.90193712],[-44.33830283,-15.91522194],[-44.32577515,-15.92154047],[-44.31805259,-15.90625724],[-44.30403278,-15.90226185],[-44.326007,-15.88705089],[-44.308327,-15.87117198],[-44.31168218,-15.84619708],[-44.28772932,-15.83645863],[-44.27651593,-15.87330284],[-44.263489,-15.8793289],[-44.25903719,-15.85693018],[-44.26641749,-15.83401241],[-44.25727083,-15.82075655],[-44.24839952,-15.81825875],[-44.24479269,-15.83315324],[-44.23412723,-15.8131927],[-44.21367198,-15.82515458],[-44.20870428,-15.81462461],[-44.21493486,-15.79552514],[-44.18428316,-15.7774702],[-44.19517345,-15.77078186],[-44.21107636,-15.77845785],[-44.21832868,-15.76325976],[-44.21002447,-15.75367291],[-44.21560155,-15.73436824],[-44.1951646,-15.72499323],[-44.19599131,-15.71798775],[-44.21698771,-15.71084354],[-44.20047348,-15.6946461],[-44.21296828,-15.68536076],[-44.19866786,-15.67697589],[-44.19897858,-15.66778542],[-44.1780342,-15.67590314],[-44.16014128,-15.66374273],[-44.14512178,-15.68428438],[-44.12585713,-15.68185353],[-44.11872793,-15.68939265],[-44.09974242,-15.68403512],[-44.09169657,-15.69920241],[-44.08010343,-15.692745],[-44.07333419,-15.65408821],[-44.06519112,-15.65058001],[-44.05761979,-15.6695271],[-44.06405339,-15.68631886],[-44.05550616,-15.70549812],[-44.06158895,-15.71672202],[-44.03275842,-15.73980193],[-44.03896411,-15.74692735],[-44.05095288,-15.74416429],[-44.05598808,-15.75327843],[-44.06697336,-15.75066027],[-44.07290218,-15.76500133],[-44.08161861,-15.76158899],[-44.10604731,-15.77295808],[-44.081772,-15.78032601],[-44.07454874,-15.79021009],[-44.06758732,-15.78180565],[-44.05907914,-15.78470669],[-44.05511465,-15.80179507],[-44.07046664,-15.80968148],[-44.09139515,-15.83931336],[-44.10212621,-15.81667219],[-44.11073702,-15.82848266],[-44.11769782,-15.8258837],[-44.1137497,-15.8088617],[-44.12857242,-15.80116339],[-44.13350953,-15.82661133],[-44.12255504,-15.84132226],[-44.15729122,-15.86469133],[-44.13624067,-15.87344135],[-44.11905365,-15.8712519],[-44.11297182,-15.88211273],[-44.11921227,-15.90157645],[-44.09626106,-15.89986198],[-44.08243526,-15.88988544],[-44.07271445,-15.89678302],[-44.05673549,-15.87771397],[-44.05770963,-15.86790626],[-44.03820649,-15.86759708],[-44.03930062,-15.84821747],[-44.01723533,-15.8663949],[-44.03825376,-15.877882],[-44.03548805,-15.89719364],[-44.06050992,-15.91203077],[-44.05013538,-15.9372093],[-44.08914336,-15.9368927],[-44.1007868,-15.92380058],[-44.11573355,-15.92939538],[-44.1017451,-15.98408814],[-44.11707093,-15.97385088],[-44.1235578,-15.94989381],[-44.13582632,-15.94448002],[-44.15536152,-15.94804818],[-44.14055756,-15.96205465],[-44.14827308,-15.97298189],[-44.1608356,-15.97114913],[-44.17030641,-15.98179144],[-44.19595364,-15.97522208],[-44.18181833,-15.98952523],[-44.15822717,-15.99619307],[-44.12996515,-15.98608789],[-44.13458652,-15.99724903],[-44.12841566,-16.00546227],[-44.13602701,-16.01371753],[-44.17095629,-16.01189653],[-44.16825432,-16.0243178],[-44.17858683,-16.03224935],[-44.17106692,-16.0418472],[-44.18182229,-16.04753848],[-44.17229251,-16.06386784],[-44.1617273,-16.06501779],[-44.15899452,-16.05152777],[-44.13624998,-16.03987108],[-44.12735838,-16.04422627],[-44.12855028,-16.05476469],[-44.09460346,-16.06240886],[-44.09263372,-16.07918737],[-44.08173797,-16.0814358],[-44.07713377,-16.09284107],[-44.10244203,-16.09895639],[-44.12750999,-16.09411043],[-44.13979568,-16.11137647],[-44.13806132,-16.12154484],[-44.16092493,-16.11931038],[-44.18529664,-16.12958968],[-44.18183633,-16.15797062],[-44.15961686,-16.16661161],[-44.15265375,-16.17877977],[-44.17502783,-16.19628973],[-44.20562627,-16.20408454],[-44.20380358,-16.21733058],[-44.15736204,-16.21386918],[-44.14816921,-16.20186944],[-44.13776513,-16.20368888],[-44.13801437,-16.19099452],[-44.11358663,-16.16936723],[-44.08875969,-16.15962123],[-44.08468925,-16.17114528],[-44.10607841,-16.18734693],[-44.10095367,-16.19470983],[-44.03445938,-16.16195468],[-44.02315394,-16.163699],[-44.00699082,-16.11809722],[-43.99320763,-16.1200759],[-43.970667,-16.14329502],[-43.95390674,-16.13584418],[-43.91896627,-16.13671083],[-43.91658486,-16.1477202],[-43.95381946,-16.16533706],[-43.93824545,-16.17428027],[-43.93264938,-16.19098976],[-43.90990538,-16.20182602],[-43.92947856,-16.21201635],[-43.93118547,-16.22497605],[-43.91970953,-16.23452093],[-43.92509155,-16.26952542],[-43.94085222,-16.28439529],[-43.99029428,-16.26595581],[-44.00137289,-16.2911469],[-43.9864134,-16.29368038],[-43.98238624,-16.31611588],[-43.96964829,-16.323726],[-43.98949749,-16.33244233],[-43.96822086,-16.36200125],[-43.94674838,-16.37068551],[-43.94718538,-16.34975292],[-43.92079544,-16.32774629],[-43.88228153,-16.25292253],[-43.86835253,-16.24927325],[-43.86689614,-16.23557242],[-43.85108421,-16.23706263],[-43.85998239,-16.27737326],[-43.87372221,-16.28514823],[-43.86356055,-16.29269671],[-43.86738625,-16.30275615],[-43.89433723,-16.31733567],[-43.89518063,-16.33079421],[-43.91287269,-16.33771536],[-43.91865893,-16.35520612],[-43.90882122,-16.38560187],[-43.90035387,-16.3872513],[-43.89333466,-16.37510366],[-43.87905502,-16.37197363],[-43.88121942,-16.35624068],[-43.87021393,-16.3442749],[-43.86770463,-16.32041631],[-43.84950132,-16.30777551],[-43.83060661,-16.32053235],[-43.83196324,-16.33830035],[-43.82124213,-16.34898016],[-43.83087331,-16.36795846],[-43.82770128,-16.38198059],[-43.81651446,-16.38038078],[-43.80932567,-16.35400471],[-43.79970375,-16.35729317],[-43.79221507,-16.37887588],[-43.79550171,-16.4096988],[-43.82177721,-16.41890121],[-43.80650142,-16.43185958],[-43.8052069,-16.44324824],[-43.80782588,-16.44993867],[-43.82630105,-16.45281818],[-43.82794521,-16.46398962],[-43.81205717,-16.46935583],[-43.79332261,-16.45655031],[-43.78717166,-16.46287801],[-43.79567608,-16.48515358],[-43.78842854,-16.49345318],[-43.79279375,-16.50702885],[-43.81485071,-16.51310432],[-43.79226463,-16.5449325],[-43.79821157,-16.56884628],[-43.77743614,-16.58497176],[-43.75436796,-16.58428121],[-43.75164303,-16.57589652],[-43.76228815,-16.56105802],[-43.78456746,-16.55132121],[-43.74277882,-16.51125812],[-43.73423453,-16.52013471],[-43.7380167,-16.54412763],[-43.71979697,-16.56405283],[-43.68298426,-16.57556824],[-43.67942971,-16.5911724],[-43.66632051,-16.59816682],[-43.64546916,-16.62906774],[-43.63407931,-16.61363593],[-43.62382004,-16.61605129],[-43.6196053,-16.62710034],[-43.63388724,-16.64183959],[-43.63598333,-16.65864805],[-43.62870454,-16.66352702],[-43.6157645,-16.65599556],[-43.59149474,-16.6643611],[-43.59255829,-16.67925553],[-43.575222,-16.68464183],[-43.5745928,-16.70403015],[-43.54936073,-16.71263664],[-43.53193039,-16.68891241],[-43.53041962,-16.662467],[-43.51879383,-16.67577705],[-43.50981274,-16.66064715],[-43.49447664,-16.67197267],[-43.48794055,-16.66510886],[-43.48724813,-16.62069654],[-43.47454856,-16.6142168],[-43.46264751,-16.57695351],[-43.43998701,-16.49057941],[-43.42769936,-16.39987698],[-43.40371219,-16.33646768],[-43.39987875,-16.28139204],[-43.36610175,-16.15181195],[-43.37270722,-16.1339054],[-43.36640899,-16.10082912],[-43.33381814,-16.02102975],[-43.27752778,-16.02360593],[-43.24316895,-16.04627776],[-43.21530737,-16.03843776],[-43.21272255,-16.02757106],[-43.18655662,-16.00500373],[-43.15552113,-16.0073796],[-43.14719384,-16.01824367],[-43.14147266,-16.06310018],[-43.13232684,-16.0643784],[-43.11827374,-16.04349581],[-43.11110494,-16.04590411],[-43.10430052,-16.08485955],[-43.12819045,-16.10514806],[-43.1305962,-16.11801412],[-43.11516168,-16.15037691],[-43.12218899,-16.16781274],[-43.09414089,-16.17096278],[-43.07506124,-16.15330518],[-43.09082323,-16.13731372],[-43.08377206,-16.11221632],[-43.06980327,-16.10118089],[-43.04395191,-16.05126365],[-43.04285877,-16.03409817],[-43.05544007,-16.02411363],[-43.04916195,-16.0122387],[-43.05022562,-15.96740793],[-43.03871753,-15.9666278],[-43.03023295,-15.9898908],[-43.00953215,-15.9813839],[-42.99701807,-15.98726136],[-42.98071923,-15.96424464],[-42.99108692,-15.94922105],[-42.98944725,-15.92721393],[-42.95081884,-15.90480948],[-42.91977261,-15.96589037],[-42.90188439,-15.95950266],[-42.88548603,-15.93243885],[-42.85719906,-15.91935158],[-42.83387175,-15.87280925],[-42.83600084,-15.84346339],[-42.82883052,-15.83161455],[-42.85605378,-15.73799932],[-42.8499041,-15.69606015],[-42.85422949,-15.64162574],[-42.82987752,-15.61581306],[-42.82986079,-15.54547444],[-42.80349874,-15.48157222],[-42.80411274,-15.44382209],[-42.78424555,-15.39861647],[-42.77741511,-15.34703597],[-42.78691789,-15.31819564],[-42.85485597,-15.27068569],[-42.86292587,-15.24426609],[-42.85730323,-15.22814609],[-42.81610269,-15.18449317],[-42.80085159,-15.13392615],[-42.75880543,-15.06060043],[-42.75832836,-15.01938337],[-42.73550657,-14.9691357],[-42.65484468,-14.92030212],[-42.61769018,-14.84808135],[-42.61114222,-14.7937567],[-42.59891863,-14.77406591],[-42.60927258,-14.75625152],[-42.59861577,-14.74583009],[-42.59682287,-14.72806525],[-42.60684571,-14.61642865],[-42.61676576,-14.59144882],[-42.59942014,-14.53619167],[-42.60444238,-14.52100506],[-42.59519934,-14.48893004],[-42.59889921,-14.47954514],[-42.61037044,-14.48849017],[-42.63597567,-14.47437063],[-42.62602383,-14.42112256],[-42.64852947,-14.4101918],[-42.63680171,-14.3760971],[-42.65870596,-14.36882899],[-42.6330842,-14.35390784],[-42.64222093,-14.33427357],[-42.6537822,-14.33187663],[-42.65736378,-14.31583849],[-42.65125271,-14.30129624],[-42.61688904,-14.31337967],[-42.61607023,-14.3579984],[-42.58757754,-14.30005189],[-42.60140888,-14.28230629],[-42.60983752,-14.29980886],[-42.62507272,-14.2775013],[-42.6223016,-14.26388474],[-42.62954612,-14.2536441],[-42.64251076,-14.25713558],[-42.66505462,-14.24094988],[-42.6653465,-14.22367044],[-42.6507919,-14.21878665],[-42.65890381,-14.21253854],[-42.65320273,-14.19994112],[-42.662943,-14.18647057],[-42.64419605,-14.15238286],[-42.64985538,-14.14937016],[-42.65982647,-14.16223957],[-42.68164051,-14.1562066],[-42.68275453,-14.13598914],[-42.6994025,-14.1338793],[-42.69003463,-14.10710158],[-42.69559652,-14.09117977],[-42.68005669,-14.06525267],[-42.68504074,-14.05596138],[-42.69643894,-14.06094049],[-42.6993844,-14.04546731],[-42.6803093,-14.03600891],[-42.67895157,-14.02311663],[-42.69524267,-14.0031691],[-42.70911765,-13.99909295],[-42.73519548,-13.9489164],[-42.72738636,-13.92886799],[-42.71184572,-13.93503513],[-42.70382338,-13.92279237],[-42.71444321,-13.91253116],[-42.71588622,-13.88882584],[-42.72446999,-13.87741207],[-42.74003206,-13.87548459],[-42.76103656,-13.88954711],[-42.77630745,-13.87491625],[-42.79309895,-13.87521484],[-42.79276599,-13.85893152],[-42.80867166,-13.85377828],[-42.80199273,-13.83985115],[-42.81076299,-13.83238853],[-42.80430506,-13.81819544],[-42.8136532,-13.81190198],[-42.80721931,-13.79097368],[-42.82227524,-13.77762296],[-42.83491899,-13.74794472],[-42.82579393,-13.74115296],[-42.82614522,-13.72441608],[-42.84748025,-13.69969101],[-42.84532734,-13.68214252],[-42.82908503,-13.66303215],[-42.8331903,-13.64694502],[-42.8637951,-13.61050279],[-42.86621999,-13.59704626],[-42.89675525,-13.60231324],[-42.92128563,-13.46835116],[-42.93114985,-13.46217041],[-42.93866705,-13.43908495],[-42.95612097,-13.43957348],[-42.95821234,-13.42434756],[-42.97955904,-13.40864182],[-42.99406258,-13.37174089],[-42.99523338,-13.34624607],[-43.01469283,-13.31802108],[-43.01058236,-13.31087574],[-42.98646951,-13.31439577],[-42.98720961,-13.29289464],[-42.97983763,-13.29090507],[-42.97118175,-13.31162411],[-42.94171166,-13.33798987],[-42.93195455,-13.35700334],[-42.91986028,-13.35526117],[-42.9272235,-13.34339439],[-42.92227962,-13.33169209],[-42.90924152,-13.33481805],[-42.90416937,-13.32473677],[-42.92189617,-13.25368118],[-42.91837561,-13.22765257],[-42.90397211,-13.21677079],[-42.92455359,-13.17033219],[-42.95155979,-13.13478283],[-42.92390756,-13.14372624],[-42.92104858,-13.13566704],[-42.94226871,-13.09332337],[-42.95525359,-13.08614089],[-42.95619637,-13.05831111],[-42.98476053,-13.03499891],[-42.99841402,-13.03288986],[-43.0065664,-13.00801348],[-42.99329407,-13.0014756],[-42.99745269,-12.98775993],[-42.99092484,-12.97462069],[-42.99989422,-12.93953452],[-42.99326045,-12.91092039],[-43.00294711,-12.87551581],[-42.9938856,-12.84254088],[-42.98435733,-12.85365432],[-42.97803991,-12.8847547],[-42.96890773,-12.88842608],[-42.96631768,-12.92108657],[-42.94429803,-12.96465068],[-42.94197855,-12.98834962],[-42.9317555,-12.99870147],[-42.93272549,-13.03941997],[-42.91112069,-13.07687148],[-42.91064712,-13.1179172],[-42.89620836,-13.13743365],[-42.89565296,-13.17027195],[-42.87501754,-13.18971962],[-42.87871402,-13.20960146],[-42.8952095,-13.21932006],[-42.87741666,-13.22899893],[-42.88425019,-13.26339494],[-42.87100467,-13.29959755],[-42.87259456,-13.3363675],[-42.86034837,-13.34826838],[-42.85012994,-13.34277292],[-42.85429036,-13.29999313],[-42.8474297,-13.22419783],[-42.8334312,-13.24084733],[-42.83472241,-13.26575006],[-42.81684734,-13.26119719],[-42.84348726,-13.18799936],[-42.84300267,-13.16559016],[-42.82432208,-13.14147785],[-42.86132431,-13.12323774],[-42.84073238,-13.10794361],[-42.83917178,-13.09311249],[-42.85278571,-13.06484828],[-42.91363539,-13.0012966],[-42.92549267,-12.96045],[-42.92690104,-12.93739939],[-42.88224454,-12.90076826],[-42.88930751,-12.88857129],[-42.87763383,-12.88026708],[-42.88828871,-12.8644899],[-42.90409592,-12.86290783],[-42.90941671,-12.84295332],[-42.88755943,-12.8076662],[-42.89532648,-12.80189181],[-42.90281357,-12.76073871],[-42.89437688,-12.75071672],[-42.89732113,-12.73531056],[-42.91541463,-12.70851493],[-42.91393685,-12.67684029],[-42.92298073,-12.66634677],[-42.91386082,-12.63965902],[-42.9294727,-12.63954288],[-42.93750066,-12.61693414],[-42.92578995,-12.58978956],[-42.93513014,-12.58172189],[-42.93156826,-12.56989325],[-42.96069449,-12.53039128],[-42.94612799,-12.50240368],[-42.92801445,-12.50419781],[-42.90093673,-12.538639],[-42.90728348,-12.55351147],[-42.89006531,-12.57743005],[-42.8606066,-12.68542839],[-42.8448754,-12.77370239],[-42.84437274,-12.82090347],[-42.82897493,-12.82374208],[-42.8142945,-12.89854181],[-42.80420797,-12.90496588],[-42.79622508,-12.89768531],[-42.78148171,-12.90030671],[-42.75699134,-12.94840319],[-42.74325751,-12.95437445],[-42.73293749,-12.94913757],[-42.72496452,-12.91641316],[-42.71561864,-12.91612258],[-42.71454185,-12.99375173],[-42.72694104,-12.99912407],[-42.72269189,-13.02250874],[-42.73082692,-13.03498369],[-42.72253256,-13.08597957],[-42.70582459,-13.11456072],[-42.69994329,-13.20146271],[-42.71699099,-13.25075412],[-42.70897473,-13.26909403],[-42.71691725,-13.29349848],[-42.67960409,-13.33391154],[-42.68864442,-13.35528504],[-42.68628514,-13.3924315],[-42.70926546,-13.41292128],[-42.68337058,-13.4219357],[-42.66748196,-13.4381832],[-42.64176988,-13.4154288],[-42.64800685,-13.40456288],[-42.63774794,-13.37945582],[-42.62208377,-13.40381399],[-42.58788883,-13.39355026],[-42.57817026,-13.401694],[-42.56984043,-13.45700744],[-42.57823018,-13.46754595],[-42.57408009,-13.51692578],[-42.58113719,-13.53838579],[-42.56820359,-13.55592239],[-42.56475434,-13.58836176],[-42.53582914,-13.66360295],[-42.52450126,-13.67148917],[-42.52435867,-13.69819828],[-42.50816284,-13.71296024],[-42.48588689,-13.69017332],[-42.44390974,-13.68695405],[-42.44649309,-13.71536224],[-42.43401916,-13.7308045],[-42.44038044,-13.74550258],[-42.42767542,-13.75776183],[-42.39230634,-13.75969535],[-42.38722212,-13.73540836],[-42.39592287,-13.67493263],[-42.41338033,-13.63525182],[-42.39327356,-13.61185222],[-42.40553511,-13.59763264],[-42.39930655,-13.57818691],[-42.37414372,-13.59184216],[-42.38713944,-13.56767996],[-42.37943078,-13.54480747],[-42.37176755,-13.55370036],[-42.35723085,-13.54799648],[-42.3377948,-13.5546133],[-42.34594166,-13.57854824],[-42.32968417,-13.60302087],[-42.31740769,-13.56590599],[-42.29435053,-13.57529259],[-42.28534,-13.56480936],[-42.27450643,-13.58751213],[-42.27745282,-13.60987668],[-42.25833642,-13.61545468],[-42.2470536,-13.61055397],[-42.24178473,-13.63813166],[-42.22997839,-13.63986622],[-42.21453743,-13.66051623],[-42.15130968,-13.6754851],[-42.14479193,-13.68738817],[-42.15238896,-13.70117196],[-42.16914093,-13.69654587],[-42.17911715,-13.70990467],[-42.19288178,-13.70673339],[-42.20563761,-13.72779895],[-42.21596422,-13.72323778],[-42.21924552,-13.70446836],[-42.23295602,-13.70484343],[-42.23875632,-13.69018829],[-42.25030742,-13.69206029],[-42.24496661,-13.67928032],[-42.25544268,-13.66687484],[-42.28721261,-13.68713982],[-42.29660681,-13.66477242],[-42.31165989,-13.66735609],[-42.31613066,-13.69363446],[-42.29611402,-13.70272673],[-42.30399289,-13.71741515],[-42.32713441,-13.71087754],[-42.33373648,-13.74530665],[-42.32288898,-13.75065405],[-42.33096409,-13.76071798],[-42.31941969,-13.77431108],[-42.29692843,-13.78008534],[-42.30981832,-13.78932193],[-42.3091323,-13.80305823],[-42.3248156,-13.79555221],[-42.33341805,-13.79999372],[-42.32585698,-13.8141727],[-42.31548134,-13.81339804],[-42.30068358,-13.82580631],[-42.32621771,-13.83278732],[-42.31787321,-13.85505083],[-42.29408269,-13.84714051],[-42.29735949,-13.8677323],[-42.27553503,-13.87282212],[-42.28976139,-13.8863452],[-42.28728567,-13.90425408],[-42.30834542,-13.91539059],[-42.30970541,-13.94706277],[-42.35779946,-13.98285094],[-42.35588994,-13.99824455],[-42.38449639,-14.03852062],[-42.39321516,-14.03459329],[-42.39167931,-14.01153588],[-42.40959248,-14.03609515],[-42.41974984,-14.03299491],[-42.42591108,-14.03968708],[-42.43774469,-14.02779132],[-42.4468141,-14.03569459],[-42.46219894,-14.0221476],[-42.47436123,-14.02957744],[-42.50681835,-14.01333576],[-42.51440705,-14.02313139],[-42.51702229,-14.06259654],[-42.50186411,-14.0899285],[-42.47149197,-14.09548634],[-42.46183806,-14.11595118],[-42.48502275,-14.15461587],[-42.48473005,-14.19650835],[-42.50186708,-14.20517007],[-42.50708603,-14.2409365],[-42.51919714,-14.24869746],[-42.52692607,-14.27666965],[-42.52443032,-14.29311387],[-42.53980451,-14.30592151],[-42.52607456,-14.34786695],[-42.55670394,-14.37285577],[-42.55226232,-14.39478426],[-42.52604642,-14.39421465],[-42.52506803,-14.40667502],[-42.51311452,-14.4087626],[-42.50897692,-14.43339434],[-42.52704998,-14.44878675],[-42.52370434,-14.46362888],[-42.54022106,-14.48535832],[-42.52780333,-14.53367064],[-42.5377466,-14.62856811],[-42.53067735,-14.63719829],[-42.51996091,-14.63430663],[-42.51642116,-14.65270833],[-42.54959336,-14.68673935],[-42.53210914,-14.70116235],[-42.54250319,-14.70954261],[-42.53822179,-14.72319064],[-42.54869639,-14.73495317],[-42.56200456,-14.73360003],[-42.57000935,-14.74614788],[-42.55897825,-14.75262891],[-42.54400931,-14.74859167],[-42.5425586,-14.76291575],[-42.55969674,-14.78642534],[-42.54351227,-14.78789952],[-42.51090579,-14.82222518],[-42.55753776,-14.86491946],[-42.58215563,-14.92534678],[-42.60214259,-14.94954319],[-42.6107874,-14.99137148],[-42.62686102,-14.99934321],[-42.64476726,-14.98788178],[-42.64577896,-15.00465572],[-42.63564231,-15.0171108],[-42.62180226,-15.00843429],[-42.59842431,-15.01739762],[-42.59379228,-15.04420171],[-42.59918448,-15.05458563],[-42.59169595,-15.06301263],[-42.56653221,-15.05218793],[-42.57100011,-15.03746296],[-42.56123684,-15.01136799],[-42.54196498,-15.01032411],[-42.53096303,-14.98695331],[-42.50888585,-14.99180952],[-42.4968767,-14.97721689],[-42.47650289,-14.99610212],[-42.42933606,-15.0063787],[-42.42731333,-15.02901553],[-42.41516406,-15.04149331],[-42.43305702,-15.04357905],[-42.42828335,-15.05635485],[-42.39293547,-15.05255802],[-42.37965812,-15.06483648],[-42.37101005,-15.05135192],[-42.35080427,-15.07690994],[-42.34503766,-15.05291719],[-42.32628035,-15.05256737],[-42.31649757,-15.06417869],[-42.32014686,-15.07348312],[-42.30864907,-15.08255488],[-42.29350398,-15.04913717],[-42.2809118,-15.07602558],[-42.28464169,-15.0961297],[-42.27176329,-15.10688124],[-42.25291297,-15.09558975],[-42.23094575,-15.10255297],[-42.22194472,-15.09707193],[-42.18121528,-15.11445333],[-42.16245043,-15.1045504],[-42.16033141,-15.09556537],[-42.15110527,-15.09710658],[-42.13835989,-15.14354981],[-42.12269457,-15.15656989],[-42.12517276,-15.13428626],[-42.11696892,-15.13311463],[-42.09257249,-15.17266926],[-42.08898809,-15.15538801],[-42.07774218,-15.15107327],[-42.03671281,-15.16942923],[-41.99884821,-15.16138121],[-41.99291998,-15.15360244],[-41.98348741,-15.1577731],[-41.96279697,-15.13431385],[-41.94771164,-15.13996462],[-41.93584214,-15.1300837],[-41.94913822,-15.11468709],[-41.94114927,-15.10620314],[-41.9163698,-15.11564184],[-41.91496924,-15.0915658],[-41.89120472,-15.10531436],[-41.86447417,-15.09062343],[-41.8534866,-15.09388557],[-41.85533324,-15.07859547],[-41.87531993,-15.08172574],[-41.88412968,-15.05985299],[-41.86656886,-15.05120032],[-41.82276569,-14.99305906],[-41.80998083,-14.9948815],[-41.82557484,-15.023038],[-41.81227408,-15.03604349],[-41.83079392,-15.03735028],[-41.8398544,-15.05121499],[-41.8244249,-15.0655047],[-41.83223736,-15.08956449],[-41.82243845,-15.09072498],[-41.80714324,-15.07821886],[-41.81059367,-15.05657972],[-41.77297578,-15.06125943],[-41.79526052,-15.08047513],[-41.79092219,-15.08881342],[-41.7734205,-15.08835049],[-41.76729418,-15.07338706],[-41.74588199,-15.07235502],[-41.76741785,-15.10149205],[-41.78494523,-15.09885669],[-41.78775139,-15.10933662],[-41.76992345,-15.11943207],[-41.76247397,-15.14294016],[-41.73537014,-15.14838848],[-41.7422341,-15.16142556],[-41.75734203,-15.16809452],[-41.77703819,-15.16203459],[-41.78456021,-15.18961239],[-41.78091936,-15.20645428],[-41.78873723,-15.21687251],[-41.82271359,-15.2177464],[-41.83295128,-15.21098039],[-41.79620315,-15.2050714],[-41.8175627,-15.19155621],[-41.80667995,-15.15784887],[-41.7930815,-15.14545605],[-41.79552719,-15.13127301],[-41.80775267,-15.1293871],[-41.80320349,-15.11864664],[-41.81021952,-15.11205946],[-41.82068058,-15.1259241],[-41.83447646,-15.12223556],[-41.84246498,-15.1389778],[-41.85887849,-15.13746066],[-41.8646917,-15.14685645],[-41.88278732,-15.147847],[-41.87587698,-15.17043128],[-41.89865178,-15.1662036],[-41.91415642,-15.17522933],[-41.9144098,-15.18685093],[-41.92507102,-15.19475711],[-41.92104948,-15.2114773],[-41.9639418,-15.20390532],[-41.96621017,-15.22603479],[-41.95470574,-15.24579858],[-41.96009445,-15.25402814],[-41.98252453,-15.25366102],[-41.98910982,-15.26651779],[-42.02395104,-15.27339909],[-42.02631747,-15.285865],[-42.01109899,-15.29933588],[-42.03327181,-15.33294489],[-42.02700248,-15.3570278],[-42.00391615,-15.39033415],[-42.02224977,-15.4202095],[-42.01568403,-15.43587836],[-42.0234457,-15.45977858],[-42.01601395,-15.4711114],[-42.01849958,-15.48388944],[-41.98086705,-15.52231773],[-41.97483251,-15.54800087],[-42.00520319,-15.53961576],[-42.00859827,-15.52222565],[-42.02390061,-15.5045082],[-42.0599686,-15.49697967],[-42.0229247,-15.52247275],[-42.01021855,-15.5485398],[-42.01179322,-15.56432018],[-41.99057642,-15.5694184],[-41.98687164,-15.58897241],[-41.96371037,-15.59545901],[-41.95241918,-15.61067324],[-41.95470281,-15.62438577],[-41.97884391,-15.62605071],[-41.9970304,-15.61062196],[-41.99519659,-15.6205494],[-42.00949921,-15.64311574],[-42.00410414,-15.65123766],[-41.9791287,-15.64772942],[-41.98081912,-15.66761486],[-41.99120035,-15.67937784],[-41.96784927,-15.67559407],[-41.97013777,-15.65969019],[-41.93726705,-15.62913749],[-41.9216518,-15.63281295],[-41.92736062,-15.67381387],[-41.90760215,-15.69585539],[-41.908861,-15.71209165],[-41.88402217,-15.74401092],[-41.88503697,-15.77250198],[-41.86504672,-15.79403854],[-41.86894662,-15.83168492],[-41.88720851,-15.83816675],[-41.89171928,-15.85930334],[-41.91091184,-15.87524966],[-41.92339087,-15.92055807],[-41.9414012,-15.92880485],[-41.93041177,-15.93469042],[-41.91878367,-15.92843164],[-41.91027752,-15.93627454],[-41.92068334,-15.96103635],[-41.90967998,-15.97854362],[-41.91988185,-15.99336555],[-41.90316144,-15.99438811],[-41.89607078,-15.97473335],[-41.88139794,-15.98000252],[-41.88951322,-15.95429143],[-41.85994323,-15.97950159],[-41.84509003,-15.96841839],[-41.8451343,-15.95434075],[-41.82553292,-15.9425506],[-41.80580203,-15.94872258],[-41.79144522,-15.92119558],[-41.76822775,-15.90670313],[-41.76322316,-15.8816965],[-41.75405636,-15.88418217],[-41.7544595,-15.8997548],[-41.7463525,-15.90723863],[-41.76408197,-15.91986162],[-41.75327837,-15.93179766],[-41.76917552,-15.9439762],[-41.77169438,-15.96464205],[-41.80821878,-15.97382143],[-41.8070807,-15.99132063],[-41.76511343,-15.98181646],[-41.75773337,-15.96176604],[-41.73206676,-15.94881375],[-41.71491777,-15.95111942],[-41.70711381,-15.93450514],[-41.66817217,-15.91959451],[-41.66354109,-15.93933438],[-41.67768783,-15.95132943],[-41.68922329,-15.94840494],[-41.70168492,-15.95613822],[-41.69513049,-15.98985514],[-41.72060674,-15.9878949],[-41.72675711,-15.97811025],[-41.80742667,-16.01723786],[-41.83651864,-15.98208071],[-41.86558751,-15.99812842],[-41.88596585,-15.99441582],[-41.90188857,-16.02008577],[-41.93285338,-16.01088695],[-41.93850023,-16.00177139],[-41.95934801,-16.01037851],[-42.01431977,-15.9990661],[-42.07132444,-15.9733967],[-42.08399954,-15.9385835],[-42.09695607,-15.95213747],[-42.10536389,-15.95050484],[-42.11143332,-15.91774745],[-42.13613977,-15.92714799],[-42.1486646,-15.91652076],[-42.14165943,-15.87900476],[-42.11492037,-15.88689294],[-42.12063917,-15.87417396],[-42.10516308,-15.86685343],[-42.10991347,-15.85556365],[-42.10031462,-15.84086298],[-42.10399799,-15.83264726],[-42.14745394,-15.83399963],[-42.1720452,-15.84647888],[-42.20031306,-15.83273938],[-42.21317279,-15.85189836],[-42.23154758,-15.84286815],[-42.24534778,-15.86159208],[-42.26614939,-15.85991068],[-42.30828392,-15.90735863],[-42.35071124,-15.98631207],[-42.35224542,-16.00029599],[-42.33806388,-16.00448748],[-42.33201483,-16.02598099],[-42.34860126,-16.0312276],[-42.34669217,-16.04251562],[-42.36481092,-16.05363053],[-42.3605283,-16.06446409],[-42.37518522,-16.0856994],[-42.39152509,-16.09556195],[-42.4079954,-16.13120107],[-42.42303816,-16.13682918],[-42.39726043,-16.17310339],[-42.38157268,-16.15724382],[-42.36770312,-16.17392421],[-42.355999,-16.1758258],[-42.35085515,-16.19004075],[-42.36777003,-16.20705315],[-42.37790249,-16.23453169],[-42.39658049,-16.23603608],[-42.41053995,-16.27792954],[-42.43798431,-16.28772656],[-42.44566241,-16.3437938],[-42.44225128,-16.35003858],[-42.42403109,-16.34984367],[-42.43939626,-16.3763039],[-42.42154298,-16.38057866],[-42.42172549,-16.40989903],[-42.43258126,-16.42374712],[-42.40888204,-16.43317674],[-42.39103885,-16.41785479],[-42.34960528,-16.4095588],[-42.34336622,-16.42325962],[-42.35596083,-16.44054365],[-42.34326237,-16.4468911],[-42.32617432,-16.44363493],[-42.31054015,-16.45785359],[-42.33429781,-16.46514445],[-42.36833672,-16.44983993],[-42.36375932,-16.46586918],[-42.3383932,-16.48424574],[-42.30471866,-16.48829915],[-42.27878309,-16.48124539],[-42.28645281,-16.50173943],[-42.28347753,-16.52216335],[-42.30853936,-16.53687212],[-42.31433765,-16.57231125],[-42.34103912,-16.58543851],[-42.33301038,-16.61300111],[-42.35169042,-16.63412952],[-42.34591469,-16.65439311],[-42.32688408,-16.67415491],[-42.31158866,-16.65484644],[-42.30247902,-16.66095677],[-42.29168053,-16.65084085],[-42.27404017,-16.65078579],[-42.2754573,-16.68667286],[-42.25148516,-16.65421096],[-42.24065552,-16.67159046],[-42.22704097,-16.67034771],[-42.22174205,-16.68213277],[-42.20007549,-16.67036048],[-42.18587699,-16.68218205],[-42.18742488,-16.69488034],[-42.13313502,-16.69427816],[-42.10926704,-16.7068312],[-42.1156814,-16.72925798],[-42.09425001,-16.7429452],[-42.08372744,-16.73956885],[-42.07968545,-16.75958685],[-42.02638314,-16.77701964],[-42.03106371,-16.7960296],[-42.05253531,-16.80403387],[-42.07162549,-16.79985983],[-42.09245623,-16.81134028],[-42.10442248,-16.8032657],[-42.11381138,-16.8301226],[-42.14893595,-16.84954898],[-42.15638532,-16.84084255],[-42.1833216,-16.84714957],[-42.20292939,-16.81903793],[-42.23760692,-16.83930798],[-42.24407017,-16.83002512],[-42.23091243,-16.81697014],[-42.23775528,-16.80948078],[-42.26879885,-16.82738039],[-42.27848131,-16.81729652],[-42.29217944,-16.81652966],[-42.30024878,-16.7984184],[-42.31485735,-16.79387812],[-42.32201664,-16.7820088],[-42.3334331,-16.79095797],[-42.33805381,-16.82288253],[-42.38393721,-16.8334163],[-42.37727539,-16.86418446],[-42.39590977,-16.89981662],[-42.36747041,-16.915627],[-42.33814081,-16.90629003],[-42.32610779,-16.88871843],[-42.28102054,-16.89240127],[-42.26984744,-16.9000642],[-42.2618884,-16.88526857],[-42.2290271,-16.87580425],[-42.20654224,-16.88108798],[-42.20071504,-16.89567167],[-42.17738666,-16.88747023],[-42.1773314,-16.90892715],[-42.16808796,-16.92491139],[-42.17328952,-16.93333682],[-42.18679199,-16.92472217],[-42.19852273,-16.93481644],[-42.21056592,-16.93187424],[-42.21589764,-16.94084421],[-42.22474404,-16.93395945],[-42.26626077,-16.93248953],[-42.34475583,-16.98928405],[-42.35871065,-17.01129646],[-42.35620917,-17.0279942],[-42.3631991,-17.04038765],[-42.33937033,-17.03554275],[-42.32635765,-17.04558123],[-42.30225472,-17.04402635],[-42.28575459,-17.05321938],[-42.26842652,-17.07187144],[-42.27139424,-17.08202311],[-42.26267231,-17.09097547],[-42.25656676,-17.1251535],[-42.26868244,-17.13890272],[-42.26330904,-17.15884632],[-42.29744576,-17.174581],[-42.28704338,-17.18138717],[-42.29267017,-17.1901387],[-42.28662217,-17.20073304],[-42.30405496,-17.2140762],[-42.28915947,-17.23706759],[-42.31790112,-17.23623046],[-42.3059499,-17.25438034],[-42.3136561,-17.26527832],[-42.30828487,-17.27390784],[-42.32087302,-17.2838762],[-42.32762385,-17.30478329],[-42.32007174,-17.32281032],[-42.33519481,-17.31769996],[-42.34772628,-17.32314549],[-42.35656265,-17.34079233],[-42.37882484,-17.3520331],[-42.36727389,-17.35818455],[-42.35399139,-17.38347451],[-42.32042838,-17.36505094],[-42.30585935,-17.37921473],[-42.31358025,-17.39484369],[-42.3475135,-17.407183],[-42.35864358,-17.43430268],[-42.34304131,-17.43577364],[-42.34309443,-17.41840084],[-42.3237508,-17.41118481],[-42.32279454,-17.43230519],[-42.33247071,-17.44155258],[-42.32757649,-17.44958694],[-42.33305816,-17.4583883],[-42.31540997,-17.47986531],[-42.29991478,-17.46995605],[-42.23847426,-17.48243694],[-42.2338619,-17.46072345],[-42.21558911,-17.44877692],[-42.20930062,-17.46750606],[-42.16622047,-17.47653164],[-42.1706112,-17.50638421],[-42.19790776,-17.50235186],[-42.2023491,-17.50783453],[-42.19507473,-17.51878127],[-42.22489303,-17.51709449],[-42.23530966,-17.54230984],[-42.21895176,-17.55193321],[-42.26838884,-17.56905741],[-42.29408932,-17.56828492],[-42.3143573,-17.61384248],[-42.33448877,-17.61973138],[-42.33843715,-17.62970114],[-42.32884284,-17.64765613],[-42.3374863,-17.66250778],[-42.31662585,-17.66846556],[-42.31452702,-17.68323386],[-42.2968745,-17.68224817],[-42.2847418,-17.69443698],[-42.25286271,-17.70485765],[-42.2289391,-17.69009314],[-42.22375466,-17.72495383],[-42.24132056,-17.74016995],[-42.27321988,-17.73468115],[-42.30186622,-17.75885043],[-42.30887447,-17.74355328],[-42.32140266,-17.74263526],[-42.34013217,-17.77215672],[-42.35723623,-17.76582091],[-42.3841117,-17.7857398],[-42.40290709,-17.77361989],[-42.41667328,-17.77890785],[-42.4273057,-17.79903104],[-42.44360256,-17.80359465],[-42.44746442,-17.81396983],[-42.46605391,-17.81361128],[-42.47582039,-17.79753489],[-42.46857711,-17.77321068],[-42.47559018,-17.75695386],[-42.48778963,-17.75183485],[-42.48212446,-17.73919993],[-42.48960857,-17.71652457],[-42.50853926,-17.70140735],[-42.52109603,-17.70580996],[-42.53738474,-17.69508451],[-42.56623072,-17.69475029],[-42.56473109,-17.67313675],[-42.52799105,-17.66734158],[-42.53881597,-17.64823837],[-42.55886808,-17.64972792],[-42.6049451,-17.62554642],[-42.62275855,-17.59834165],[-42.67115469,-17.58723159],[-42.68793189,-17.59612387],[-42.69970835,-17.59060921],[-42.69473626,-17.61737677],[-42.70796583,-17.64210278],[-42.69421408,-17.67178825],[-42.70011779,-17.68144153],[-42.69067979,-17.69586121],[-42.66904513,-17.69417875],[-42.66327583,-17.71252984],[-42.67913256,-17.72502436],[-42.70518611,-17.72711382],[-42.69718361,-17.74784082],[-42.70482613,-17.76260547],[-42.69220961,-17.76465954],[-42.66695757,-17.74737303],[-42.65068383,-17.74845752],[-42.64595491,-17.76011839],[-42.65802987,-17.76407891],[-42.67598036,-17.79048395],[-42.69613378,-17.78751643],[-42.71522806,-17.79731087],[-42.72344022,-17.81772841],[-42.76324108,-17.85026687],[-42.77217464,-17.87239356],[-42.78243142,-17.8724041],[-42.79464676,-17.85463007],[-42.85058156,-17.86023578],[-42.84586344,-17.88855516],[-42.85899939,-17.90345932],[-42.85685396,-17.91927403],[-42.87940981,-17.92105223],[-42.87636168,-17.93502716],[-42.85218185,-17.943663],[-42.85452348,-17.95889179],[-42.81977203,-17.953282],[-42.81110171,-17.96847995],[-42.79369704,-17.96250018],[-42.78285149,-17.97054346],[-42.77619803,-17.93685269],[-42.76248155,-17.95282046],[-42.75773718,-17.93798975],[-42.73470044,-17.92347714],[-42.73497126,-17.90275258],[-42.6879848,-17.89913551],[-42.68351435,-17.88044554],[-42.67271554,-17.87936852],[-42.6731237,-17.90599],[-42.69666967,-17.91388965],[-42.71191049,-17.93560702],[-42.68853388,-17.95249144],[-42.69512742,-17.97473407],[-42.67787109,-17.97397482],[-42.67640369,-17.98134622],[-42.70647619,-18.00784716],[-42.72146072,-18.00418451],[-42.75625066,-18.01863857],[-42.7630306,-18.03743889],[-42.79891862,-18.02094133],[-42.79460684,-18.04567881],[-42.85177776,-18.07304116],[-42.87625521,-18.07619157],[-42.89686796,-18.05507537],[-42.88336663,-18.01356187],[-42.88723436,-18.00540721],[-42.90752795,-18.00313677],[-42.90403105,-18.01675122],[-42.91376438,-18.02627969],[-42.93804368,-18.01684021],[-42.96266104,-18.01883476],[-42.97324764,-18.0003993],[-43.0180766,-17.98065092],[-43.05443174,-17.94021778],[-43.07199856,-17.92660084],[-43.08362404,-17.92792234],[-43.09593265,-17.8768717],[-43.11267733,-17.864551],[-43.1322046,-17.86215519],[-43.14728281,-17.929863],[-43.14258572,-17.95883523],[-43.11859701,-18.0031853],[-43.12783923,-18.01462178],[-43.15080813,-18.02148228],[-43.16878808,-18.04799027],[-43.16432209,-18.09546213],[-43.15627134,-18.09338505],[-43.15444506,-18.07119229],[-43.14153131,-18.06109524],[-43.13474656,-18.06946757],[-43.14328505,-18.10199168],[-43.13727121,-18.11301038],[-43.09275168,-18.1084065],[-43.08183316,-18.08251303],[-43.08023319,-18.05078734],[-43.10368051,-18.02966446],[-43.08157837,-18.02102626],[-43.06577091,-18.02528122],[-43.06711496,-18.01377403],[-43.0535429,-18.00463052],[-43.05123448,-18.02172619],[-43.03775672,-18.02044883],[-43.03288682,-18.0298221],[-43.06493246,-18.06363148],[-43.03505747,-18.07940816],[-43.0123323,-18.11982454],[-42.97137529,-18.16257338],[-43.0283013,-18.16170832],[-43.06463834,-18.12699933],[-43.08390554,-18.12227956],[-43.10518775,-18.12214103],[-43.11779956,-18.13744207],[-43.14706205,-18.13433241],[-43.18346777,-18.18238596],[-43.1982107,-18.22312339],[-43.25432161,-18.24406116],[-43.25739872,-18.28086209],[-43.26690675,-18.28722768],[-43.25593852,-18.30283738],[-43.26636978,-18.31459749],[-43.27954409,-18.31036386],[-43.28179338,-18.2979817],[-43.29609987,-18.28928154],[-43.31725234,-18.29532156],[-43.32860511,-18.3097158],[-43.35480933,-18.29905049],[-43.36552221,-18.30408212],[-43.37342149,-18.31541214],[-43.35337886,-18.35627112],[-43.33377572,-18.34937791],[-43.32999538,-18.33924164],[-43.31137543,-18.33965969],[-43.31099695,-18.31799108],[-43.28409203,-18.32366159],[-43.28305876,-18.38078384],[-43.33170235,-18.422356],[-43.36697539,-18.42928631],[-43.35722471,-18.44650092],[-43.33346436,-18.45530643],[-43.33532243,-18.46331462],[-43.35531762,-18.46683255],[-43.36475395,-18.49291758],[-43.38779553,-18.465811],[-43.41726992,-18.48420471],[-43.42490528,-18.53341636],[-43.43523366,-18.54602619],[-43.42954245,-18.56012536],[-43.45112208,-18.59973129],[-43.46177666,-18.58744795],[-43.45114919,-18.56831992],[-43.45185202,-18.54576633],[-43.44274268,-18.53847828],[-43.455783,-18.52032602],[-43.46608471,-18.52586865],[-43.47606409,-18.598337],[-43.46596918,-18.61743717],[-43.47247542,-18.6537137],[-43.46501319,-18.66824672],[-43.47877854,-18.6844449],[-43.4899503,-18.67058766],[-43.48963573,-18.62254398],[-43.51415321,-18.61220784],[-43.51460199,-18.56865795],[-43.49760045,-18.55715702],[-43.53718001,-18.53824388],[-43.54744304,-18.53821097],[-43.56008828,-18.55369332],[-43.56462173,-18.59493811],[-43.59275768,-18.60868671],[-43.58815554,-18.61752507],[-43.55464676,-18.62801409],[-43.57448244,-18.65190552],[-43.58376072,-18.67901656],[-43.62868448,-18.66671664],[-43.63351495,-18.64735594],[-43.62431092,-18.63865638],[-43.62581819,-18.62004534],[-43.63906849,-18.6110779],[-43.67628608,-18.62867441],[-43.68467791,-18.65142223],[-43.71191212,-18.64376212],[-43.71612853,-18.66500666],[-43.68344223,-18.74351626],[-43.69431245,-18.75598386],[-43.71273467,-18.75879663],[-43.70755991,-18.81988819],[-43.71921507,-18.82016458],[-43.73305314,-18.80595828],[-43.7504222,-18.81293167],[-43.7053863,-18.87461152],[-43.69815872,-18.89859509],[-43.6805928,-18.91217593],[-43.69075373,-18.93233936],[-43.67201206,-18.93115624],[-43.63990549,-18.94977403],[-43.59942463,-19.02377939],[-43.57832904,-19.03280793],[-43.57935983,-19.04908805],[-43.55964158,-19.05457962],[-43.53596138,-19.08344458],[-43.52982618,-19.10800593],[-43.51563378,-19.12014681],[-43.53867205,-19.14161226],[-43.5323576,-19.1629325],[-43.53729752,-19.17545254],[-43.49962833,-19.2084949],[-43.47893868,-19.25044212],[-43.48884647,-19.25903978],[-43.48616329,-19.26771368],[-43.44694389,-19.27919469],[-43.4309788,-19.29933044],[-43.41843031,-19.27086963],[-43.42774999,-19.25845241],[-43.42409213,-19.25035663],[-43.4136476,-19.24739577],[-43.40447253,-19.25749796],[-43.39239219,-19.24613669],[-43.3836806,-19.27888559],[-43.40536025,-19.2879246],[-43.41593545,-19.30595345],[-43.40107773,-19.32747565],[-43.40592841,-19.33766053],[-43.37596027,-19.33648657],[-43.37482434,-19.31961253],[-43.38180343,-19.3132796],[-43.3749204,-19.28220505],[-43.34952183,-19.29345314],[-43.34077314,-19.30735688],[-43.33183993,-19.30152022],[-43.3332387,-19.29168425],[-43.32521433,-19.29257491],[-43.30490737,-19.3053512],[-43.30353033,-19.32100586],[-43.27638758,-19.33959903],[-43.26044672,-19.36227655],[-43.26142344,-19.37195997],[-43.28206365,-19.38412615],[-43.28493948,-19.39777968],[-43.23413691,-19.41402299],[-43.22531469,-19.42632888],[-43.22231008,-19.45682431],[-43.22854342,-19.46178125],[-43.31301041,-19.4286068],[-43.32891882,-19.43147226],[-43.34188059,-19.45085125],[-43.3385057,-19.46102787],[-43.31144479,-19.47811133],[-43.31471446,-19.50294178],[-43.2938552,-19.50733537],[-43.3096276,-19.54102528],[-43.29616305,-19.54079013],[-43.29139764,-19.55877909],[-43.26855299,-19.54554657],[-43.26104699,-19.54883318],[-43.2741013,-19.56248268],[-43.27878821,-19.59032416],[-43.31736137,-19.59020464],[-43.31743239,-19.61158588],[-43.30174239,-19.61397279],[-43.29468971,-19.62503071],[-43.30376519,-19.64245339],[-43.33651664,-19.64460155],[-43.34288482,-19.65245935],[-43.32934873,-19.65946944],[-43.33644912,-19.67477725],[-43.27962105,-19.70280575],[-43.28451743,-19.71907433],[-43.30606491,-19.71172395],[-43.33238714,-19.72018701],[-43.34185608,-19.73433394],[-43.36316043,-19.73544518],[-43.36692525,-19.76166231],[-43.33960507,-19.76285588],[-43.31983485,-19.77735753],[-43.31398043,-19.8069763],[-43.35046191,-19.81323378],[-43.34914057,-19.83752936],[-43.35665079,-19.84315926],[-43.3784491,-19.84339229],[-43.40443127,-19.82625798],[-43.40422801,-19.81210191],[-43.41386944,-19.80486219],[-43.42294146,-19.8058541],[-43.4478194,-19.83461178],[-43.45680791,-19.82305891],[-43.44991481,-19.80171315],[-43.46157193,-19.78461231],[-43.49145897,-19.77954951],[-43.49783901,-19.78932027],[-43.47218018,-19.80704241],[-43.50085026,-19.82283233],[-43.53249769,-19.7717022],[-43.56985096,-19.77445755],[-43.56527909,-19.75940208],[-43.58630364,-19.73632232],[-43.58697404,-19.69940495],[-43.6061808,-19.67831016],[-43.61393698,-19.67896347],[-43.61677639,-19.69838315],[-43.62889832,-19.67947905],[-43.65835878,-19.68228053],[-43.65431464,-19.72600495],[-43.66288616,-19.72919847],[-43.67365121,-19.71906337],[-43.68398284,-19.69599206],[-43.70042744,-19.6958352],[-43.70903119,-19.72743849],[-43.70211804,-19.75591145],[-43.73501899,-19.76560158],[-43.74002655,-19.79739196],[-43.83293672,-19.82755621],[-43.84426903,-19.81205721],[-43.86698772,-19.82721365],[-43.90021754,-19.80214747],[-43.91806785,-19.80274758],[-43.9281863,-19.81960974],[-43.90649241,-19.84249862],[-43.90001701,-19.89612898],[-43.91201204,-19.89784181],[-43.93777883,-19.86487582],[-43.95067745,-19.86587029],[-43.96790368,-19.88299181],[-43.9973416,-19.8882431],[-44.00483788,-19.91146779],[-44.03844293,-19.91984992],[-44.00727779,-19.9579441],[-44.01191344,-19.96765768],[-44.02844087,-19.96548266],[-44.04118202,-19.97622431],[-44.06114782,-19.96486015],[-44.07971182,-19.93123904],[-44.08486592,-19.87026486],[-44.09429656,-19.86635224],[-44.15194985,-19.90172755],[-44.14222527,-19.9215208],[-44.15327392,-19.9300323],[-44.1805737,-19.92033739],[-44.19504473,-19.93188931],[-44.20614424,-19.92952379],[-44.21444778,-19.95897532],[-44.23574469,-19.93073053],[-44.29543459,-19.95457592],[-44.32285456,-19.94279093],[-44.32427952,-19.95584754],[-44.3067755,-19.96718685],[-44.29777764,-19.9934496],[-44.2777052,-19.99882416],[-44.27570685,-20.00912289],[-44.2646124,-20.01278024],[-44.3043042,-20.03978829],[-44.29082994,-20.06189896],[-44.28881321,-20.09079465],[-44.31021387,-20.08990865],[-44.32501594,-20.10989172],[-44.37208734,-20.10509872],[-44.43223114,-20.12902201],[-44.46155621,-20.11619174],[-44.45257468,-20.07470072],[-44.439791,-20.06269143],[-44.45561702,-20.03278813],[-44.47636754,-20.01583373],[-44.45876369,-20.01140262],[-44.44533906,-19.9874754],[-44.48626392,-19.96741595],[-44.49200775,-19.95300972],[-44.48454844,-19.94361469],[-44.50275213,-19.9199306],[-44.51994478,-19.91000684],[-44.5324813,-19.91915613],[-44.55826688,-19.89829081],[-44.53640524,-19.8787312],[-44.54405459,-19.86415763],[-44.53557753,-19.84659798],[-44.5149756,-19.8525337],[-44.50978621,-19.8433594],[-44.53381158,-19.82098041],[-44.56025793,-19.81719056],[-44.57851179,-19.85863805],[-44.600522,-19.8575504],[-44.59849588,-19.80966962],[-44.58725818,-19.80801428],[-44.57602888,-19.79401093],[-44.59330395,-19.77870102],[-44.60066166,-19.74861558],[-44.57745521,-19.73454999],[-44.58895608,-19.7083385],[-44.5675419,-19.64976607],[-44.5719917,-19.64163476],[-44.60219593,-19.65167155],[-44.62274737,-19.63837747],[-44.63458004,-19.64260888],[-44.66023307,-19.62375469],[-44.6616268,-19.60107222],[-44.67822033,-19.59492911],[-44.67118528,-19.56391778],[-44.6388869,-19.57139298],[-44.63109395,-19.56528197],[-44.66324109,-19.54839229],[-44.66080938,-19.53654639],[-44.63731226,-19.52683705],[-44.64473291,-19.51397634],[-44.63728672,-19.50227341],[-44.64298495,-19.47859764],[-44.62999823,-19.45853696],[-44.63615697,-19.45320687],[-44.64501402,-19.45859576],[-44.66380697,-19.44478324],[-44.65341529,-19.42315482],[-44.66880529,-19.39992305],[-44.70459119,-19.39365646],[-44.70376365,-19.41033338],[-44.71647439,-19.4194318],[-44.6962771,-19.44021829],[-44.72161078,-19.46895137],[-44.73713759,-19.46933667],[-44.73977801,-19.48496547],[-44.75107055,-19.48991942],[-44.75663855,-19.50760593],[-44.74777309,-19.52317417],[-44.75828256,-19.55214188],[-44.77142249,-19.56499857],[-44.77036002,-19.58338107],[-44.75935759,-19.59742073],[-44.73655677,-19.60741927],[-44.67959888,-19.65518007],[-44.68659601,-19.66671343],[-44.71144239,-19.6635463],[-44.72146228,-19.67516459],[-44.74621683,-19.6822078],[-44.79724711,-19.64723804],[-44.82772829,-19.65764052],[-44.83911625,-19.66690092],[-44.83815297,-19.68236685],[-44.85018093,-19.68422939],[-44.86805746,-19.67512031],[-44.87255597,-19.65947964],[-44.88674378,-19.64922456],[-44.91676456,-19.65075343],[-44.93545893,-19.66510418],[-44.95849948,-19.61242449],[-44.96965638,-19.61686394],[-44.98445141,-19.59957056],[-44.98558074,-19.63816692],[-45.01237037,-19.59120587],[-45.03773338,-19.59035934],[-45.05963849,-19.61596483],[-45.05817479,-19.64947275],[-45.04551599,-19.66865406],[-45.01114061,-19.68178812],[-44.99333947,-19.66609991],[-44.98887804,-19.67457948],[-44.99564605,-19.68586566],[-44.97986889,-19.69013859],[-44.95462036,-19.72337604],[-44.9235872,-19.71517142],[-44.90594559,-19.72763773],[-44.90311017,-19.74274135],[-44.88368914,-19.75505564],[-44.84488001,-19.71474672],[-44.83592464,-19.71938395],[-44.83231121,-19.73521452],[-44.81756352,-19.74224113],[-44.8095373,-19.76586981],[-44.77778338,-19.77121851],[-44.74965271,-19.78679513],[-44.68135701,-19.7900434],[-44.66926642,-19.80167417],[-44.69448124,-19.80358334],[-44.710146,-19.82269858],[-44.75018079,-19.80838286],[-44.77410301,-19.81452176],[-44.79259728,-19.79584355],[-44.83903634,-19.7757373],[-44.87821595,-19.77696707],[-44.8666592,-19.79275605],[-44.87325624,-19.80952335],[-44.85322911,-19.81418961],[-44.84219706,-19.80510457],[-44.81204961,-19.82732122],[-44.80720321,-19.81899242],[-44.81669753,-19.8040526],[-44.79491539,-19.80498833],[-44.78673074,-19.82983533],[-44.76854625,-19.84744107],[-44.76711967,-19.8710018],[-44.71775644,-19.87589614],[-44.70764004,-19.89282724],[-44.69576654,-19.89628383],[-44.700447,-19.93215064],[-44.71153798,-19.94105944],[-44.69038209,-19.94012978],[-44.67317884,-19.95969635],[-44.69259024,-19.98734331],[-44.66559599,-20.0066208],[-44.62774179,-20.02004717],[-44.62844248,-20.03638497],[-44.61427322,-20.05034654],[-44.63369975,-20.07338354],[-44.63888009,-20.11381443],[-44.68037419,-20.13638888],[-44.6823458,-20.14360502],[-44.66994802,-20.15137865],[-44.67455607,-20.16135519],[-44.70799328,-20.17393339],[-44.67456915,-20.18449727],[-44.64306818,-20.17690043],[-44.64165575,-20.18442367],[-44.66313334,-20.21011972],[-44.63921447,-20.23982004],[-44.67074398,-20.23507524],[-44.67579888,-20.24339521],[-44.663294,-20.26906052],[-44.65250079,-20.25319176],[-44.64534832,-20.25467539],[-44.64128064,-20.27292786],[-44.62048956,-20.28428342],[-44.615264,-20.30412806],[-44.58783322,-20.32079759],[-44.58766227,-20.33019367],[-44.61426472,-20.35802546],[-44.65432397,-20.34358062],[-44.65996041,-20.35999291],[-44.6414963,-20.38625498],[-44.65471766,-20.38908843],[-44.65761696,-20.39855876],[-44.6959251,-20.42083182],[-44.71812856,-20.44376747],[-44.74714022,-20.4494774],[-44.77856894,-20.4670379],[-44.78103471,-20.47580816],[-44.76679256,-20.49025702],[-44.77200646,-20.49601736],[-44.78771967,-20.49666177],[-44.80728266,-20.48327727],[-44.84083992,-20.50475438],[-44.86819849,-20.4833305],[-44.87720955,-20.48826185],[-44.88017489,-20.52207351],[-44.92854069,-20.51895971],[-44.93119326,-20.51360041],[-44.90696785,-20.48828966],[-44.90993967,-20.46841613],[-44.92194039,-20.46451053],[-44.93838431,-20.48168389],[-44.96334024,-20.47515495],[-44.96357128,-20.49438182],[-44.98143495,-20.51057762],[-44.98791804,-20.55112568],[-45.00573715,-20.57134674],[-45.02593855,-20.57650595],[-45.03601375,-20.56881181],[-45.03574577,-20.54438596],[-45.04792859,-20.53239749],[-45.05515611,-20.50332555],[-45.10186491,-20.49916032],[-45.04340471,-20.4791414],[-45.0367838,-20.46691309],[-45.06391731,-20.455642],[-45.06671312,-20.44435199],[-45.03968955,-20.4353729],[-45.03401011,-20.4236105],[-45.07961293,-20.42772876],[-45.13414891,-20.41338246],[-45.12694545,-20.40366995],[-45.10185939,-20.40384912],[-45.11910436,-20.38577793],[-45.11610991,-20.38069459],[-45.07760602,-20.40183658],[-45.03012153,-20.40121783],[-45.07157491,-20.38822088],[-45.10352828,-20.3606783],[-45.06455252,-20.35260883],[-45.05027377,-20.33935286],[-45.08347579,-20.32652084],[-45.07673305,-20.31427811],[-45.08187078,-20.30269872],[-45.06633403,-20.30059297],[-45.03864395,-20.28000478],[-45.05565585,-20.25667362],[-45.07633619,-20.24719124],[-45.07148672,-20.23787702],[-45.03295883,-20.21831667],[-45.06468167,-20.19599735],[-45.05971701,-20.17546728],[-45.07635857,-20.15894539],[-45.04823025,-20.16429886],[-45.04737937,-20.17884011],[-45.02600233,-20.20186572],[-45.00553426,-20.20724094],[-44.9968341,-20.20066846],[-45.01505794,-20.18044704],[-45.00471552,-20.17847126],[-44.98501247,-20.19161717],[-44.96208724,-20.16521081],[-45.00159544,-20.1443657],[-45.02375395,-20.11794742],[-45.04469388,-20.11065827],[-45.03911501,-20.1014795],[-45.00694869,-20.1045613],[-45.0433259,-20.05071996],[-45.00717226,-20.07259954],[-44.98748031,-20.04849294],[-44.99035016,-20.03933196],[-45.01558002,-20.03315067],[-45.03306895,-20.01897243],[-45.00661989,-19.9774894],[-45.02190009,-19.94777322],[-45.05274918,-19.95437386],[-45.05663811,-19.96505391],[-45.07513387,-19.95931904],[-45.0586279,-19.99140196],[-45.06056856,-20.00535343],[-45.08212261,-20.03100523],[-45.09925106,-20.03545435],[-45.10496829,-20.0297255],[-45.08970866,-20.00805172],[-45.13458429,-20.01853099],[-45.14004146,-20.03012854],[-45.13022722,-20.04224297],[-45.13849803,-20.05116581],[-45.13039742,-20.0694936],[-45.13658442,-20.09885715],[-45.14898661,-20.10849897],[-45.17506565,-20.11136604],[-45.1617053,-20.09015088],[-45.17582878,-20.09012637],[-45.18156194,-20.07653324],[-45.2066709,-20.09420726],[-45.21958837,-20.09003575],[-45.22383497,-20.15820153],[-45.21419802,-20.17462099],[-45.22795823,-20.19656258],[-45.25035068,-20.19614934],[-45.25292027,-20.17760262],[-45.27017512,-20.1553706],[-45.25417581,-20.1096169],[-45.24458376,-20.10381498],[-45.24867038,-20.08905661],[-45.21889937,-20.05565567],[-45.2308952,-20.0400717],[-45.25859178,-20.03455498],[-45.26696727,-20.04334216],[-45.25674944,-20.06032934],[-45.25803702,-20.07400926],[-45.27144724,-20.08134947],[-45.27345969,-20.09869104],[-45.28390035,-20.10460243],[-45.27377452,-20.13476255],[-45.28338534,-20.15344809],[-45.30200786,-20.16085938],[-45.29774738,-20.17117674],[-45.31629826,-20.19788006],[-45.34595495,-20.15268494],[-45.34561189,-20.12367277],[-45.37811448,-20.09432581],[-45.37535947,-20.12423389],[-45.39026905,-20.13358268],[-45.36586465,-20.16126833],[-45.38420632,-20.17008202],[-45.41643884,-20.15617017],[-45.43536944,-20.17170577],[-45.4195925,-20.18504466],[-45.42814915,-20.20522005],[-45.40439022,-20.21940871],[-45.4029695,-20.23158857],[-45.4094104,-20.23779407],[-45.41783096,-20.22630087],[-45.43981497,-20.22479017],[-45.45095098,-20.20066057],[-45.45750113,-20.2001677],[-45.46655294,-20.2178463],[-45.4491159,-20.23478006],[-45.45059457,-20.26097852],[-45.46248405,-20.25965589],[-45.46281479,-20.24148667],[-45.48783751,-20.22313328],[-45.47765827,-20.20918497],[-45.4829818,-20.19929283],[-45.5319881,-20.17640368],[-45.50176485,-20.22551847],[-45.5099504,-20.23173131],[-45.52207525,-20.21781549],[-45.52923938,-20.22551552],[-45.51837254,-20.24811],[-45.5382232,-20.25122017],[-45.54505376,-20.26329655],[-45.53865604,-20.27805761],[-45.52791834,-20.28118073],[-45.52759884,-20.30531118],[-45.56322924,-20.34023572],[-45.5630527,-20.36507399],[-45.53881431,-20.37846022],[-45.52812468,-20.3730776],[-45.48001704,-20.38087207],[-45.46975472,-20.40086204],[-45.47888081,-20.41610487],[-45.4960612,-20.42493051],[-45.50402478,-20.4436147],[-45.5000753,-20.48308076],[-45.52734734,-20.50536343],[-45.52175358,-20.51805136],[-45.50324228,-20.51103141],[-45.47632654,-20.51680934],[-45.50054095,-20.53165548],[-45.50035802,-20.55138867],[-45.51244708,-20.56201953],[-45.44652828,-20.58753703],[-45.4413171,-20.60919082],[-45.45124245,-20.6186072],[-45.44415834,-20.64534599],[-45.45025533,-20.6613657],[-45.46588264,-20.66858375],[-45.44824712,-20.67381262],[-45.42420627,-20.66287481],[-45.40281006,-20.68321937],[-45.39926092,-20.69311076],[-45.40926308,-20.70249082],[-45.37456637,-20.76327105],[-45.35724013,-20.74770691],[-45.38245618,-20.70276212],[-45.37819783,-20.67802284],[-45.35937187,-20.67967791],[-45.35113776,-20.7018234],[-45.33370777,-20.70639816],[-45.32510291,-20.70226947],[-45.3228921,-20.68240103],[-45.31124972,-20.67013505],[-45.299294,-20.67638296],[-45.27742112,-20.72804563],[-45.28107439,-20.73915312],[-45.30020954,-20.73637182],[-45.30529172,-20.75156949],[-45.29823353,-20.81000542],[-45.25304682,-20.89995615],[-45.25984132,-20.90990136],[-45.27906631,-20.90942514],[-45.28106747,-20.92520118],[-45.29179711,-20.92977237],[-45.32641019,-20.90926411],[-45.34275518,-20.88862129],[-45.28912734,-20.85192988],[-45.32547613,-20.83677791],[-45.32129263,-20.82698315],[-45.32708598,-20.81868046],[-45.36672596,-20.81525139],[-45.37730858,-20.82329892],[-45.35899797,-20.83903627],[-45.39018772,-20.84745436],[-45.39473604,-20.83032143],[-45.4172766,-20.81643157],[-45.4196106,-20.80747595],[-45.38348653,-20.79609201],[-45.37751943,-20.78564829],[-45.38203025,-20.77783578],[-45.39975157,-20.77792141],[-45.42126577,-20.7611277],[-45.44430895,-20.77548847],[-45.46536024,-20.77686648],[-45.54164683,-20.74106653],[-45.5790262,-20.74137047],[-45.57034245,-20.75405954],[-45.53978666,-20.76294202],[-45.52449667,-20.78113926],[-45.50032995,-20.77985417],[-45.49720012,-20.79905859],[-45.4682877,-20.79423982],[-45.45509484,-20.80423098],[-45.4793646,-20.83379565],[-45.47559577,-20.85800555],[-45.48491136,-20.87574794],[-45.474214,-20.89318412],[-45.49291825,-20.90083449],[-45.48270432,-20.91493471],[-45.47276891,-20.91435691],[-45.45099749,-20.89096596],[-45.41694462,-20.88894506],[-45.4111786,-20.89592921],[-45.44207229,-20.91171728],[-45.42360991,-20.92382354],[-45.44988689,-20.94647158],[-45.44544267,-20.95523015],[-45.43128152,-20.95635461],[-45.43297169,-20.96451321],[-45.46646606,-20.98353992],[-45.48518469,-20.98191608],[-45.49966402,-20.97082904],[-45.51316193,-20.97608425],[-45.55006453,-21.02970936],[-45.5523594,-21.0469852],[-45.53861669,-21.04913698],[-45.51950375,-21.06748754],[-45.48381575,-21.07102632],[-45.47034728,-21.08862629],[-45.47233351,-21.10939518],[-45.45822252,-21.11411915],[-45.45578722,-21.12668234],[-45.43731475,-21.12900522],[-45.41880178,-21.17801881],[-45.4028773,-21.18522141],[-45.37224769,-21.18403839],[-45.36166273,-21.19391893],[-45.36010259,-21.21204983],[-45.36342333,-21.22388217],[-45.38791103,-21.24413453],[-45.41911856,-21.23822474],[-45.42475393,-21.22725109],[-45.41274636,-21.21092188],[-45.47346742,-21.19262259],[-45.50466155,-21.16828939],[-45.52428017,-21.13977883],[-45.50479371,-21.10934196],[-45.53062736,-21.10547048],[-45.53305114,-21.12268934],[-45.56656751,-21.12444839],[-45.54642761,-21.18471201],[-45.59021326,-21.2353849],[-45.59290241,-21.25611024],[-45.56807858,-21.31243271],[-45.52859397,-21.31280207],[-45.51157056,-21.32565226],[-45.50744931,-21.34540338],[-45.46860594,-21.36630044],[-45.47745516,-21.38044323],[-45.50691995,-21.38547275],[-45.52286567,-21.39691224],[-45.5564303,-21.38105795],[-45.58344707,-21.39239505],[-45.60713154,-21.38246447],[-45.63120155,-21.39310884],[-45.64046338,-21.41496528],[-45.67243096,-21.41245841],[-45.67855427,-21.37814901],[-45.70495706,-21.37828233],[-45.71834265,-21.36999045],[-45.80131053,-21.37857193],[-45.80839834,-21.39273576],[-45.82119878,-21.39537474],[-45.8283913,-21.37659139],[-45.82428783,-21.32343457],[-45.8412862,-21.29103186],[-45.83621117,-21.28005424],[-45.81630182,-21.26984582],[-45.71210869,-21.25958028],[-45.69707611,-21.26854921],[-45.6945388,-21.28521851],[-45.65084744,-21.27361772],[-45.61458244,-21.25103359],[-45.61475049,-21.24098297],[-45.91380788,-21.25735092],[-45.92099446,-21.25493321],[-45.92507556,-21.2371569],[-45.94519295,-21.23744446],[-45.95349138,-21.22502326],[-45.93623475,-21.14618386],[-45.85967195,-21.15736435],[-45.84307202,-21.16802957],[-45.81047263,-21.1680246],[-45.77732438,-21.18199409],[-45.8002444,-21.19121048],[-45.81108786,-21.20494676],[-45.71557361,-21.21771986],[-45.62117624,-21.20857104],[-45.60135435,-21.18605358],[-45.63846457,-21.18799534],[-45.65516202,-21.17529704],[-45.63754235,-21.16745326],[-45.62706105,-21.14789244],[-45.64113114,-21.15509265],[-45.6793578,-21.15323106],[-45.69655574,-21.1434472],[-45.8171967,-21.13906726],[-45.87123024,-21.12041378],[-45.89710921,-21.12820438],[-45.92104544,-21.11817898],[-45.92580794,-21.10844795],[-45.95947585,-21.1046892],[-45.96837348,-21.07400512],[-46.00495252,-21.06998633],[-46.0150948,-21.05880758],[-46.01817318,-21.03615309],[-46.00594583,-20.95503695],[-46.02271963,-20.94973661],[-46.03576832,-20.9311798],[-46.08101898,-20.91254996],[-46.13258732,-20.89902173],[-46.15999323,-20.90937252],[-46.17912862,-20.90331832],[-46.17989423,-20.89139808],[-46.19201139,-20.88507783],[-46.25954882,-20.88007385],[-46.31705728,-20.88971021],[-46.36280271,-20.87639516],[-46.37944578,-20.88587962],[-46.40109056,-20.88527483],[-46.43096586,-20.90459684],[-46.46037606,-20.89641832],[-46.47736072,-20.91063828],[-46.51000924,-20.90624161],[-46.53039768,-20.87324869],[-46.56972176,-20.85310051],[-46.57196963,-20.84401163],[-46.60456188,-20.82344602],[-46.68027065,-20.79676784],[-46.70877648,-20.76820092],[-46.73884387,-20.77209389],[-46.76191121,-20.76517429],[-46.78246085,-20.77412794],[-46.79348773,-20.75284498],[-46.79956635,-20.77599682],[-46.81510637,-20.775625],[-46.83273011,-20.79788224],[-46.87331107,-20.79970988],[-46.88255054,-20.7786467],[-46.91699676,-20.76742335],[-46.92592884,-20.73308827],[-46.95771316,-20.71056432],[-46.95997937,-20.65043435],[-46.92956271,-20.62693484],[-46.91115413,-20.62288545],[-46.90903994,-20.61369845],[-46.98030299,-20.58672605],[-47.00700396,-20.58578071],[-47.01373167,-20.57523605],[-47.01211685,-20.55713025],[-47.00022131,-20.55710234],[-46.97687936,-20.53484552],[-46.95368628,-20.54628066],[-46.93700075,-20.54031417],[-46.94249799,-20.5188145],[-46.91725762,-20.43648876],[-46.92180425,-20.40475773],[-46.93277449,-20.40215403],[-46.93501244,-20.39072916],[-46.95452519,-20.38859655],[-46.96571863,-20.40789779],[-46.99229824,-20.42000398],[-47.00905137,-20.39724392],[-47.00953637,-20.37144022],[-47.02642328,-20.35693165],[-47.03536577,-20.3228886],[-47.05117134,-20.32415277],[-47.05537645,-20.34104568],[-47.08029976,-20.32310112],[-47.09415901,-20.32487043],[-47.09753566,-20.3469165],[-47.11056701,-20.35158822],[-47.09823687,-20.41595983],[-47.05705847,-20.43966047],[-47.05549572,-20.44749584],[-47.06781814,-20.46007843],[-47.06177454,-20.47312983],[-47.05040792,-20.47670393],[-47.0489348,-20.49957474],[-47.02913011,-20.50289181],[-47.03141238,-20.52418358],[-47.03885731,-20.52720078],[-47.04316192,-20.51384103],[-47.05836085,-20.52181394],[-47.06775217,-20.51808952],[-47.08395732,-20.47951958],[-47.09283793,-20.48426266],[-47.11063886,-20.52336481],[-47.16836492,-20.50894396],[-47.18545237,-20.49029835],[-47.18584416,-20.46460783],[-47.21459026,-20.44779551],[-47.20881451,-20.427923],[-47.18361881,-20.41873006],[-47.15071245,-20.42472647],[-47.13586851,-20.41496441],[-47.12892512,-20.3941316],[-47.14413404,-20.33499527],[-47.19023424,-20.29930457],[-47.19110857,-20.28541454],[-47.20893169,-20.28006662],[-47.23042686,-20.28306151],[-47.24149099,-20.30147767],[-47.25947747,-20.30301747],[-47.25382612,-20.31881264],[-47.29094954,-20.3282769],[-47.29809923,-20.28123519],[-47.28156467,-20.27687083],[-47.27204355,-20.26095627],[-47.28039086,-20.25117437],[-47.29241062,-20.25684417],[-47.31706322,-20.24698177],[-47.30627606,-20.22715603],[-47.27770613,-20.20485627],[-47.29354726,-20.19259026],[-47.31988312,-20.21867235],[-47.32866744,-20.2031147],[-47.34926552,-20.19281324],[-47.36673819,-20.20266484],[-47.37595836,-20.15997867],[-47.37020896,-20.1408739],[-47.38157754,-20.1403439],[-47.38890352,-20.15419723],[-47.40523887,-20.15111338],[-47.41435819,-20.15983873],[-47.42599317,-20.20653696],[-47.43901649,-20.20598182],[-47.4617778,-20.22576053],[-47.45949005,-20.25179228],[-47.44883883,-20.25294747],[-47.44477593,-20.24238691],[-47.40195109,-20.22221903],[-47.37515956,-20.24877432],[-47.3617318,-20.23881879],[-47.35085881,-20.25185637],[-47.36505853,-20.27641781],[-47.36192629,-20.29826883],[-47.37923354,-20.29330753],[-47.4059989,-20.3067754],[-47.4017966,-20.33627036],[-47.4158892,-20.33646714],[-47.41946728,-20.34884076],[-47.39883815,-20.36670514],[-47.42895644,-20.36786284],[-47.43947732,-20.37924239],[-47.40964852,-20.38149051],[-47.40493947,-20.39663122],[-47.37676885,-20.38779161],[-47.37307579,-20.39821338],[-47.3795477,-20.4078748],[-47.361062,-20.4224423],[-47.380981,-20.4223094],[-47.38542207,-20.43047202],[-47.37788132,-20.44711024],[-47.35832089,-20.44942669],[-47.37308702,-20.47180804],[-47.37132728,-20.48170702],[-47.35130972,-20.46854369],[-47.34366686,-20.47281025],[-47.36094807,-20.49579464],[-47.34621562,-20.51867483],[-47.32846753,-20.51197956],[-47.30963872,-20.51821851],[-47.29558536,-20.50710012],[-47.28345165,-20.5119011],[-47.23517705,-20.50083853],[-47.22971178,-20.51575858],[-47.2186664,-20.51019698],[-47.20893565,-20.52193759],[-47.19857947,-20.51625099],[-47.18917366,-20.52874895],[-47.16365297,-20.53156791],[-47.16024225,-20.53843514],[-47.16925916,-20.54777166],[-47.19726814,-20.5413256],[-47.21119381,-20.55989952],[-47.21899698,-20.53330264],[-47.24070912,-20.52324807],[-47.27977639,-20.54362154],[-47.28511943,-20.57137933],[-47.29116414,-20.55224531],[-47.30661504,-20.54208647],[-47.31406914,-20.5689269],[-47.28937138,-20.59970493],[-47.25454151,-20.58793968],[-47.2323558,-20.59510492],[-47.20035058,-20.5912261],[-47.19322913,-20.60196289],[-47.23616267,-20.65811602],[-47.2549067,-20.65824619],[-47.29607052,-20.63349286],[-47.31030875,-20.67741064],[-47.30457392,-20.69846114],[-47.28152019,-20.70637172],[-47.27899523,-20.72347143],[-47.26813939,-20.71713439],[-47.25999315,-20.72679956],[-47.2426192,-20.71451127],[-47.237389,-20.72679117],[-47.22287092,-20.7329415],[-47.21704494,-20.75968123],[-47.19717134,-20.76575348],[-47.18165816,-20.74833348],[-47.1619047,-20.7734171],[-47.16981344,-20.78225489],[-47.17989306,-20.77226839],[-47.18890266,-20.77461306],[-47.18351814,-20.7917794],[-47.20199743,-20.82344401],[-47.19983759,-20.8324065],[-47.20890052,-20.83803006],[-47.20374989,-20.8517987],[-47.18291837,-20.86187192],[-47.20696799,-20.8747983],[-47.19336005,-20.91357559],[-47.19362061,-20.94865593],[-47.22530532,-20.97805018],[-47.21251347,-20.9922734],[-47.2139994,-21.0133608],[-47.18956328,-21.02964035],[-47.20311392,-21.05155508],[-47.18665418,-21.07590909],[-47.19188168,-21.09059829],[-47.17262329,-21.09878505],[-47.1342909,-21.09629081],[-47.1086904,-21.1189126],[-47.10992916,-21.14128969],[-47.08739557,-21.14041777],[-47.07408002,-21.12715319],[-47.07010583,-21.14703063],[-47.05052336,-21.15969335],[-47.01612075,-21.15140437],[-47.01023026,-21.1654704],[-47.01444074,-21.18758093],[-47.05940262,-21.20723388],[-47.09674835,-21.2643152],[-47.09125459,-21.29667087],[-47.12614265,-21.32543451],[-47.14837768,-21.29561753],[-47.18354929,-21.32810634],[-47.2010276,-21.32619343],[-47.20530275,-21.29888097],[-47.1644036,-21.25827671],[-47.1687392,-21.24833374],[-47.19362817,-21.26272051],[-47.21305421,-21.29078746],[-47.21441433,-21.32278038],[-47.2600976,-21.31511674],[-47.26215383,-21.30425517],[-47.23525854,-21.28403923],[-47.25286571,-21.27699793],[-47.26994649,-21.28546567],[-47.27504044,-21.30751971],[-47.30228475,-21.30737167],[-47.31045257,-21.33864552],[-47.35116137,-21.35260879],[-47.36249533,-21.3453355],[-47.34666969,-21.32899806],[-47.35949629,-21.3162339],[-47.35724063,-21.28386594],[-47.37380778,-21.2605888],[-47.36821251,-21.2537046],[-47.34661619,-21.26874668],[-47.33558928,-21.26563611],[-47.33615398,-21.20700201],[-47.31268654,-21.21136298],[-47.29843435,-21.20048528],[-47.28017112,-21.21121024],[-47.24987473,-21.19731243],[-47.18551379,-21.20918545],[-47.20173063,-21.19977156],[-47.19786312,-21.18969641],[-47.20580513,-21.1745255],[-47.22038598,-21.18658539],[-47.23054925,-21.17915914],[-47.24668497,-21.18581428],[-47.2644477,-21.1748363],[-47.27960438,-21.18219264],[-47.28121107,-21.19551323],[-47.29909757,-21.1875371],[-47.33563217,-21.18920522],[-47.31739514,-21.16058488],[-47.34647901,-21.15462883],[-47.33106281,-21.1475392],[-47.33989334,-21.13589262],[-47.33277826,-21.11963818],[-47.34140028,-21.11492472],[-47.35926246,-21.12593037],[-47.36103723,-21.14243315],[-47.37482843,-21.14913209],[-47.37238856,-21.16179734],[-47.38211788,-21.17959731],[-47.39293615,-21.17935726],[-47.40631185,-21.1991357],[-47.42547044,-21.19637049],[-47.44845031,-21.22263102],[-47.44703886,-21.24411374],[-47.430497,-21.2287137],[-47.41014391,-21.22937751],[-47.4034943,-21.22029813],[-47.38904039,-21.23397463],[-47.38940007,-21.25641203],[-47.40749927,-21.25812385],[-47.40718982,-21.27626643],[-47.41753437,-21.28121763],[-47.41189568,-21.29449967],[-47.43226665,-21.29547064],[-47.43431962,-21.31159477],[-47.45548327,-21.33395813],[-47.46916695,-21.32883374],[-47.48555121,-21.30072592],[-47.50421183,-21.31160667],[-47.51563686,-21.30979929],[-47.52453712,-21.34356868],[-47.52049479,-21.36261488],[-47.5332308,-21.37850017],[-47.57655661,-21.37880347],[-47.59096677,-21.36726798],[-47.61108058,-21.37134005],[-47.61144973,-21.38526191],[-47.59002265,-21.42335989],[-47.56761644,-21.43731479],[-47.57055317,-21.45750912],[-47.53452786,-21.4877452],[-47.51007649,-21.48718759],[-47.51603272,-21.46905843],[-47.50447237,-21.45869684],[-47.5069643,-21.43882351],[-47.53229893,-21.43338811],[-47.53810093,-21.40487332],[-47.52294167,-21.40149956],[-47.51227515,-21.38397325],[-47.48823777,-21.37335772],[-47.44052211,-21.40034812],[-47.43456564,-21.42587157],[-47.41667247,-21.42579384],[-47.42509769,-21.45030835],[-47.41152995,-21.49314853],[-47.38807399,-21.48437591],[-47.37769827,-21.46336364],[-47.36426976,-21.45649063],[-47.35177902,-21.48427677],[-47.33984939,-21.48911557],[-47.33977773,-21.50624154],[-47.32532815,-21.50701555],[-47.32415441,-21.51826734],[-47.30614933,-21.52619648],[-47.31532528,-21.53252636],[-47.31399759,-21.54591118],[-47.34035651,-21.54616722],[-47.34852664,-21.56000857],[-47.32379587,-21.62726328],[-47.30862819,-21.62878499],[-47.30418976,-21.61975858],[-47.28524339,-21.61872708],[-47.27430376,-21.60700594],[-47.28506059,-21.5972925],[-47.28342167,-21.58310242],[-47.27080687,-21.57838727],[-47.26002889,-21.55416169],[-47.23805981,-21.55919526],[-47.2262589,-21.58206089],[-47.23718129,-21.60294929],[-47.25018637,-21.59592483],[-47.26311351,-21.59944131],[-47.27698448,-21.63067846],[-47.31780237,-21.65984005],[-47.31075856,-21.6703875],[-47.29241525,-21.67308894],[-47.29355765,-21.68992327],[-47.31849365,-21.67804284],[-47.3323888,-21.68095367],[-47.31828632,-21.72200827],[-47.28031489,-21.73939557],[-47.31854682,-21.77520076],[-47.36663088,-21.76218727],[-47.35213472,-21.72479235],[-47.37120367,-21.72047847],[-47.37470399,-21.69056],[-47.4064993,-21.71296705],[-47.40866923,-21.73081645],[-47.42489582,-21.73028966],[-47.43277321,-21.7435685],[-47.44211929,-21.73799294],[-47.45605316,-21.74494849],[-47.46257279,-21.73545937],[-47.45846114,-21.72159362],[-47.48706637,-21.71653694],[-47.50168056,-21.73897337],[-47.51272574,-21.74120624],[-47.51559854,-21.73412808],[-47.50595813,-21.72191459],[-47.52072469,-21.71623703],[-47.52728118,-21.69129546],[-47.52268922,-21.6835238],[-47.53156586,-21.67344813],[-47.51300872,-21.67043984],[-47.49526837,-21.681083],[-47.46091947,-21.67402705],[-47.44729721,-21.68193241],[-47.47224417,-21.65069435],[-47.52242361,-21.64770393],[-47.54733168,-21.6339516],[-47.55557824,-21.64282519],[-47.58265237,-21.64069754],[-47.5913291,-21.65994869],[-47.61225345,-21.66283276],[-47.64629307,-21.65979888],[-47.65746802,-21.64990693],[-47.6684412,-21.65428877],[-47.67001113,-21.63754053],[-47.68049878,-21.63469089],[-47.69253366,-21.67541103],[-47.68645474,-21.70109079],[-47.69403324,-21.70859696],[-47.6794746,-21.71711553],[-47.67846411,-21.74287705],[-47.69142504,-21.7525669],[-47.71017351,-21.79270511],[-47.74431462,-21.80186136],[-47.75079785,-21.765533],[-47.73307963,-21.72435815],[-47.73083337,-21.69925854],[-47.74577602,-21.68031234],[-47.74143134,-21.66615207],[-47.75758711,-21.65774515],[-47.77752403,-21.66940137],[-47.7832384,-21.65394691],[-47.80211632,-21.64413656],[-47.79706903,-21.63396846],[-47.76635381,-21.61869507],[-47.79876509,-21.62213469],[-47.80399492,-21.60884485],[-47.81833204,-21.61314305],[-47.82922433,-21.59424156],[-47.85730615,-21.57763096],[-47.91097229,-21.57250862],[-47.9216653,-21.56128676],[-47.95591745,-21.58531949],[-47.96949077,-21.54990599],[-47.99881422,-21.53361144],[-48.0075993,-21.53690951],[-48.00568903,-21.55465441],[-47.99054269,-21.56515484],[-47.9869627,-21.58058187],[-47.97737048,-21.58331724],[-47.96309443,-21.60705586],[-47.95332069,-21.60374518],[-47.89766173,-21.626825],[-47.84634806,-21.62797164],[-47.82203357,-21.63721455],[-47.84537184,-21.69241582],[-47.83762209,-21.70592577],[-47.82546845,-21.69778535],[-47.81124636,-21.71000937],[-47.80771711,-21.72278652],[-47.82060722,-21.73370985],[-47.81936262,-21.7487925],[-47.8054287,-21.74908198],[-47.79674648,-21.73343865],[-47.7790907,-21.74360303],[-47.77541151,-21.75841467],[-47.79532404,-21.77931119],[-47.83319502,-21.78855404],[-47.83945215,-21.80691506],[-47.83472269,-21.81825734],[-47.85892413,-21.84783211],[-47.8891892,-21.81109061],[-47.87912678,-21.78706319],[-47.88266008,-21.77084511],[-47.9015487,-21.76573113],[-47.92811943,-21.78012606],[-47.92724123,-21.79067875],[-47.90422461,-21.78404839],[-47.90542307,-21.79500058],[-47.92369984,-21.8056388],[-47.92132761,-21.81778547],[-47.89848466,-21.84048879],[-47.89998063,-21.8492622],[-47.88587043,-21.86058649],[-47.89326458,-21.88553855],[-47.84875253,-21.87403694],[-47.84939977,-21.89891675],[-47.83338533,-21.90532036],[-47.78853675,-21.88114746],[-47.77044327,-21.8570313],[-47.79629681,-21.82875147],[-47.79817744,-21.80342024],[-47.7809252,-21.811914],[-47.76987556,-21.80772532],[-47.76171175,-21.83104193],[-47.75032854,-21.83252407],[-47.73167746,-21.81289832],[-47.71178734,-21.82426121],[-47.713235,-21.83739516],[-47.72704812,-21.84067383],[-47.73110821,-21.86075972],[-47.71171662,-21.86169997],[-47.70873443,-21.87128711],[-47.71740951,-21.87913145],[-47.70764867,-21.88442542],[-47.69891082,-21.91897365],[-47.72903426,-21.92473886],[-47.7388563,-21.94168107],[-47.75229574,-21.93870513],[-47.75293546,-21.95330988],[-47.78012005,-21.93539189],[-47.80085454,-21.93938787],[-47.8123003,-21.95215831],[-47.83007938,-21.94114592],[-47.84701972,-21.95774667],[-47.82346495,-21.95647801],[-47.80093236,-21.98743598],[-47.80145143,-21.99837691],[-47.81516435,-22.0019507],[-47.81864145,-22.03565304],[-47.7930151,-22.05037976],[-47.81568417,-22.0727773],[-47.80948648,-22.09439852],[-47.81814173,-22.10972304],[-47.80207139,-22.1167906],[-47.77986193,-22.11072968],[-47.76337339,-22.11199836],[-47.75800758,-22.11966874],[-47.74902929,-22.11565607],[-47.73003488,-22.12376849],[-47.72859226,-22.13574553],[-47.72159357,-22.13711712],[-47.70562615,-22.1116914],[-47.66217507,-22.08884663],[-47.65595703,-22.07640937],[-47.67594247,-22.06840827],[-47.69435836,-22.07604347],[-47.70422915,-22.06899137],[-47.75773309,-22.0644173],[-47.76641705,-22.05852363],[-47.76401692,-22.0467937],[-47.74432561,-22.03562405],[-47.69367509,-22.03420956],[-47.66583291,-22.00437165],[-47.65533859,-22.00734092],[-47.65253673,-22.02161922],[-47.66472612,-22.03269672],[-47.64242221,-22.061474],[-47.6269233,-22.05962454],[-47.59930259,-22.02930461],[-47.60531171,-22.02379571],[-47.62241107,-22.02789754],[-47.63286614,-22.00358006],[-47.62188377,-21.99615166],[-47.62791821,-21.98533095],[-47.65639003,-21.99268136],[-47.67125223,-21.97081371],[-47.68802147,-21.96751498],[-47.70319291,-21.9411166],[-47.68713114,-21.92058109],[-47.67484574,-21.93575203],[-47.66738342,-21.93356406],[-47.66288357,-21.89710795],[-47.64455592,-21.87598406],[-47.67309457,-21.86449148],[-47.66312904,-21.84966785],[-47.67919636,-21.83878277],[-47.67123136,-21.81143893],[-47.68806057,-21.8114676],[-47.69597948,-21.80307584],[-47.69378583,-21.7861653],[-47.67253881,-21.75917977],[-47.64180943,-21.79843276],[-47.63313656,-21.78603447],[-47.64698995,-21.76203124],[-47.63885979,-21.74927095],[-47.62373325,-21.75244845],[-47.61620693,-21.76755654],[-47.60536663,-21.75910349],[-47.58207759,-21.78743952],[-47.58265463,-21.79665854],[-47.55758189,-21.81114966],[-47.55592449,-21.82244839],[-47.59771358,-21.85621801],[-47.57906293,-21.87319929],[-47.55158749,-21.85157105],[-47.54327534,-21.82572412],[-47.528751,-21.8138044],[-47.53935988,-21.7969336],[-47.56845471,-21.778476],[-47.54512545,-21.75019028],[-47.53372213,-21.74421561],[-47.51412183,-21.74997322],[-47.50289931,-21.77246943],[-47.44451379,-21.77058874],[-47.43261416,-21.77773153],[-47.4224216,-21.80421243],[-47.39741618,-21.80695484],[-47.3942599,-21.81843039],[-47.40553493,-21.83666146],[-47.3433199,-21.82821812],[-47.37077658,-21.85238876],[-47.39787822,-21.85549687],[-47.41541389,-21.84609359],[-47.45073091,-21.8452934],[-47.41848071,-21.8949432],[-47.42785253,-21.93465036],[-47.40328115,-21.92249686],[-47.38043862,-21.93867416],[-47.33329133,-21.929233],[-47.33314448,-21.93941564],[-47.34963091,-21.9566599],[-47.36355134,-21.95253876],[-47.37523058,-21.96381811],[-47.37390818,-21.98269802],[-47.35407006,-21.98160928],[-47.34693187,-22.00246468],[-47.29724701,-21.98949342],[-47.27954417,-21.96942096],[-47.25671848,-21.96766888],[-47.26245437,-21.95523149],[-47.24884936,-21.91545174],[-47.22679813,-21.89417228],[-47.22509243,-21.8624904],[-47.19123294,-21.83937296],[-47.19740309,-21.82632767],[-47.23376527,-21.81251541],[-47.24059724,-21.78355693],[-47.22614542,-21.7706849],[-47.20696953,-21.76677065],[-47.20529609,-21.74895522],[-47.18428963,-21.74875181],[-47.19566765,-21.70718947],[-47.16012177,-21.66219457],[-47.16199098,-21.64655628],[-47.15256159,-21.63022797],[-47.16062309,-21.62382954],[-47.16399466,-21.59767633],[-47.12549063,-21.57541237],[-47.1342894,-21.55854911],[-47.15132495,-21.56587275],[-47.15910463,-21.5504073],[-47.16871591,-21.55850878],[-47.18260313,-21.54289133],[-47.19647484,-21.5455345],[-47.202641,-21.53018913],[-47.22349182,-21.53395921],[-47.23594998,-21.51498491],[-47.25914536,-21.52061069],[-47.27221072,-21.50525147],[-47.27667566,-21.45875265],[-47.2442677,-21.42955218],[-47.23569634,-21.3513355],[-47.20820011,-21.3556264],[-47.21132302,-21.37026489],[-47.19320795,-21.38608665],[-47.16556356,-21.3363956],[-47.15570249,-21.33187727],[-47.13232584,-21.36484036],[-47.12904405,-21.35073028],[-47.11264913,-21.34500906],[-47.11057863,-21.33359661],[-47.07622304,-21.30333303],[-47.07176317,-21.27293562],[-47.04985675,-21.22569449],[-47.03112905,-21.21443074],[-46.99182538,-21.21612187],[-46.96983801,-21.26419241],[-46.99089003,-21.26565088],[-46.98905681,-21.29316238],[-47.02653061,-21.29955033],[-47.04209822,-21.32311555],[-47.03171299,-21.33799529],[-47.00053855,-21.35293279],[-47.00898649,-21.38552691],[-47.03602459,-21.40249942],[-47.06259587,-21.40499265],[-47.10016035,-21.38299866],[-47.11319517,-21.38542704],[-47.13691209,-21.45174402],[-47.13399286,-21.48421179],[-47.14957818,-21.50986133],[-47.14422485,-21.52135261],[-47.11536552,-21.5329471],[-47.09951262,-21.55284007],[-47.09608058,-21.58223792],[-47.11613766,-21.59925246],[-47.11693913,-21.61804922],[-47.10679849,-21.63125083],[-47.11053876,-21.65760189],[-47.08309092,-21.67265824],[-47.07838367,-21.71405355],[-47.08628971,-21.73227235],[-47.14773808,-21.77107736],[-47.14670333,-21.79506216],[-47.13536921,-21.80375951],[-47.13076075,-21.83260901],[-47.15408938,-21.87230782],[-47.15123376,-21.88172839],[-47.11986059,-21.89445773],[-47.10251643,-21.87020617],[-47.06909301,-21.86677385],[-47.05139798,-21.83712601],[-47.03613928,-21.83423916],[-46.99742683,-21.80189697],[-46.97816934,-21.76092401],[-46.96044451,-21.79002639],[-46.96759426,-21.80586715],[-46.96365354,-21.81562665],[-46.92727553,-21.82768006],[-46.93041108,-21.83997623],[-46.89537054,-21.85390344],[-46.89448595,-21.86335289],[-46.9068362,-21.88998273],[-46.92326374,-21.90158426],[-46.92291754,-21.91407798],[-46.93615915,-21.92194288],[-46.94053924,-21.94100205],[-46.97141235,-21.91248197],[-46.96593689,-21.88825116],[-46.97280369,-21.87852666],[-47.0210558,-21.88414415],[-47.04411035,-21.87857275],[-47.04802359,-21.88423782],[-47.0383069,-21.89996944],[-47.05338546,-21.90456702],[-47.05198218,-21.93421722],[-47.07093837,-21.95159035],[-47.0969603,-21.95966822],[-47.11151005,-21.94285163],[-47.17870876,-21.96985575],[-47.15065389,-21.99211996],[-47.13893438,-22.02151934],[-47.1123595,-22.03600584],[-47.083116,-22.06888132],[-47.01086932,-22.063167],[-46.99312017,-22.07508221],[-46.96417647,-22.07707657],[-46.94187656,-22.09334749],[-46.92510011,-22.08609296],[-46.90664339,-22.09026282],[-46.8985419,-22.1088102],[-46.8788535,-22.11377994],[-46.87776066,-22.1200754],[-46.92629717,-22.13747218],[-46.93756348,-22.15217762],[-46.93332392,-22.15951978],[-46.90444713,-22.16165029],[-46.899018,-22.20174864],[-46.92057154,-22.21675922],[-46.93020571,-22.23559243],[-46.95154224,-22.23523638],[-46.98341901,-22.24789805],[-46.9902246,-22.22942639],[-47.00633954,-22.22360594],[-46.98985579,-22.20256164],[-47.0000421,-22.188243],[-46.99196447,-22.17472958],[-47.01276169,-22.14976576],[-47.02582121,-22.14653043],[-47.03906279,-22.15975027],[-47.02881126,-22.18505077],[-47.0551164,-22.21692403],[-47.0370146,-22.26276005],[-47.05785076,-22.28073085],[-47.09009954,-22.27727508],[-47.08999641,-22.26243634],[-47.08042837,-22.25174714],[-47.10466187,-22.22170201],[-47.11397136,-22.21827706],[-47.1274693,-22.22584172],[-47.14436277,-22.25531479],[-47.13985928,-22.2865116],[-47.11675752,-22.31115568],[-47.07408788,-22.30969232],[-47.06129526,-22.32953873],[-47.04961186,-22.38058311],[-47.06612541,-22.40082537],[-47.06468818,-22.42436998],[-47.08138827,-22.46293518],[-47.09728434,-22.46935205],[-47.11122443,-22.46171409],[-47.11089002,-22.44532287],[-47.11804969,-22.4399097],[-47.1405896,-22.46175009],[-47.13817337,-22.47722739],[-47.15418067,-22.47849914],[-47.17189189,-22.45987116],[-47.19562684,-22.48758028],[-47.20834137,-22.47316589],[-47.19371741,-22.44375616],[-47.22331212,-22.43289196],[-47.19466487,-22.41921947],[-47.20141578,-22.38116154],[-47.19693728,-22.36851481],[-47.23370073,-22.33967666],[-47.23365513,-22.32639503],[-47.24743016,-22.31021391],[-47.23573731,-22.30581217],[-47.22456744,-22.31764876],[-47.21415618,-22.31367485],[-47.19651443,-22.29146455],[-47.187434,-22.25303852],[-47.20119672,-22.23843452],[-47.21245576,-22.20499497],[-47.23192611,-22.18782221],[-47.24089574,-22.1326916],[-47.23740759,-22.10735208],[-47.2521621,-22.09507924],[-47.24392383,-22.08118152],[-47.2546071,-22.06268849],[-47.24088386,-22.05600132],[-47.24524854,-22.046182],[-47.26535255,-22.04274985],[-47.28686389,-22.02553411],[-47.30063641,-22.02834994],[-47.30781752,-22.02091122],[-47.33936425,-22.03103328],[-47.36001804,-22.01877314],[-47.39854563,-22.05457549],[-47.3876535,-22.07092214],[-47.36779818,-22.07827267],[-47.36221878,-22.09743833],[-47.40150993,-22.14224934],[-47.41695434,-22.14491637],[-47.43814642,-22.1364447],[-47.44605457,-22.12768354],[-47.43770802,-22.10406602],[-47.45872528,-22.11261744],[-47.47010342,-22.09567796],[-47.44751016,-22.08065996],[-47.42539862,-22.04752525],[-47.44489061,-22.04356729],[-47.47065781,-22.00141151],[-47.4681054,-21.99102195],[-47.49033349,-21.98955697],[-47.48967739,-21.96712547],[-47.51516752,-21.95910084],[-47.50109565,-21.92600114],[-47.48218041,-21.91932393],[-47.49238671,-21.91190056],[-47.53000535,-21.92954756],[-47.54092201,-21.92101877],[-47.53417242,-21.8981665],[-47.57156951,-21.89912218],[-47.58289849,-21.91611767],[-47.57661559,-21.92697122],[-47.58571011,-21.93609713],[-47.5645472,-21.97874879],[-47.55214201,-21.97467747],[-47.55993165,-21.95983199],[-47.54790703,-21.95190629],[-47.53541447,-21.97387876],[-47.52341755,-21.9740323],[-47.52581444,-21.98546117],[-47.50666977,-21.98638397],[-47.50556802,-21.99658266],[-47.49530865,-22.00147188],[-47.49868067,-22.02082537],[-47.51728085,-22.02284277],[-47.53609246,-22.03808899],[-47.5122074,-22.05028763],[-47.50630103,-22.06503062],[-47.54129102,-22.08924986],[-47.52291806,-22.12426473],[-47.52488974,-22.13971278],[-47.50436621,-22.13784512],[-47.49304311,-22.15229884],[-47.4719896,-22.15060774],[-47.45938141,-22.15977441],[-47.45091013,-22.15254069],[-47.43742253,-22.15735917],[-47.4510911,-22.17046212],[-47.45119512,-22.20234992],[-47.47290508,-22.20750965],[-47.49241949,-22.18784261],[-47.51253028,-22.20152493],[-47.5064111,-22.20995487],[-47.51275846,-22.21976248],[-47.58086572,-22.21031213],[-47.58257778,-22.20309519],[-47.56801691,-22.19408634],[-47.58109715,-22.18917558],[-47.58148524,-22.17921568],[-47.55018759,-22.1528102],[-47.59673257,-22.14170544],[-47.60251764,-22.15790401],[-47.62519587,-22.1651237],[-47.61013977,-22.17877712],[-47.61578028,-22.18749345],[-47.64219572,-22.18458049],[-47.63700933,-22.1704418],[-47.65391939,-22.16171133],[-47.65925952,-22.14709994],[-47.67211339,-22.1639146],[-47.6840035,-22.16048658],[-47.72706164,-22.19118914],[-47.75869572,-22.20126655],[-47.76390307,-22.21077257],[-47.75178022,-22.21271277],[-47.70851105,-22.19619514],[-47.70562629,-22.20162429],[-47.71688045,-22.21055145],[-47.71383713,-22.22038979],[-47.70156895,-22.22212102],[-47.69517694,-22.20732624],[-47.67684275,-22.20473304],[-47.65639855,-22.22610528],[-47.6772391,-22.23656431],[-47.6805132,-22.25354223],[-47.70182831,-22.25713732],[-47.71110837,-22.24977036],[-47.75510858,-22.2614012],[-47.75969155,-22.27633119],[-47.77518475,-22.2816451],[-47.76945165,-22.30419851],[-47.73302836,-22.29631639],[-47.70437456,-22.30027154],[-47.69549601,-22.28623888],[-47.65490296,-22.2612755],[-47.6129684,-22.29726876],[-47.61624269,-22.3067109],[-47.64053741,-22.30188072],[-47.65821449,-22.31379176],[-47.65086096,-22.34715923],[-47.67219868,-22.35662519],[-47.67651318,-22.37741137],[-47.65919698,-22.41324372],[-47.65767349,-22.43668184],[-47.67113349,-22.44182375],[-47.67541885,-22.46172051],[-47.69948261,-22.45887269],[-47.68663069,-22.47499194],[-47.69876789,-22.4812698],[-47.69523376,-22.52286341],[-47.71209079,-22.53019766],[-47.70491064,-22.54134759],[-47.71336291,-22.57287086],[-47.74577727,-22.55894602],[-47.7656699,-22.57600818],[-47.83184625,-22.58009957],[-47.84825421,-22.57447788],[-47.86587167,-22.59716212],[-47.91539244,-22.60344131],[-47.95807385,-22.5999755],[-47.98058318,-22.58335169],[-47.99983345,-22.59392088],[-48.00930614,-22.60960061],[-48.01230717,-22.65369182],[-48.06267925,-22.63903815],[-48.04829501,-22.66459843],[-48.01423487,-22.67477394],[-47.97704306,-22.66955953],[-47.96478602,-22.68776445],[-47.95378438,-22.68621099],[-47.94666974,-22.66553633],[-47.93872397,-22.66370553],[-47.93547492,-22.6794393],[-47.91408527,-22.69368876],[-47.90344386,-22.68254035],[-47.9098549,-22.66426712],[-47.86918613,-22.65259502],[-47.85879315,-22.66845428],[-47.83963501,-22.67221053],[-47.8516823,-22.69953766],[-47.83120837,-22.72167573],[-47.8407524,-22.75651952],[-47.86841886,-22.76768909],[-47.89018324,-22.75517739],[-47.92214998,-22.7525838],[-47.93007311,-22.7673316],[-47.94070015,-22.77071804],[-47.95489952,-22.76403499],[-47.96160935,-22.75020844],[-47.97230691,-22.75720643],[-47.98205475,-22.75131544],[-47.99812655,-22.75588492],[-48.01121795,-22.73747636],[-48.02318823,-22.74886117],[-48.04907627,-22.73426895],[-48.08639752,-22.75332727],[-48.10539958,-22.74772939],[-48.11734266,-22.75916266],[-48.15058475,-22.76683435],[-48.1588436,-22.74222915],[-48.13653189,-22.71742758],[-48.136348,-22.69967547],[-48.08922491,-22.71364239],[-48.07578001,-22.69590934],[-48.09111046,-22.67330841],[-48.19102662,-22.64823729],[-48.20278502,-22.66708781],[-48.20262972,-22.67790421],[-48.1878501,-22.68908462],[-48.1963089,-22.69413027],[-48.22449255,-22.67633413],[-48.22278722,-22.65060855],[-48.23893654,-22.6308072],[-48.2570203,-22.62997923],[-48.27105143,-22.61675051],[-48.3004883,-22.6312373],[-48.28492721,-22.66842922],[-48.25928196,-22.66896673],[-48.2482784,-22.68356974],[-48.25212758,-22.70645691],[-48.27410705,-22.71900518],[-48.28916058,-22.74833548],[-48.27648124,-22.75568288],[-48.26203669,-22.74514518],[-48.25422395,-22.75021267],[-48.2678316,-22.76399203],[-48.26721068,-22.81390364],[-48.2869824,-22.82348395],[-48.27885129,-22.84506691],[-48.26227965,-22.85431879],[-48.26513872,-22.8708506],[-48.24660764,-22.85686611],[-48.23250127,-22.86173489],[-48.23581503,-22.84763353],[-48.2185895,-22.83288881],[-48.21768532,-22.81209631],[-48.19242865,-22.82201337],[-48.18758956,-22.83873278],[-48.20027163,-22.85486358],[-48.17787178,-22.8660643],[-48.16754664,-22.84397718],[-48.15131852,-22.83935618],[-48.13810661,-22.81180685],[-48.09012251,-22.79278611],[-48.04919225,-22.79213424],[-48.03281222,-22.81123528],[-48.01828769,-22.80918625],[-48.01015419,-22.82973832],[-47.98750747,-22.82858705],[-47.96851025,-22.84015167],[-47.96840348,-22.86103241],[-47.9891912,-22.86891923],[-47.99259452,-22.89111321],[-48.00417545,-22.90367891],[-48.00477084,-22.95002707],[-48.02760038,-22.95238489],[-48.03830814,-22.94584485],[-48.05793404,-22.96198568],[-48.05933995,-22.94380108],[-48.0506558,-22.9303061],[-48.0697836,-22.92860531],[-48.06429261,-22.91000626],[-48.07816419,-22.90677904],[-48.09342721,-22.9238035],[-48.11064622,-22.91980117],[-48.09639895,-22.93955806],[-48.10545479,-22.95986949],[-48.10216507,-22.98251064],[-48.12047896,-22.99796528],[-48.1199392,-23.02177014],[-48.15440935,-23.01254467],[-48.17055228,-23.02061599],[-48.16820356,-23.04023297],[-48.18037285,-23.06396376],[-48.21458501,-23.09401519],[-48.20897222,-23.11923848],[-48.18874786,-23.11898869],[-48.16929996,-23.13113989],[-48.16645712,-23.16141279],[-48.17913119,-23.17054679],[-48.17713637,-23.19786775],[-48.19486368,-23.1961071],[-48.20401363,-23.21055589],[-48.22205918,-23.20315608],[-48.23111953,-23.21981232],[-48.21588506,-23.24651164],[-48.20468549,-23.25146823],[-48.19638499,-23.27472515],[-48.17717015,-23.28509643],[-48.18129772,-23.3280181],[-48.24947547,-23.34290183],[-48.25697067,-23.36343797],[-48.28181901,-23.38161438],[-48.28631325,-23.40479784],[-48.29751846,-23.41703317],[-48.32021367,-23.42381641],[-48.33363046,-23.44115936],[-48.35922916,-23.44235211],[-48.40043012,-23.45922879],[-48.41323699,-23.45565064],[-48.40650735,-23.47706517],[-48.41873097,-23.48180615],[-48.43005503,-23.47543983],[-48.43137875,-23.44179176],[-48.46450861,-23.38161189],[-48.49120154,-23.38974744],[-48.51165831,-23.40641367],[-48.52895096,-23.39160597],[-48.53993768,-23.39687982],[-48.55960702,-23.39234396],[-48.58191045,-23.37886117],[-48.58650965,-23.36161613],[-48.62751336,-23.35538472],[-48.64625785,-23.33789115],[-48.6661986,-23.34027093],[-48.68056708,-23.35722124],[-48.69877822,-23.34721153],[-48.71307326,-23.34935476],[-48.71936162,-23.32441535],[-48.75004549,-23.33379814],[-48.75184877,-23.36198671],[-48.76449933,-23.36989882],[-48.78947706,-23.35866918],[-48.80119087,-23.33887623],[-48.81974896,-23.35606371],[-48.82167501,-23.36944772],[-48.83581164,-23.35700697],[-48.86902074,-23.35002318],[-48.87155256,-23.36195846],[-48.88873662,-23.3637067],[-48.89479126,-23.37755806],[-48.90529706,-23.37490809],[-48.91380742,-23.39113618],[-48.93951696,-23.37916077],[-48.94840665,-23.39591584],[-48.93626909,-23.4076565],[-48.94858107,-23.42554549],[-48.91700346,-23.41904068],[-48.91925545,-23.44976255],[-48.8632959,-23.47316922],[-48.85935495,-23.48677459],[-48.87461906,-23.50230504],[-48.87346195,-23.5266509],[-48.84674005,-23.54644017],[-48.82764391,-23.55074906],[-48.82015181,-23.54271401],[-48.85712299,-23.50649832],[-48.83305023,-23.49544348],[-48.82801622,-23.47391543],[-48.81219914,-23.46600653],[-48.82418666,-23.44787093],[-48.82203202,-23.43916627],[-48.73358337,-23.41943579],[-48.69605844,-23.41999177],[-48.67855988,-23.40952914],[-48.65698372,-23.41642495],[-48.63447611,-23.40154655],[-48.60370587,-23.39721727],[-48.58543723,-23.42044662],[-48.58362332,-23.44656861],[-48.57406428,-23.44669179],[-48.55058821,-23.42627554],[-48.54227358,-23.43448645],[-48.53905181,-23.46172709],[-48.51012319,-23.44875955],[-48.50034212,-23.46166023],[-48.4837606,-23.46163227],[-48.47953799,-23.46776153],[-48.48884137,-23.48221981],[-48.47578442,-23.50439781],[-48.48828367,-23.53309984],[-48.42243855,-23.55577752],[-48.41436538,-23.54640346],[-48.40515438,-23.55216204],[-48.39883849,-23.5453533],[-48.36217267,-23.54154041],[-48.33798474,-23.55120346],[-48.32578921,-23.54331129],[-48.31380147,-23.54931682],[-48.24612737,-23.53407204],[-48.21490147,-23.50768555],[-48.19114092,-23.50018144],[-48.17814228,-23.47236712],[-48.12911049,-23.45719659],[-48.11495601,-23.456206],[-48.10959028,-23.4654364],[-48.07311365,-23.46389328],[-48.03143914,-23.49481868],[-48.00979608,-23.48480545],[-47.99806662,-23.49315987],[-47.96832579,-23.49019918],[-47.96102814,-23.50429334],[-47.96384884,-23.52704468],[-47.94880377,-23.54483549],[-47.96685665,-23.56609158],[-47.96798537,-23.59272893],[-47.98219506,-23.59190936],[-48.00018878,-23.61574067],[-48.02664869,-23.62434373],[-48.03717821,-23.64774958],[-48.02410474,-23.65804103],[-48.01113768,-23.63774188],[-47.88607709,-23.60402669],[-47.86753446,-23.62411048],[-47.84102416,-23.63469606],[-47.85741354,-23.65293367],[-47.83515595,-23.67223112],[-47.82631883,-23.7109311],[-47.84395789,-23.71272057],[-47.87217886,-23.69653128],[-47.8766774,-23.71331509],[-47.90577497,-23.72829569],[-47.91911218,-23.72201059],[-47.95645272,-23.72429412],[-47.96508334,-23.71462771],[-47.97529481,-23.74571049],[-48.0050463,-23.7053705],[-48.04044146,-23.71160843],[-48.04888578,-23.72249221],[-48.06613449,-23.72490612],[-48.09855272,-23.74534214],[-48.10296117,-23.73627754],[-48.1413561,-23.7200899],[-48.13305856,-23.70955832],[-48.08795858,-23.69971077],[-48.0916287,-23.69016823],[-48.10780514,-23.68806303],[-48.10898948,-23.669492],[-48.12393814,-23.67237184],[-48.14515301,-23.65250784],[-48.14708895,-23.63928265],[-48.17745381,-23.63460463],[-48.19889976,-23.60379447],[-48.21972556,-23.60216476],[-48.2338977,-23.62136351],[-48.2520934,-23.59394553],[-48.27111927,-23.60312739],[-48.27067424,-23.61767046],[-48.28411917,-23.62184739],[-48.29264647,-23.64251038],[-48.33039914,-23.65338633],[-48.32900705,-23.63598219],[-48.35306591,-23.62678403],[-48.37559324,-23.63543243],[-48.39148998,-23.66364371],[-48.41281873,-23.67674336],[-48.44294114,-23.67327177],[-48.44126342,-23.6597722],[-48.46098956,-23.62089115],[-48.44570931,-23.61054249],[-48.44989546,-23.59941876],[-48.47661669,-23.5975784],[-48.4901048,-23.6266759],[-48.50788802,-23.62558547],[-48.52915546,-23.6496497],[-48.56124998,-23.63051862],[-48.56772409,-23.61595401],[-48.59031118,-23.61319916],[-48.59365531,-23.62072738],[-48.5693284,-23.63492821],[-48.57322846,-23.64861147],[-48.5874039,-23.63635577],[-48.6071019,-23.63776704],[-48.62345699,-23.5892184],[-48.679755,-23.62953541],[-48.69609012,-23.6258268],[-48.71593125,-23.63299694],[-48.71690817,-23.64143894],[-48.70385518,-23.63806555],[-48.70068496,-23.64429884],[-48.72147022,-23.66206051],[-48.75192798,-23.66557372],[-48.77702314,-23.65586277],[-48.81345774,-23.66706872],[-48.82549389,-23.68467242],[-48.85762994,-23.67915809],[-48.88898764,-23.68521946],[-48.89830868,-23.70517746],[-48.87638389,-23.73533977],[-48.88633482,-23.74036913],[-48.89726138,-23.73074432],[-48.9141152,-23.72987514],[-48.91277992,-23.75385863],[-48.88339644,-23.7653193],[-48.86334263,-23.78335794],[-48.85171263,-23.77995401],[-48.83666291,-23.7898032],[-48.82540647,-23.77608874],[-48.81072551,-23.78372679],[-48.79480886,-23.7721341],[-48.78613529,-23.78520058],[-48.75612176,-23.7783852],[-48.74532277,-23.7987566],[-48.73049488,-23.79280764],[-48.70205812,-23.80198041],[-48.69288643,-23.79161464],[-48.64242723,-23.8143695],[-48.63421243,-23.83546186],[-48.59774863,-23.84612331],[-48.57863553,-23.86179557],[-48.55669146,-23.86036454],[-48.51282298,-23.8874448],[-48.46767681,-23.93650632],[-48.47012213,-23.950625],[-48.46229252,-23.95976702],[-48.47345633,-23.98131567],[-48.46489768,-24.00314305],[-48.48499768,-24.01656304],[-48.49736104,-24.00818976],[-48.52758987,-24.01196543],[-48.53833507,-24.01816656],[-48.5459969,-24.03914523],[-48.56245823,-24.02061285],[-48.57680095,-24.02293715],[-48.58880877,-24.04771923],[-48.6170774,-24.06671744],[-48.62396285,-24.08922464],[-48.63725519,-24.09754166],[-48.64778089,-24.08218514],[-48.63836742,-24.061792],[-48.67892726,-24.00424505],[-48.7002364,-23.98437812],[-48.7355473,-23.98615976],[-48.76136224,-24.01104697],[-48.74507538,-24.03388867],[-48.75195552,-24.04563016],[-48.74175171,-24.05728705],[-48.75701919,-24.05853201],[-48.76902177,-24.0850292],[-48.76260337,-24.10238102],[-48.76932737,-24.12914188],[-48.79208024,-24.14198672],[-48.80493514,-24.13981166],[-48.81877966,-24.16889878],[-48.82617812,-24.16100647],[-48.81825533,-24.13756155],[-48.82708046,-24.12254159],[-48.77793979,-24.09079971],[-48.78714801,-24.07502864],[-48.78026587,-24.06711146],[-48.79104086,-24.04967915],[-48.78801529,-24.0353158],[-48.82518379,-24.00058235],[-48.81327112,-23.98844951],[-48.83198772,-23.97815758],[-48.84358941,-23.95922343],[-48.88532805,-23.94177477],[-48.89360176,-23.92363307],[-48.9060209,-23.92127709],[-48.91416395,-23.90530148],[-48.94066331,-23.88675248],[-48.97134806,-23.88255675],[-48.98832128,-23.90806722],[-48.9851523,-23.91720053],[-48.94942881,-23.97681984],[-48.92020209,-23.97962191],[-48.9248976,-23.99368128],[-48.93931841,-23.99771423],[-48.94158945,-24.00589314],[-48.89786612,-24.03354618],[-48.90731383,-24.05053902],[-48.89479123,-24.06131326],[-48.90317653,-24.07698668],[-48.90011604,-24.09918298],[-48.91304047,-24.10358633],[-48.9064129,-24.13499792],[-48.92063062,-24.14395191],[-48.93811679,-24.14034146],[-48.93593071,-24.1003144],[-48.94609142,-24.09596072],[-48.95041866,-24.075217],[-48.96432426,-24.07130562],[-48.96895368,-24.10155561],[-48.96132953,-24.11479404],[-48.97357109,-24.13302547],[-48.99030438,-24.13083845],[-48.9940352,-24.13973643],[-48.9869327,-24.15164386],[-49.02956786,-24.18886679],[-49.04796732,-24.22707614],[-49.05537531,-24.21983712],[-49.05262934,-24.19553878],[-49.01219287,-24.14393233],[-49.06187159,-24.18146574],[-49.07406979,-24.17284861],[-49.07672504,-24.19748228],[-49.11887984,-24.24096811],[-49.13281392,-24.24003901],[-49.14755404,-24.26019851],[-49.14767801,-24.27555707],[-49.17148622,-24.28708215],[-49.18657287,-24.2813501],[-49.21044994,-24.30226133],[-49.22919139,-24.29209393],[-49.27010394,-24.29545256],[-49.29016059,-24.27405874],[-49.28381105,-24.26144831],[-49.29127255,-24.23098005],[-49.3297396,-24.22795946],[-49.35084516,-24.21766355],[-49.34968342,-24.23333014],[-49.3348067,-24.23828015],[-49.34754885,-24.25434408],[-49.33542624,-24.27445891],[-49.33832497,-24.28172565],[-49.35294409,-24.28296881],[-49.37428919,-24.26930043],[-49.39844237,-24.28808234],[-49.39485921,-24.30791158],[-49.42235156,-24.29048968],[-49.43069213,-24.29313807],[-49.438264,-24.31447663],[-49.48911009,-24.31861039],[-49.50331259,-24.3089881],[-49.49598329,-24.28723361],[-49.50137509,-24.27420903],[-49.51402331,-24.29937567],[-49.53657361,-24.31561037],[-49.5285625,-24.32662822],[-49.5371291,-24.33756599],[-49.55742502,-24.34567108],[-49.56908677,-24.33826161],[-49.59242831,-24.37051474],[-49.62630954,-24.35089796],[-49.63940126,-24.35655343],[-49.67833522,-24.33943791],[-49.70633847,-24.31873127],[-49.70368987,-24.3393503],[-49.71794191,-24.37026802],[-49.75013411,-24.36919532],[-49.74792389,-24.38977903],[-49.78029963,-24.39295174],[-49.78274537,-24.41716451],[-49.80979746,-24.40942801],[-49.82126808,-24.41976748],[-49.85966055,-24.40473215],[-49.86759113,-24.43388401],[-49.89964156,-24.42583777],[-49.90964316,-24.44371705],[-49.92394244,-24.44953792],[-49.92652595,-24.47041076],[-49.97395885,-24.47151298],[-49.98350813,-24.47922522],[-49.99502133,-24.47692511],[-50.00291101,-24.49337581],[-50.05924593,-24.50116628],[-50.06377269,-24.5196413],[-50.08827258,-24.54031364],[-50.09053773,-24.56012564],[-50.12079272,-24.55228466],[-50.13777048,-24.5733151],[-50.16319288,-24.57520322],[-50.15247169,-24.59717731],[-50.16241056,-24.60160934],[-50.16708659,-24.61890996],[-50.14774386,-24.63650845],[-50.1660526,-24.63933449],[-50.16683272,-24.65290566],[-50.17583237,-24.65807735],[-50.1613348,-24.6773138],[-50.16605646,-24.68160612],[-50.2025739,-24.65454871],[-50.19229185,-24.63829468],[-50.20366616,-24.63242501],[-50.21657345,-24.60197327],[-50.25764667,-24.58612814],[-50.29162502,-24.53529728],[-50.32206988,-24.506726],[-50.34376323,-24.50416106],[-50.36904598,-24.4837302],[-50.39604679,-24.47565647],[-50.41147309,-24.50028146],[-50.43312749,-24.47770547],[-50.44836359,-24.47848566],[-50.4455738,-24.46335971],[-50.45329832,-24.4489333],[-50.43308169,-24.42542787],[-50.40430835,-24.41910362],[-50.38945515,-24.40200837],[-50.3658,-24.41207381],[-50.36095487,-24.42493176],[-50.34301008,-24.42835956],[-50.33175588,-24.41545594],[-50.32107141,-24.41571479],[-50.31848884,-24.39522353],[-50.30449008,-24.38273585],[-50.27678994,-24.38143661],[-50.2668467,-24.35863704],[-50.27907682,-24.31375435],[-50.27360899,-24.30342133],[-50.25288238,-24.31123033],[-50.23317196,-24.29135256],[-50.18857138,-24.29798313],[-50.17609741,-24.29275638],[-50.139552,-24.32218856],[-50.12245405,-24.30459589],[-50.12658684,-24.28253058],[-50.12113854,-24.27272458],[-50.09485791,-24.2388818],[-50.07425801,-24.22979567],[-50.08792604,-24.21109503],[-50.08429597,-24.19587699],[-50.05186441,-24.21530692],[-50.03746907,-24.20944847],[-50.03446102,-24.18444145],[-50.02125204,-24.18713596],[-50.01599746,-24.17592669],[-49.98360589,-24.19520156],[-49.96389747,-24.1843161],[-49.94233725,-24.15491679],[-49.94443415,-24.13867565],[-49.93618662,-24.13412046],[-49.95758351,-24.11057516],[-49.93907216,-24.09134251],[-49.90727379,-24.09419602],[-49.90968572,-24.12725863],[-49.88716472,-24.1399612],[-49.87858689,-24.13772216],[-49.8594784,-24.10731897],[-49.81718258,-24.11239124],[-49.79687634,-24.09474115],[-49.8093715,-24.07649361],[-49.77989895,-24.05055923],[-49.79087862,-24.0263259],[-49.78412455,-23.99844018],[-49.8016265,-23.99034932],[-49.78460673,-23.97602266],[-49.77111276,-23.9696383],[-49.75566926,-23.97671337],[-49.72566835,-23.97230576],[-49.72458624,-23.98590018],[-49.7425438,-24.00093433],[-49.72399825,-24.00752043],[-49.72410412,-24.0159827],[-49.75675778,-24.03062971],[-49.75126829,-24.05189477],[-49.73618785,-24.0496702],[-49.70526621,-24.01816764],[-49.68470903,-24.02187176],[-49.67796795,-24.00695842],[-49.64110036,-24.01266682],[-49.64318478,-24.02914419],[-49.66183332,-24.04665509],[-49.65795925,-24.06025495],[-49.67733361,-24.07212414],[-49.69797629,-24.06112234],[-49.6964849,-24.0866015],[-49.7236086,-24.11403163],[-49.71415396,-24.13855826],[-49.69327141,-24.14978298],[-49.67429021,-24.13044061],[-49.65922101,-24.13806502],[-49.64183341,-24.127075],[-49.63439936,-24.14048156],[-49.61740302,-24.13119188],[-49.63007509,-24.11275815],[-49.61054265,-24.08564462],[-49.59321547,-24.11250235],[-49.57795457,-24.09632053],[-49.55774384,-24.10349747],[-49.53029375,-24.09469216],[-49.49208734,-24.10599502],[-49.467536,-24.08001555],[-49.46512265,-24.05943533],[-49.45571119,-24.05404805],[-49.46166877,-24.03006498],[-49.45167765,-24.00998948],[-49.407767,-24.01933529],[-49.38442338,-24.01192619],[-49.3596734,-24.02364804],[-49.34171794,-24.0063911],[-49.31350745,-24.00802079],[-49.29044742,-24.0547211],[-49.28841007,-24.09054777],[-49.28124373,-24.09661495],[-49.26977958,-24.09356813],[-49.26122182,-24.07327233],[-49.23868037,-24.05378641],[-49.21999469,-24.05492165],[-49.21252517,-24.03871126],[-49.18947318,-24.02557534],[-49.16536921,-24.03237032],[-49.16476619,-24.05023047],[-49.14520163,-24.07206921],[-49.12546434,-24.04576526],[-49.07805512,-24.04103067],[-49.07475511,-24.04645995],[-49.08685622,-24.06325217],[-49.08360682,-24.07863054],[-49.06924862,-24.0854609],[-49.05019561,-24.07657994],[-49.06566112,-24.04799261],[-49.05072877,-24.02972227],[-49.01148964,-24.00873577],[-49.05127751,-23.98268017],[-49.0251476,-23.97347317],[-49.04496778,-23.95731259],[-49.02295413,-23.93414164],[-49.04194478,-23.9070089],[-49.02113804,-23.87736332],[-49.04234618,-23.88151637],[-49.04437321,-23.86781259],[-49.06096784,-23.87757071],[-49.07960621,-23.87541142],[-49.10837027,-23.84179129],[-49.09728408,-23.82256481],[-49.13625641,-23.79788361],[-49.16766525,-23.80677705],[-49.23049919,-23.79958349],[-49.22442561,-23.77395045],[-49.23531247,-23.74313849],[-49.27318562,-23.72677851],[-49.2827034,-23.73040258],[-49.28662852,-23.74606296],[-49.31693074,-23.74131747],[-49.32239023,-23.72448719],[-49.30330189,-23.71140857],[-49.30160847,-23.68630764],[-49.28664096,-23.67640226],[-49.28541797,-23.60769991],[-49.26166243,-23.62044209],[-49.2538136,-23.61345408],[-49.2663366,-23.57836644],[-49.27890478,-23.56840162],[-49.27281348,-23.54951316],[-49.25047777,-23.5497156],[-49.2373668,-23.53630477],[-49.2292269,-23.54468491],[-49.23151687,-23.56803336],[-49.18905306,-23.58989664],[-49.1646406,-23.59013488],[-49.14425194,-23.56546792],[-49.1722523,-23.54829212],[-49.17421819,-23.52404533],[-49.15219314,-23.50215222],[-49.17037959,-23.49272911],[-49.16142261,-23.47921413],[-49.18456577,-23.47175025],[-49.19276965,-23.44000844],[-49.18536324,-23.43254496],[-49.19262642,-23.41042943],[-49.16135069,-23.39569403],[-49.16498719,-23.34960241],[-49.14831737,-23.34738536],[-49.15255095,-23.36847956],[-49.14650931,-23.37656572],[-49.12514812,-23.37638169],[-49.08884313,-23.39810453],[-49.07903162,-23.37786668],[-49.05237947,-23.37305538],[-49.03891895,-23.35725989],[-49.00462209,-23.35556029],[-48.99845039,-23.32256347],[-49.01140887,-23.32033084],[-49.02552387,-23.33028689],[-49.0359969,-23.32209879],[-49.03170448,-23.30474541],[-49.01767377,-23.2963431],[-49.0288384,-23.28542616],[-49.07393041,-23.29956417],[-49.08397786,-23.2898049],[-49.13815384,-23.29910668],[-49.14332536,-23.28873024],[-49.16657005,-23.27758786],[-49.19759811,-23.27244133],[-49.19500662,-23.28886926],[-49.20601257,-23.3020793],[-49.20447316,-23.32179499],[-49.21738112,-23.34719116],[-49.21912348,-23.37147492],[-49.2389238,-23.3816131],[-49.268922,-23.36099476],[-49.28485215,-23.36181485],[-49.28705862,-23.34377302],[-49.30269021,-23.34525927],[-49.31668508,-23.33463839],[-49.29717449,-23.33135869],[-49.26881103,-23.29899468],[-49.26811823,-23.27771343],[-49.25284521,-23.25397232],[-49.27091364,-23.23981153],[-49.23996225,-23.21748373],[-49.2376491,-23.20321914],[-49.20186319,-23.20758643],[-49.18014431,-23.20139697],[-49.18252487,-23.22177109],[-49.16739878,-23.22842001],[-49.15914206,-23.20403768],[-49.14671518,-23.19635774],[-49.13964341,-23.21348468],[-49.11601566,-23.21163476],[-49.12748265,-23.22617718],[-49.12391933,-23.23088035],[-49.05242896,-23.20374892],[-49.04553466,-23.2117553],[-49.0249001,-23.20994966],[-49.01160426,-23.228727],[-48.99294671,-23.21954243],[-48.98331352,-23.24768981],[-48.9682682,-23.23450227],[-48.95729712,-23.2363874],[-48.95202809,-23.25982598],[-48.94033667,-23.26853883],[-48.89446778,-23.2457347],[-48.88211317,-23.25470786],[-48.85779572,-23.24702184],[-48.8412415,-23.26808899],[-48.83424626,-23.26327081],[-48.83084781,-23.23657709],[-48.80098184,-23.23914986],[-48.79444214,-23.22252043],[-48.78048375,-23.22553927],[-48.76619764,-23.21717205],[-48.78313386,-23.2035351],[-48.76457289,-23.17525688],[-48.73796778,-23.17052639],[-48.72689633,-23.18634151],[-48.69947642,-23.19058792],[-48.68848108,-23.18606557],[-48.680493,-23.16450587],[-48.67231333,-23.17445099],[-48.66114873,-23.16981962],[-48.63345459,-23.19678512],[-48.62386403,-23.19547788],[-48.62245058,-23.17301738],[-48.60384665,-23.18541578],[-48.59977878,-23.16877658],[-48.58551459,-23.16472322],[-48.57964063,-23.17837224],[-48.57172775,-23.17873214],[-48.55156035,-23.15435613],[-48.55708062,-23.13277914],[-48.54407098,-23.13700736],[-48.51865675,-23.13002354],[-48.50032608,-23.11888671],[-48.50340775,-23.10334555],[-48.48540011,-23.10023871],[-48.46775058,-23.11238753],[-48.45271398,-23.10529851],[-48.42652642,-23.11058867],[-48.41518172,-23.1303258],[-48.38032746,-23.11734733],[-48.36185785,-23.12058438],[-48.35064718,-23.13246547],[-48.35896813,-23.14662705],[-48.35456818,-23.15343606],[-48.33720988,-23.14410561],[-48.30100436,-23.15716738],[-48.2906268,-23.15331218],[-48.24999557,-23.18684319],[-48.2241106,-23.18531196],[-48.21765886,-23.18192989],[-48.21976203,-23.17246308],[-48.25587893,-23.13412168],[-48.24673445,-23.11857085],[-48.24315127,-23.06800066],[-48.290285,-23.02995204],[-48.29528984,-23.01319663],[-48.24393786,-23.004217],[-48.21168161,-23.01353936],[-48.18434476,-22.98785594],[-48.18645472,-22.96612567],[-48.22722427,-22.96557917],[-48.24805345,-22.9498597],[-48.27740752,-22.95863069],[-48.29218999,-22.94902571],[-48.30756056,-22.95620423],[-48.33909356,-22.95389946],[-48.33834738,-22.92182287],[-48.35345005,-22.91858503],[-48.36035829,-22.90002134],[-48.375711,-22.91089203],[-48.38328853,-22.89596051],[-48.40288563,-22.89865679],[-48.41237996,-22.91015335],[-48.40788076,-22.92628041],[-48.38953888,-22.91423968],[-48.38095601,-22.93235082],[-48.37130022,-22.93582594],[-48.37306073,-22.95489192],[-48.38717642,-22.97274757],[-48.37214887,-22.97246745],[-48.36610817,-22.99046175],[-48.34759214,-22.99110799],[-48.36027766,-23.0282503],[-48.38777063,-23.0274843],[-48.38560045,-23.05394188],[-48.3975597,-23.05453794],[-48.40881923,-23.02483916],[-48.43242265,-23.00214355],[-48.45375278,-23.01685145],[-48.45682132,-23.04078001],[-48.47940977,-23.02647535],[-48.5037292,-23.02782681],[-48.5038501,-23.07306768],[-48.5133112,-23.09497478],[-48.57489838,-23.11032852],[-48.57189449,-23.12730001],[-48.58206903,-23.13824897],[-48.59583968,-23.1421422],[-48.61093043,-23.13395513],[-48.63401585,-23.14001089],[-48.65626276,-23.12215862],[-48.66821408,-23.1222886],[-48.69889965,-23.14238618],[-48.6992758,-23.15559656],[-48.71118388,-23.1639581],[-48.75761711,-23.1535009],[-48.76993773,-23.13858878],[-48.79051302,-23.13151817],[-48.81867962,-23.13540129],[-48.83507997,-23.1186492],[-48.84251252,-23.14305786],[-48.8591809,-23.14913141],[-48.86672421,-23.12581141],[-48.89543446,-23.12592598],[-48.93059633,-23.11007051],[-48.97692321,-23.10452327],[-49.01476089,-23.07646899],[-49.03204084,-23.08481913],[-49.08848317,-23.08249674],[-49.11346116,-23.09923125],[-49.12461368,-23.05934442],[-49.14244302,-23.06099156],[-49.15104872,-23.04379584],[-49.18657191,-23.06439299],[-49.20621971,-23.04852065],[-49.21798222,-23.05005852],[-49.22784677,-23.06406566],[-49.21728848,-23.07489858],[-49.22477838,-23.07970001],[-49.24882357,-23.06921682],[-49.26071065,-23.05460825],[-49.28001084,-23.05342396],[-49.27121882,-23.03280937],[-49.30117664,-22.99925869],[-49.28875981,-22.99400873],[-49.27884545,-22.97342377],[-49.25184236,-22.99436225],[-49.24854242,-22.98368819],[-49.23896141,-22.98094174],[-49.26908192,-22.95958095],[-49.28484174,-22.96086165],[-49.29615118,-22.94790191],[-49.28839103,-22.92289522],[-49.28125392,-22.92210616],[-49.27630832,-22.93273851],[-49.26318338,-22.93000721],[-49.25564109,-22.90907077],[-49.24286123,-22.9276257],[-49.23371896,-22.90989309],[-49.22365677,-22.90695345],[-49.20920818,-22.92136487],[-49.20478251,-22.87539124],[-49.21428381,-22.86003318],[-49.24359503,-22.85464225],[-49.24814563,-22.86700081],[-49.26725194,-22.87282231],[-49.28007243,-22.86689702],[-49.2905431,-22.87315838],[-49.29806941,-22.86262218],[-49.35356195,-22.86993592],[-49.37673339,-22.8446713],[-49.39664533,-22.86039353],[-49.39903304,-22.87961382],[-49.41652511,-22.88952246],[-49.4283363,-22.8834064],[-49.4349687,-22.89410827],[-49.45236199,-22.89395534],[-49.45357929,-22.88560989],[-49.43518785,-22.86894555],[-49.43948501,-22.85834554],[-49.46577498,-22.87514217],[-49.49410085,-22.85523715],[-49.49665821,-22.83457389],[-49.53051539,-22.83358995],[-49.51847492,-22.79582791],[-49.50065622,-22.81265189],[-49.4754606,-22.81056997],[-49.46730982,-22.82519732],[-49.45282817,-22.83152524],[-49.44893132,-22.8206433],[-49.46016422,-22.80404517],[-49.46063961,-22.77130336],[-49.48484747,-22.78596107],[-49.50261357,-22.78178464],[-49.5152078,-22.76898767],[-49.50357802,-22.73295511],[-49.52384406,-22.7292927],[-49.53067746,-22.70796679],[-49.5257938,-22.69863421],[-49.55131185,-22.69425237],[-49.55248629,-22.67652038],[-49.56678844,-22.66677835],[-49.56840367,-22.65404427],[-49.60368521,-22.65892524],[-49.62262135,-22.69743542],[-49.65903469,-22.69397671],[-49.66475238,-22.72764765],[-49.67961837,-22.7289826],[-49.69667145,-22.74518988],[-49.70591973,-22.73772232],[-49.70421545,-22.72350678],[-49.73021765,-22.7078298],[-49.74965811,-22.71265108],[-49.74676768,-22.73412409],[-49.76208089,-22.73401514],[-49.76873023,-22.75410457],[-49.77996632,-22.7394529],[-49.820994,-22.74675218],[-49.86899294,-22.77537041],[-49.88766785,-22.76720148],[-49.88931436,-22.75556567],[-49.91132633,-22.74762063],[-49.92063626,-22.73433211],[-49.93055879,-22.74589061],[-49.95890851,-22.7395086],[-49.98365866,-22.76918247],[-50.00704927,-22.77567578],[-50.0234558,-22.77132535],[-50.02114525,-22.7895523],[-50.06508718,-22.79033168],[-50.09822393,-22.74410565],[-50.09118125,-22.72967253],[-50.09144567,-22.69240911],[-50.12791849,-22.70780883],[-50.14918304,-22.69412556],[-50.15897484,-22.70671454],[-50.19100885,-22.72118675],[-50.20661545,-22.71820871],[-50.21077037,-22.70549481],[-50.22274894,-22.70020358],[-50.22243467,-22.72423724],[-50.24057054,-22.73729795],[-50.25071463,-22.73340414],[-50.25844328,-22.71103318],[-50.24692092,-22.69692527],[-50.24679623,-22.68183011],[-50.26682516,-22.6810935],[-50.27784175,-22.69128217],[-50.29731911,-22.73916047],[-50.3188834,-22.74978693],[-50.3348,-22.73639734],[-50.33525531,-22.69368244],[-50.36629916,-22.66803944],[-50.38196365,-22.6659702],[-50.39552437,-22.63255149],[-50.41626325,-22.63919256],[-50.42590755,-22.63252377],[-50.4429254,-22.64271443],[-50.43494545,-22.65389298],[-50.44881673,-22.67012185],[-50.4690599,-22.67133649],[-50.46968577,-22.72390644],[-50.48649431,-22.70629904],[-50.48835044,-22.73960811],[-50.49720389,-22.74825603],[-50.50865748,-22.74927203],[-50.52522325,-22.73557631],[-50.53282291,-22.74886954],[-50.55084326,-22.75026055],[-50.58377598,-22.73543768],[-50.58289775,-22.70992556],[-50.59656887,-22.70377758],[-50.58916977,-22.67781495],[-50.61810342,-22.65328151],[-50.61719525,-22.634386],[-50.60731792,-22.63125981],[-50.60847972,-22.62461689],[-50.63225834,-22.61205259],[-50.63954612,-22.5959155],[-50.65140378,-22.6027109],[-50.66801759,-22.59376143],[-50.66561059,-22.58122834],[-50.63198526,-22.5589076],[-50.63260279,-22.55076279],[-50.65889842,-22.56430215],[-50.67075755,-22.56227573],[-50.69027536,-22.57959776],[-50.72449713,-22.58885197],[-50.74978434,-22.60789501],[-50.77549176,-22.60972515],[-50.7999346,-22.60273269],[-50.80660574,-22.5926664],[-50.81522186,-22.61037008],[-50.83305444,-22.59983812],[-50.84221813,-22.57388133],[-50.8557675,-22.57124543],[-50.85987747,-22.53586861],[-50.87801729,-22.52796243],[-50.87790529,-22.51753351],[-50.89406606,-22.51245258],[-50.90478519,-22.50386987],[-50.90315746,-22.49488285],[-50.91958784,-22.48645054],[-50.92553945,-22.52812087],[-50.97202649,-22.54263114],[-50.97644813,-22.56222506],[-50.95283064,-22.55981763],[-50.94221169,-22.57158335],[-50.9621936,-22.57223242],[-50.98397311,-22.58446488],[-50.96906178,-22.62559209],[-50.99852818,-22.62414888],[-50.97752053,-22.64275368],[-50.99972219,-22.65599812],[-51.01561683,-22.64159876],[-51.01559193,-22.62411027],[-50.99926813,-22.60080909],[-51.00590872,-22.57985817],[-51.03066214,-22.61275473],[-51.06475064,-22.62152651],[-51.11223396,-22.58728268],[-51.12042637,-22.56200783],[-51.11252788,-22.53681931],[-51.12047127,-22.53031627],[-51.16495485,-22.58500441],[-51.22055076,-22.58909259],[-51.24592359,-22.56911196],[-51.25080858,-22.54037167],[-51.29434914,-22.50919746],[-51.28899464,-22.48000288],[-51.31192958,-22.47848994],[-51.31846418,-22.46936667],[-51.33823497,-22.48848088],[-51.36298836,-22.474478],[-51.40949138,-22.50362027],[-51.43594556,-22.50103448],[-51.44775398,-22.51384195],[-51.48377524,-22.51495969],[-51.49904541,-22.53218397],[-51.51986183,-22.53573112],[-51.5244918,-22.52382402],[-51.5679099,-22.50725822],[-51.59572896,-22.47165455],[-51.59009109,-22.41017924],[-51.57970545,-22.38832678],[-51.59802073,-22.38228237],[-51.63805928,-22.3856404],[-51.64714105,-22.37863161],[-51.66448061,-22.38393915],[-51.6653943,-22.36121699],[-51.67966887,-22.34011616],[-51.68801532,-22.34536648],[-51.68810974,-22.36388271],[-51.73081427,-22.40515799],[-51.73636668,-22.4486991],[-51.75738419,-22.4692142],[-51.77082197,-22.46961616],[-51.78414429,-22.43928759],[-51.78356346,-22.42208943],[-51.79635902,-22.41247838],[-51.80266787,-22.38690715],[-51.78505382,-22.38941993],[-51.77815902,-22.37838287],[-51.75558982,-22.39208842],[-51.7444624,-22.39005509],[-51.74122141,-22.36563516],[-51.76668585,-22.36368895],[-51.77581622,-22.35140614],[-51.77580263,-22.32586914],[-51.79142467,-22.32708281],[-51.82377817,-22.29902369],[-51.81107979,-22.2466654],[-51.78871381,-22.24356458],[-51.78940409,-22.22633275],[-51.76511842,-22.21412646],[-51.75220967,-22.21458375],[-51.74998606,-22.2295831],[-51.73550489,-22.24182839],[-51.7280242,-22.22991571],[-51.68384114,-22.21383195],[-51.67203892,-22.23541466],[-51.65512299,-22.23529528],[-51.63751535,-22.25492762],[-51.64520578,-22.26353448],[-51.66705537,-22.26539045],[-51.63221348,-22.28922795],[-51.63109318,-22.30943884],[-51.61086463,-22.32747453],[-51.61297506,-22.34494254],[-51.55687472,-22.35333933],[-51.55464183,-22.36361124],[-51.5414444,-22.36985149],[-51.54689743,-22.38726296],[-51.51110966,-22.39108689],[-51.51884581,-22.42836145],[-51.50838158,-22.42908788],[-51.49210208,-22.39226802],[-51.47273488,-22.39360109],[-51.46734373,-22.40482595],[-51.45439746,-22.40318599],[-51.44682254,-22.38449486],[-51.405067,-22.37829922],[-51.39629091,-22.39088184],[-51.3966776,-22.43519992],[-51.36109309,-22.42606355],[-51.34483344,-22.43906074],[-51.33250566,-22.42641961],[-51.32773318,-22.40487574],[-51.27363525,-22.41888653],[-51.26072557,-22.4063618],[-51.25039095,-22.40696787],[-51.24518789,-22.38617069],[-51.23423364,-22.38279384],[-51.24800985,-22.36591209],[-51.23746205,-22.35211802],[-51.24392385,-22.33969263],[-51.24001059,-22.32120934],[-51.25668851,-22.31012957],[-51.29018883,-22.31160223],[-51.29130003,-22.29783415],[-51.28134681,-22.28603367],[-51.28736809,-22.26650211],[-51.24629094,-22.26759182],[-51.23906909,-22.2533659],[-51.27583718,-22.23658349],[-51.2869622,-22.22341728],[-51.27927707,-22.20858014],[-51.29595451,-22.19894876],[-51.28929028,-22.17959457],[-51.26022296,-22.19286167],[-51.24459409,-22.17028855],[-51.23086078,-22.17757478],[-51.2194567,-22.1697583],[-51.22172874,-22.1509034],[-51.21402693,-22.14690176],[-51.19949186,-22.15230155],[-51.19727876,-22.17816898],[-51.19026887,-22.1830444],[-51.16874512,-22.17156703],[-51.14855398,-22.13833062],[-51.13566669,-22.14507415],[-51.13622121,-22.15567682],[-51.12427468,-22.16703449],[-51.10643707,-22.16107279],[-51.10050999,-22.14696455],[-51.08782446,-22.15680279],[-51.08256548,-22.14659865],[-51.07231924,-22.14649903],[-51.06796774,-22.13301588],[-51.07612,-22.12126467],[-51.07112595,-22.09897511],[-51.06252902,-22.08888211],[-51.04848763,-22.0922861],[-51.03745935,-22.08585217],[-51.0458395,-22.07084808],[-51.03908061,-22.05110829],[-51.01511287,-22.03734913],[-50.98116836,-22.0478699],[-50.98470326,-22.08715464],[-50.9578027,-22.10110116],[-50.97094471,-22.10765908],[-50.97358981,-22.13794288],[-50.99177984,-22.16254593],[-50.97903961,-22.16671939],[-50.95924106,-22.14719369],[-50.94901847,-22.15662009],[-50.95398476,-22.20332099],[-50.93525628,-22.22601526],[-50.94964904,-22.23798998],[-50.97329997,-22.24057153],[-50.96852106,-22.2540571],[-50.97424382,-22.2662663],[-50.93993096,-22.27240803],[-50.94534488,-22.30149402],[-50.91763749,-22.30587037],[-50.89314592,-22.32553971],[-50.8702603,-22.32635399],[-50.86326958,-22.31745664],[-50.88013012,-22.31123774],[-50.87089579,-22.2969558],[-50.88868978,-22.27809322],[-50.86039665,-22.27837006],[-50.84901542,-22.26565042],[-50.81716508,-22.30740519],[-50.79739398,-22.31043527],[-50.79347541,-22.32019779],[-50.73391474,-22.29712762],[-50.70385449,-22.32242946],[-50.69695642,-22.34186681],[-50.7070249,-22.35419672],[-50.70774684,-22.37714255],[-50.69088532,-22.39586441],[-50.6535632,-22.3913471],[-50.61188335,-22.40788198],[-50.60593,-22.38479721],[-50.58302347,-22.36521096],[-50.58166803,-22.34905316],[-50.56524043,-22.35776738],[-50.53273057,-22.34247061],[-50.53283972,-22.31265955],[-50.51825253,-22.29527515],[-50.50419386,-22.31039684],[-50.4578196,-22.3104051],[-50.44515205,-22.32418562],[-50.43168717,-22.3165937],[-50.41094774,-22.32043092],[-50.40460423,-22.33417396],[-50.3660712,-22.33596018],[-50.35162207,-22.34872116],[-50.30467369,-22.35672063],[-50.2940603,-22.36853024],[-50.25209901,-22.3680739],[-50.23592933,-22.38182014],[-50.23809979,-22.41366896],[-50.22398882,-22.42825522],[-50.22037511,-22.44476746],[-50.2006971,-22.44652433],[-50.19041113,-22.45963852],[-50.16098517,-22.44059638],[-50.13872735,-22.46564752],[-50.11111344,-22.46857207],[-50.08192821,-22.46077207],[-50.07640117,-22.45241696],[-50.08659465,-22.42417028],[-50.06826485,-22.41478881],[-50.05565184,-22.42861523],[-50.03911635,-22.4148289],[-50.02932711,-22.41650171],[-50.02354353,-22.43102667],[-49.9948134,-22.43477048],[-49.98303893,-22.44577379],[-49.97688997,-22.42789965],[-49.96559249,-22.43646378],[-49.95305896,-22.43052909],[-49.94081303,-22.43720284],[-49.93265584,-22.41700989],[-49.91868353,-22.41893479],[-49.90546595,-22.44498994],[-49.88122617,-22.45780878],[-49.87345021,-22.48451478],[-49.88679313,-22.5187644],[-49.88202451,-22.52918991],[-49.86976892,-22.52905894],[-49.85148093,-22.50966584],[-49.84404912,-22.4964658],[-49.84834367,-22.47366997],[-49.83320052,-22.4691658],[-49.82968315,-22.47950928],[-49.81452585,-22.48308028],[-49.80469719,-22.46028121],[-49.78340556,-22.46631097],[-49.7975484,-22.49592063],[-49.79466035,-22.50782338],[-49.76354202,-22.5249931],[-49.75141786,-22.5237034],[-49.75079015,-22.50090376],[-49.73343537,-22.50799299],[-49.69391025,-22.50677007],[-49.70916897,-22.48514378],[-49.69901421,-22.46552362],[-49.71259591,-22.44550599],[-49.69365683,-22.43592858],[-49.67267848,-22.44830371],[-49.66909152,-22.46454133],[-49.64669766,-22.46758973],[-49.64185807,-22.49963271],[-49.66071901,-22.51629594],[-49.63272094,-22.52787295],[-49.65490663,-22.55379065],[-49.63430699,-22.58508853],[-49.6082418,-22.56655945],[-49.6133794,-22.5496599],[-49.59619696,-22.54474119],[-49.58257201,-22.52925812],[-49.57754001,-22.48169543],[-49.55796217,-22.46665052],[-49.53187487,-22.47657316],[-49.54551492,-22.44889283],[-49.52298029,-22.42040663],[-49.56361491,-22.38484682],[-49.56147681,-22.34650206],[-49.54620922,-22.3374631],[-49.54708891,-22.32538372],[-49.5291683,-22.32856379],[-49.5156804,-22.31388849],[-49.48943146,-22.34626654],[-49.48422213,-22.36607664],[-49.51386537,-22.38717764],[-49.51011052,-22.41347487],[-49.47727393,-22.40132253],[-49.46272456,-22.41958194],[-49.4466307,-22.41611609],[-49.45760291,-22.43222322],[-49.45131321,-22.44289936],[-49.42748782,-22.43687582],[-49.41600255,-22.42571295],[-49.38472649,-22.42835438],[-49.38115107,-22.43831406],[-49.3720142,-22.43895061],[-49.35698431,-22.4214616],[-49.3400664,-22.43660453],[-49.3274705,-22.40519075],[-49.2903691,-22.39048021],[-49.25663553,-22.40675337],[-49.25586445,-22.42071643],[-49.23178299,-22.42831006],[-49.23328224,-22.44342311],[-49.21612523,-22.44197209],[-49.22512254,-22.47563946],[-49.20459748,-22.47714782],[-49.18359557,-22.46284975],[-49.13642603,-22.49002961],[-49.13770847,-22.49692203],[-49.15817948,-22.49641666],[-49.15859748,-22.50890405],[-49.1271541,-22.51382757],[-49.11319811,-22.56019455],[-49.10409374,-22.53834844],[-49.09698936,-22.54005646],[-49.09434929,-22.5565047],[-49.06730191,-22.55440352],[-49.0696574,-22.53264275],[-49.04316586,-22.51771953],[-49.03375968,-22.54810369],[-49.01527358,-22.55615081],[-49.01140361,-22.57375871],[-49.0222744,-22.57375865],[-49.02384606,-22.58664759],[-49.03882943,-22.59035333],[-49.04555483,-22.62231172],[-49.08297814,-22.62904615],[-49.10466799,-22.61184423],[-49.10132641,-22.63880075],[-49.12725739,-22.64882171],[-49.0916222,-22.66825954],[-49.09052687,-22.67912282],[-49.07255426,-22.6895857],[-49.03602452,-22.66272315],[-49.03981302,-22.65104401],[-49.01946345,-22.61787912],[-49.00771579,-22.63110993],[-48.99277337,-22.63371261],[-48.96991125,-22.61724162],[-48.93677382,-22.61776215],[-48.91903773,-22.60961235],[-48.9401385,-22.59310742],[-48.96329039,-22.59833092],[-48.97681563,-22.57442609],[-48.99010762,-22.57073814],[-48.99605633,-22.52959531],[-49.00786442,-22.52324815],[-49.00969015,-22.49914609],[-49.02299453,-22.48682501],[-49.0204899,-22.47274941],[-49.00523862,-22.46522053],[-49.00823252,-22.45774369],[-49.03441046,-22.46156002],[-49.05093157,-22.45341349],[-49.05582482,-22.47790292],[-49.07043651,-22.47943584],[-49.07482649,-22.44955738],[-49.09099525,-22.44613297],[-49.10409288,-22.45617142],[-49.11715044,-22.43017854],[-49.13378292,-22.42218419],[-49.11273045,-22.40098063],[-49.07521576,-22.42773061],[-49.04617487,-22.42038867],[-49.04839758,-22.41208494],[-49.06043685,-22.4126099],[-49.0648672,-22.39966063],[-49.08013096,-22.39704935],[-49.09349945,-22.37218775],[-49.10684507,-22.36407208],[-49.11656618,-22.33353295],[-49.13792564,-22.31732242],[-49.10967934,-22.29731745],[-49.09691901,-22.27187457],[-49.04501954,-22.25112014],[-49.03219976,-22.2362818],[-49.01017067,-22.23877905],[-49.00735737,-22.23218685],[-49.01984556,-22.21788511],[-49.04719914,-22.22326166],[-49.0584177,-22.21680591],[-49.04376591,-22.19866231],[-49.05151893,-22.17956637],[-49.07553944,-22.17051713],[-49.1172313,-22.17970082],[-49.12209829,-22.15701962],[-49.10813853,-22.13727321],[-49.12064918,-22.13414501],[-49.14909043,-22.15319764],[-49.11810847,-22.19370127],[-49.12526381,-22.21582768],[-49.11700986,-22.22535077],[-49.11548343,-22.24689476],[-49.12734392,-22.24507682],[-49.12875448,-22.23344749],[-49.1701032,-22.22823003],[-49.17946087,-22.20625256],[-49.16759979,-22.19384914],[-49.17936908,-22.17668933],[-49.19290372,-22.20238686],[-49.21189492,-22.21358791],[-49.2042975,-22.22317689],[-49.18516988,-22.2181877],[-49.1902779,-22.23528308],[-49.18463893,-22.25163356],[-49.16654771,-22.24621338],[-49.17178678,-22.28954867],[-49.18103735,-22.27535714],[-49.19943596,-22.27064257],[-49.20218008,-22.24746212],[-49.2153785,-22.23297902],[-49.24599205,-22.22817204],[-49.24939829,-22.21705818],[-49.28208338,-22.20091597],[-49.28737599,-22.18988439],[-49.31579031,-22.19687787],[-49.3248766,-22.18148754],[-49.30169049,-22.14372052],[-49.28556595,-22.13987165],[-49.27700716,-22.14969715],[-49.26640538,-22.14725889],[-49.27158475,-22.12393407],[-49.25291772,-22.09541502],[-49.23086321,-21.99705933],[-49.21944318,-22.00648887],[-49.22362829,-22.03004463],[-49.19971223,-22.04242346],[-49.17687585,-22.00418483],[-49.15988254,-22.01004627],[-49.15594373,-21.99723765],[-49.16542889,-21.98845604],[-49.14694779,-21.97668257],[-49.10707337,-21.99254359],[-49.10302988,-22.02087018],[-49.08547398,-22.02091053],[-49.09083437,-22.04356466],[-49.11021139,-22.06211972],[-49.13886113,-22.06046864],[-49.1604197,-22.07728298],[-49.17455437,-22.06988647],[-49.18460983,-22.07384508],[-49.18114437,-22.08893555],[-49.1977633,-22.096556],[-49.17537288,-22.13284274],[-49.16328861,-22.12609298],[-49.17824719,-22.10616141],[-49.15030457,-22.09663803],[-49.13247827,-22.07396412],[-49.11139665,-22.08464969],[-49.06804665,-22.08697074],[-49.06129656,-22.05749088],[-49.05055531,-22.07718117],[-49.0398875,-22.07800123],[-49.04415588,-22.06323132],[-49.02930101,-22.06350886],[-49.01753453,-22.05038536],[-49.02688648,-22.0301421],[-49.00717885,-22.01975949],[-49.01329651,-22.00872456],[-49.00705573,-21.98646061],[-49.02899484,-21.98211219],[-49.02862752,-21.96948907],[-49.01870785,-21.94950016],[-48.99484156,-21.93502323],[-49.00644275,-21.92306158],[-48.9870244,-21.90660136],[-48.98236001,-21.92674542],[-48.95250965,-21.92359463],[-48.9685561,-21.94558095],[-48.96302504,-21.95658456],[-48.93811807,-21.95310644],[-48.92639957,-21.96552846],[-48.91529375,-21.95891832],[-48.89648333,-21.96783804],[-48.9170178,-22.01438056],[-48.92995862,-22.01959815],[-48.91747473,-22.03170655],[-48.91923488,-22.06295729],[-48.88578087,-22.06159744],[-48.8913629,-22.09224548],[-48.88402988,-22.09854844],[-48.88852979,-22.11288352],[-48.88304442,-22.12236536],[-48.89839696,-22.13674955],[-48.880323,-22.16202785],[-48.8645678,-22.16463314],[-48.88590355,-22.17997435],[-48.88518844,-22.18877765],[-48.9019637,-22.2065979],[-48.88755781,-22.21207878],[-48.86010026,-22.19381148],[-48.85775186,-22.2115103],[-48.83789383,-22.22592758],[-48.84430382,-22.24302013],[-48.83708818,-22.26367286],[-48.84732385,-22.2746956],[-48.82658109,-22.30598564],[-48.80501583,-22.32233659],[-48.8062254,-22.33149297],[-48.83142904,-22.34644708],[-48.84821617,-22.34328728],[-48.85741966,-22.35877474],[-48.87611555,-22.34277012],[-48.88878055,-22.34328667],[-48.89269054,-22.35599876],[-48.88369656,-22.37943828],[-48.85267152,-22.40644926],[-48.81305051,-22.41578206],[-48.81510931,-22.44670057],[-48.80027239,-22.44426901],[-48.78684212,-22.45542639],[-48.76405152,-22.45763446],[-48.78384572,-22.47499971],[-48.78592386,-22.49421826],[-48.77789682,-22.49602435],[-48.76305711,-22.47398722],[-48.75369586,-22.47356528],[-48.75288352,-22.48557122],[-48.79364596,-22.52739053],[-48.78792893,-22.54353327],[-48.77469782,-22.53632937],[-48.76450447,-22.51638345],[-48.72573024,-22.51230923],[-48.70880104,-22.49677359],[-48.70604515,-22.50899551],[-48.69261967,-22.51328089],[-48.6749403,-22.53832358],[-48.6802811,-22.55055498],[-48.70004783,-22.55475539],[-48.70039434,-22.5691959],[-48.71571829,-22.56644719],[-48.71500756,-22.57754401],[-48.72790364,-22.58923316],[-48.76207822,-22.59240538],[-48.7693036,-22.57683598],[-48.79275034,-22.57503092],[-48.77863126,-22.59685245],[-48.78150082,-22.61023391],[-48.76075148,-22.60675348],[-48.76381034,-22.62690555],[-48.75719992,-22.63701125],[-48.72991641,-22.63258289],[-48.73619235,-22.66526856],[-48.71550688,-22.65654405],[-48.71438297,-22.61103862],[-48.70406617,-22.60358348],[-48.69707599,-22.62829937],[-48.70231754,-22.64916286],[-48.67924356,-22.64154135],[-48.67126649,-22.64829289],[-48.65990755,-22.64404026],[-48.65529181,-22.65671932],[-48.6436954,-22.65161129],[-48.61707442,-22.6918787],[-48.60268805,-22.68744362],[-48.59408478,-22.67036245],[-48.56062036,-22.67997686],[-48.54079026,-22.67115064],[-48.5298157,-22.6903489],[-48.53938764,-22.70334871],[-48.52711345,-22.70726263],[-48.53985072,-22.7292272],[-48.52571353,-22.75366947],[-48.53276975,-22.76684031],[-48.54373999,-22.76976942],[-48.54353505,-22.82490458],[-48.53607888,-22.8495544],[-48.51036649,-22.84869169],[-48.49867299,-22.85601886],[-48.49525201,-22.83264659],[-48.47777454,-22.82196096],[-48.4612591,-22.84696759],[-48.43931596,-22.85074637],[-48.43369267,-22.83968232],[-48.41033896,-22.83997916],[-48.4085284,-22.82067834],[-48.39315585,-22.81541349],[-48.3912781,-22.80359059],[-48.42568947,-22.78921939],[-48.43779448,-22.76393605],[-48.48445967,-22.75680204],[-48.49730184,-22.7376994],[-48.5061219,-22.69298845],[-48.50048758,-22.68698239],[-48.48376488,-22.69159769],[-48.49592175,-22.67232966],[-48.48960901,-22.66019178],[-48.44733801,-22.64790991],[-48.4522589,-22.61210979],[-48.44357607,-22.59810107],[-48.42356964,-22.59239299],[-48.41944216,-22.55715031],[-48.39540564,-22.53679888],[-48.3988281,-22.52696241],[-48.4128017,-22.52255828],[-48.41271684,-22.49053282],[-48.37853421,-22.48633322],[-48.33277896,-22.50635869],[-48.30238471,-22.47819271],[-48.28628658,-22.44578422],[-48.27423074,-22.44482607],[-48.24468581,-22.47760286],[-48.2286148,-22.45379289],[-48.22217882,-22.45763811],[-48.2248927,-22.46902598],[-48.2073541,-22.47230746],[-48.210172,-22.4815984],[-48.27536698,-22.51212777],[-48.26391846,-22.53196402],[-48.24806308,-22.53125411],[-48.25091967,-22.55661371],[-48.23843912,-22.55048276],[-48.21578704,-22.55435892],[-48.19356872,-22.52889766],[-48.17764695,-22.53542873],[-48.15600035,-22.50210785],[-48.153819,-22.54387332],[-48.10681181,-22.53457851],[-48.09857913,-22.54294808],[-48.0988257,-22.55932712],[-48.05591543,-22.56400783],[-48.03991342,-22.58080765],[-48.04065327,-22.59037496],[-48.02995826,-22.59177444],[-48.02138483,-22.58294708],[-48.03153592,-22.57501426],[-48.02409803,-22.55600855],[-48.00309555,-22.53609748],[-47.94450107,-22.54490609],[-47.93865107,-22.52864883],[-47.91149298,-22.52431986],[-47.88473996,-22.55280924],[-47.87270227,-22.5539046],[-47.85470117,-22.53397683],[-47.82575051,-22.53830897],[-47.80981028,-22.50493241],[-47.78832714,-22.48193122],[-47.76939515,-22.4805041],[-47.76134715,-22.4716368],[-47.73557362,-22.47919055],[-47.7324459,-22.46753058],[-47.74160506,-22.44984077],[-47.72082162,-22.42422091],[-47.72059098,-22.40251387],[-47.7055183,-22.37478453],[-47.70779686,-22.35403852],[-47.72653821,-22.33223637],[-47.74269065,-22.32940254],[-47.7475622,-22.33856204],[-47.77184344,-22.34142837],[-47.80623579,-22.32321443],[-47.82029434,-22.35808697],[-47.85526496,-22.36981162],[-47.8812232,-22.33566697],[-47.90055606,-22.33081733],[-47.89053015,-22.31861191],[-47.90749112,-22.29329016],[-47.9245593,-22.29936386],[-47.93955057,-22.28717715],[-47.94115959,-22.2985848],[-47.96558899,-22.32544437],[-47.94896547,-22.33039915],[-47.94431205,-22.34273901],[-47.97502561,-22.35098937],[-47.96721764,-22.36637453],[-47.97368473,-22.37278413],[-47.99008225,-22.37078473],[-48.01967922,-22.39208849],[-48.04072877,-22.38468076],[-48.0541558,-22.3646689],[-48.08361967,-22.35616341],[-48.11437587,-22.39708315],[-48.14697061,-22.41461932],[-48.14764905,-22.36495614],[-48.15908513,-22.34993743],[-48.15567143,-22.34037155],[-48.17838894,-22.33483245],[-48.26389146,-22.25301055],[-48.28722829,-22.25695334],[-48.30255768,-22.24550511],[-48.30996566,-22.2620698],[-48.32186329,-22.26281879],[-48.31947453,-22.24641287],[-48.33514286,-22.23750473],[-48.33615856,-22.22046117],[-48.34679959,-22.21352584],[-48.33359953,-22.18779644],[-48.35619037,-22.16896239],[-48.32555085,-22.15836799],[-48.3099767,-22.16496315],[-48.27954778,-22.12622694],[-48.22117213,-22.10447669],[-48.20253134,-22.10857472],[-48.1958244,-22.1169255],[-48.20131333,-22.12691994],[-48.17756627,-22.14746045],[-48.16106528,-22.1451708],[-48.16229658,-22.10807536],[-48.19055152,-22.09907807],[-48.18013771,-22.06790232],[-48.18811069,-22.05444827],[-48.18352969,-22.04201825],[-48.19785395,-22.02986053],[-48.18545939,-22.01191275],[-48.2258002,-22.01654925],[-48.22182298,-21.9889836],[-48.2017893,-21.99745999],[-48.19210627,-21.99115652],[-48.19033134,-21.96922509],[-48.2047947,-21.93431878],[-48.21927317,-21.93658337],[-48.21608756,-21.9614745],[-48.22829618,-21.97796941],[-48.25356225,-21.98221133],[-48.26691262,-21.96589266],[-48.2476877,-21.95218115],[-48.25640468,-21.94130419],[-48.24717724,-21.92458177],[-48.27186435,-21.91245816],[-48.28076002,-21.92005836],[-48.3086529,-21.91657121],[-48.30357445,-21.92624474],[-48.31040648,-21.96248243],[-48.29729298,-21.98768361],[-48.30864537,-22.00968764],[-48.28659722,-22.01039023],[-48.28281133,-22.02954665],[-48.24413578,-22.03387903],[-48.22419046,-22.04631316],[-48.2302567,-22.0576625],[-48.25040198,-22.06170663],[-48.252556,-22.07141536],[-48.26283741,-22.07008438],[-48.26932424,-22.04658009],[-48.28105311,-22.055727],[-48.2974795,-22.04370035],[-48.33227241,-22.03573527],[-48.33966446,-22.04096501],[-48.33639788,-22.05140963],[-48.35544935,-22.06495738],[-48.35336073,-22.07434166],[-48.37486997,-22.08685942],[-48.38014002,-22.11020511],[-48.38988634,-22.11879095],[-48.40543704,-22.09314999],[-48.46937712,-22.05829547],[-48.46995958,-22.04204846],[-48.48472863,-22.04253717],[-48.48960481,-22.03027973],[-48.50454694,-22.03041279],[-48.5193304,-22.04064284],[-48.49749753,-22.06552084],[-48.51842065,-22.06145776],[-48.51274117,-22.07777614],[-48.56328544,-22.1137346],[-48.56359822,-22.14802931],[-48.59441385,-22.16911426],[-48.60820356,-22.14074095],[-48.62328527,-22.13655359],[-48.61174056,-22.11814481],[-48.61557745,-22.09839102],[-48.64923652,-22.08339816],[-48.64829945,-22.0517733],[-48.66600233,-22.05729457],[-48.68493635,-22.04352875],[-48.72898946,-22.04201575],[-48.73314575,-22.02650511],[-48.70764703,-21.98617866],[-48.73129063,-21.98025533],[-48.72691191,-21.96075103],[-48.74532537,-21.93743804],[-48.77477573,-21.92150786],[-48.7821213,-21.89224997],[-48.80746514,-21.88737494],[-48.80650424,-21.86671789],[-48.7869257,-21.85210148],[-48.79753284,-21.83534997],[-48.78504976,-21.83295296],[-48.77709922,-21.84259265],[-48.76177705,-21.81974369],[-48.69363868,-21.8556389],[-48.6385437,-21.85143163],[-48.58771557,-21.86771571],[-48.5833076,-21.81294046],[-48.57165218,-21.80863614],[-48.55411998,-21.77928718],[-48.53846625,-21.77686824],[-48.52179292,-21.78641248],[-48.53535677,-21.80393716],[-48.53118932,-21.87028285],[-48.49147042,-21.87328145],[-48.47350208,-21.90689617],[-48.45746315,-21.89993897],[-48.42199738,-21.90586091],[-48.41583742,-21.92650137],[-48.39805117,-21.94109965],[-48.3896275,-21.93891852],[-48.3894248,-21.93028402],[-48.40410656,-21.91771564],[-48.4086566,-21.89221219],[-48.4076246,-21.87666548],[-48.39668425,-21.87072787],[-48.39932731,-21.85477156],[-48.31232629,-21.84882905],[-48.22790934,-21.81587091],[-48.20084918,-21.86570131],[-48.18237998,-21.87287881],[-48.17905795,-21.88697041],[-48.21787135,-21.87050109],[-48.23486903,-21.8729491],[-48.24785789,-21.88506816],[-48.23253655,-21.88815416],[-48.22945002,-21.90385275],[-48.2186,-21.91009898],[-48.19805145,-21.90453502],[-48.17763745,-21.9393444],[-48.11998758,-21.94749711],[-48.09858652,-21.9810384],[-48.1045985,-21.99563976],[-48.08176475,-22.00757797],[-48.09084691,-22.03659056],[-48.03738634,-22.03499785],[-48.00980169,-22.04999648],[-48.02735656,-22.06923165],[-48.07317314,-22.06655071],[-48.11254025,-22.04837026],[-48.12232511,-22.02204457],[-48.14492271,-22.0280562],[-48.14714375,-22.03535096],[-48.13284448,-22.04642663],[-48.13210375,-22.06575928],[-48.11007145,-22.07933458],[-48.10012876,-22.10744825],[-48.0841213,-22.08154474],[-48.05575496,-22.09332687],[-48.02606954,-22.08443055],[-47.98370758,-22.14485509],[-47.97534487,-22.14700515],[-47.97328634,-22.13326222],[-47.95391846,-22.12933287],[-47.92697899,-22.154114],[-47.89914983,-22.16565325],[-47.88801,-22.15285168],[-47.91069806,-22.14490472],[-47.90512321,-22.13614841],[-47.9098427,-22.12776061],[-47.8934477,-22.12600908],[-47.88428301,-22.11213404],[-47.90590595,-22.10994974],[-47.9294423,-22.09598696],[-47.95382384,-22.06735218],[-47.95339316,-22.03640644],[-47.93859352,-22.02389748],[-47.96239667,-22.02366389],[-47.97532024,-22.00660032],[-48.00833978,-22.00555081],[-48.02580897,-21.98545187],[-48.05617643,-21.99715641],[-48.04759367,-21.96722554],[-48.06952681,-21.95838751],[-48.08061595,-21.96796762],[-48.09867436,-21.9494916],[-48.08520491,-21.93419645],[-48.10351735,-21.92519473],[-48.11467768,-21.88759206],[-48.07196314,-21.87712662],[-48.03728199,-21.88533734],[-48.02060372,-21.89343071],[-48.00948242,-21.92246247],[-47.99455325,-21.9263241],[-47.99365554,-21.91005866],[-48.0180842,-21.8771424],[-48.08169181,-21.85668508],[-48.11573296,-21.87460674],[-48.15978571,-21.84264898],[-48.18162935,-21.83730106],[-48.1761216,-21.82279259],[-48.1850479,-21.81382988],[-48.20259668,-21.81663856],[-48.20266476,-21.80072589],[-48.21398311,-21.78749142],[-48.30385695,-21.79658574],[-48.32714474,-21.81491833],[-48.35122777,-21.82014726],[-48.36701812,-21.80962291],[-48.38730959,-21.8152309],[-48.39765787,-21.80339517],[-48.42065643,-21.79691676],[-48.43380806,-21.80509551],[-48.44881738,-21.78749488],[-48.47229268,-21.81036083],[-48.4769402,-21.80072406],[-48.46290377,-21.78210379],[-48.46599602,-21.77114677],[-48.45580387,-21.7545989],[-48.4703957,-21.75379319],[-48.48163002,-21.77009209],[-48.49620785,-21.77130926],[-48.50589797,-21.75798742],[-48.4971118,-21.74362304],[-48.51706012,-21.72789674],[-48.48439892,-21.7040277],[-48.44251807,-21.70788889],[-48.43200377,-21.69863108],[-48.41180155,-21.69883416],[-48.40353534,-21.68927461],[-48.38820781,-21.69473137],[-48.345837,-21.68587861],[-48.31986582,-21.69654068],[-48.28087052,-21.69396016],[-48.24856647,-21.67614387],[-48.23050027,-21.63866821],[-48.21164337,-21.6321998],[-48.17935924,-21.60121239],[-48.178559,-21.57680352],[-48.16745636,-21.5697454],[-48.14582887,-21.57278058],[-48.12931666,-21.59596197],[-48.09944396,-21.60798316],[-48.10766916,-21.6244319],[-48.1461928,-21.63465858],[-48.14961355,-21.66212299],[-48.13686751,-21.67296648],[-48.14057424,-21.68950145],[-48.13176161,-21.69860732],[-48.08382903,-21.69754444],[-48.07430583,-21.7162445],[-48.12526158,-21.75727145],[-48.13056756,-21.76992844],[-48.1226079,-21.7777131],[-48.13811367,-21.78948314],[-48.13901376,-21.80346259],[-48.12254378,-21.80000218],[-48.11499382,-21.78653559],[-48.0948767,-21.77535184],[-48.08759739,-21.79012766],[-48.09731385,-21.79436701],[-48.10328802,-21.8113284],[-48.08553171,-21.81374949],[-48.0637628,-21.8478504],[-48.03952948,-21.83897232],[-48.02880214,-21.84134352],[-48.02555575,-21.8555349],[-48.00660838,-21.85458468],[-48.00725496,-21.84247833],[-48.03114634,-21.81874896],[-48.03739197,-21.78677568],[-48.02536145,-21.77388778],[-48.02446752,-21.74697299],[-47.99567449,-21.71996904],[-47.99678397,-21.65002661],[-48.009265,-21.6579758],[-48.01479324,-21.67559347],[-48.02966511,-21.67695501],[-48.01914964,-21.65641349],[-48.01280396,-21.58175038],[-48.02537334,-21.56785845],[-48.02515364,-21.55668725],[-48.05930003,-21.57043078],[-48.05536389,-21.55763672],[-48.03588989,-21.54634948],[-48.05522095,-21.52502125],[-48.07711045,-21.52837211],[-48.09042794,-21.51449061],[-48.07860784,-21.49412001],[-48.09432182,-21.48051149],[-48.09384243,-21.46041557],[-48.11130436,-21.45490183],[-48.11610531,-21.42148519],[-48.1501573,-21.37283308],[-48.14078371,-21.30827509],[-48.12602078,-21.32213896],[-48.12631398,-21.33756916],[-48.10895079,-21.35294662],[-48.09199917,-21.34995323],[-48.05585587,-21.38142026],[-48.05628087,-21.39305235],[-48.0436079,-21.40650376],[-48.04524068,-21.44181131],[-48.02797859,-21.46706687],[-47.99945862,-21.48034826],[-47.96118814,-21.48155647],[-47.94744939,-21.48891258],[-47.92443837,-21.48987881],[-47.90379661,-21.47864808],[-47.88754744,-21.49324151],[-47.85637294,-21.50100246],[-47.83502537,-21.52403496],[-47.81176409,-21.52350145],[-47.79853323,-21.54556139],[-47.78338405,-21.53868714],[-47.73926193,-21.544194],[-47.73226984,-21.55235245],[-47.74044873,-21.56551027],[-47.72586561,-21.5842806],[-47.72577729,-21.60286628],[-47.71319428,-21.60182524],[-47.70613916,-21.57245217],[-47.67785383,-21.56929458],[-47.67270255,-21.55985253],[-47.71161853,-21.54664616],[-47.73628064,-21.51519047],[-47.77009868,-21.50208256],[-47.79954836,-21.47832457],[-47.81897211,-21.48080053],[-47.83297653,-21.45487019],[-47.79923639,-21.45206176],[-47.68796492,-21.50976646],[-47.68449232,-21.52296486],[-47.6521553,-21.52669493],[-47.64511835,-21.46486907],[-47.66788131,-21.43670388],[-47.66512057,-21.42792491],[-47.6792153,-21.40544752],[-47.70023308,-21.39314917],[-47.69818468,-21.37859411],[-47.70768232,-21.37438658],[-47.71054168,-21.3596688],[-47.67256678,-21.34326217],[-47.67108066,-21.30730535],[-47.64892337,-21.27210806],[-47.63246704,-21.28467853],[-47.62695391,-21.31387069],[-47.59482494,-21.33713065],[-47.57858053,-21.33054811],[-47.57586786,-21.29012323],[-47.54843366,-21.26217068],[-47.54499945,-21.23460731],[-47.5548601,-21.22627564],[-47.57222886,-21.22771826],[-47.57007784,-21.21537773],[-47.58307857,-21.19085759],[-47.62183757,-21.18789528],[-47.63126761,-21.155563],[-47.64868938,-21.14715892],[-47.66874746,-21.15962505],[-47.67096588,-21.21133971],[-47.69313016,-21.22143171],[-47.70653622,-21.20999365],[-47.7276486,-21.21477029],[-47.73696826,-21.19722982],[-47.75072431,-21.19428832],[-47.75926769,-21.23701721],[-47.77477894,-21.23571394],[-47.7856839,-21.21745261],[-47.77652803,-21.18526067],[-47.78271963,-21.1525318],[-47.81727765,-21.14587116],[-47.82145809,-21.11391604],[-47.7637829,-21.08486879],[-47.76435979,-21.110905],[-47.68850376,-21.13837838],[-47.65311073,-21.10550829],[-47.66095529,-21.07224563],[-47.64602534,-21.0742246],[-47.62474197,-21.09268724],[-47.59929639,-21.08823423],[-47.59527246,-21.0774964],[-47.60499308,-21.05725085],[-47.59293945,-21.04923895],[-47.58364755,-21.06453332],[-47.56878037,-21.05940753],[-47.54794599,-21.00837441],[-47.53237431,-21.02763677],[-47.49256825,-21.02032103],[-47.48001691,-21.0366502],[-47.45412572,-21.03607873],[-47.45168522,-21.05847188],[-47.42923193,-21.03698947],[-47.43038497,-21.02676875],[-47.45149479,-20.99534767],[-47.47416947,-20.9845817],[-47.48828456,-20.98705793],[-47.50853711,-20.97259669],[-47.52795427,-20.97177734],[-47.5342723,-20.98405894],[-47.54470321,-20.98333001],[-47.5469424,-20.95476542],[-47.55807038,-20.95012465],[-47.57177632,-20.95533396],[-47.57027762,-20.96778265],[-47.58083658,-20.97476533],[-47.63963789,-20.97306539],[-47.66703129,-20.96289264],[-47.69111773,-20.97277725],[-47.71913656,-21.0004774],[-47.74442292,-20.99841124],[-47.73550147,-20.9836919],[-47.71835261,-20.97822838],[-47.74077331,-20.96456956],[-47.73642504,-20.95018278],[-47.7123231,-20.94484217],[-47.68508521,-20.95764615],[-47.64968903,-20.92794681],[-47.70616219,-20.93736677],[-47.71770668,-20.9293758],[-47.73805327,-20.93683131],[-47.76029114,-20.9207447],[-47.75816635,-20.91088505],[-47.73592133,-20.89860839],[-47.70112878,-20.90526714],[-47.68263979,-20.89675536],[-47.66321257,-20.90712922],[-47.67058766,-20.8894887],[-47.65459151,-20.88648864],[-47.65292124,-20.87275353],[-47.66311238,-20.87062915],[-47.70085858,-20.88834006],[-47.74036229,-20.88661601],[-47.76607507,-20.89405776],[-47.76257133,-20.8810241],[-47.73579015,-20.87363609],[-47.71152648,-20.85510314],[-47.6836472,-20.85717599],[-47.69788524,-20.84214578],[-47.73958912,-20.84061268],[-47.78910007,-20.88425645],[-47.77997594,-20.92655564],[-47.79437491,-20.91617344],[-47.81632267,-20.91797067],[-47.80930225,-20.89159366],[-47.83227092,-20.88779598],[-47.84010885,-20.8798541],[-47.83809478,-20.86850935],[-47.80860585,-20.87259983],[-47.81222914,-20.85216367],[-47.8056675,-20.84201573],[-47.77290045,-20.84243401],[-47.73682112,-20.8245064],[-47.73568193,-20.81498502],[-47.76817033,-20.79660192],[-47.79155136,-20.82901575],[-47.80557334,-20.81566327],[-47.8199441,-20.84250995],[-47.84098948,-20.84352884],[-47.834064,-20.82095659],[-47.78998733,-20.79360616],[-47.79680874,-20.78512663],[-47.80539945,-20.79417722],[-47.81561638,-20.79032927],[-47.80477196,-20.76810095],[-47.82165677,-20.76760559],[-47.82324334,-20.78134195],[-47.8358351,-20.78578153],[-47.84144303,-20.80337296],[-47.86787827,-20.80311864],[-47.86978785,-20.7920248],[-47.85171389,-20.76839503],[-47.86939515,-20.75842292],[-47.88527001,-20.78112544],[-47.90559408,-20.77236632],[-47.90355385,-20.75349335],[-47.91546443,-20.73420591],[-47.88169673,-20.73717696],[-47.86817521,-20.74913105],[-47.82909563,-20.75360082],[-47.80979578,-20.74692275],[-47.78586751,-20.76140605],[-47.78159436,-20.74807103],[-47.81615497,-20.73310866],[-47.81363617,-20.71504548],[-47.82472198,-20.71621872],[-47.83654587,-20.7424694],[-47.85497021,-20.72703743],[-47.88950494,-20.72474159],[-47.92593417,-20.70965571],[-47.92879132,-20.69300184],[-47.94112242,-20.69636954],[-47.98460037,-20.68049463],[-47.98680054,-20.66607783],[-47.97225448,-20.65974649],[-47.89862394,-20.69194956],[-47.88997692,-20.67909618],[-47.92818443,-20.6616099],[-47.92941663,-20.64691425],[-47.95084227,-20.6498856],[-47.94820408,-20.63110802],[-47.96097832,-20.62575031],[-47.95823097,-20.61287027],[-47.9691714,-20.61145733],[-47.9677998,-20.59960102],[-47.98792492,-20.58462118],[-47.97916086,-20.57813542],[-47.95080894,-20.59131752],[-47.93435277,-20.58349144],[-47.93247431,-20.56729547],[-47.92470107,-20.56621964],[-47.91572007,-20.58579337],[-47.92336311,-20.61369286],[-47.89057445,-20.62955299],[-47.86602261,-20.6234616],[-47.87246742,-20.66308955],[-47.86593891,-20.66317322],[-47.85597153,-20.64310791],[-47.85297623,-20.6603112],[-47.82418605,-20.65653105],[-47.84670956,-20.68512032],[-47.83580165,-20.70022811],[-47.82211834,-20.69998262],[-47.79917419,-20.68481822],[-47.79305523,-20.66531343],[-47.77759396,-20.66568264],[-47.7760375,-20.68043416],[-47.78761817,-20.69689414],[-47.77793123,-20.71853226],[-47.76515698,-20.69737802],[-47.74181572,-20.69954333],[-47.72582135,-20.67677757],[-47.71754911,-20.67694542],[-47.71254889,-20.68860588],[-47.73670174,-20.71353448],[-47.73289116,-20.7412571],[-47.71296691,-20.73514382],[-47.6914604,-20.69158285],[-47.681492,-20.70135701],[-47.65910298,-20.69133312],[-47.64231958,-20.69633746],[-47.63987027,-20.70396791],[-47.65052219,-20.71188454],[-47.68634547,-20.72091172],[-47.67647274,-20.74362937],[-47.68719391,-20.76814649],[-47.67694429,-20.76635461],[-47.65822436,-20.739906],[-47.6441739,-20.73355945],[-47.63311251,-20.74589406],[-47.65230585,-20.79711305],[-47.64857108,-20.81541299],[-47.6395526,-20.81465381],[-47.63101178,-20.79064875],[-47.60892089,-20.79758987],[-47.60830201,-20.77069632],[-47.59376631,-20.77562934],[-47.59126239,-20.7888471],[-47.57907473,-20.78906254],[-47.58872437,-20.80472987],[-47.57194581,-20.80496654],[-47.56911692,-20.82430884],[-47.53446868,-20.81914186],[-47.54474251,-20.8359072],[-47.60671423,-20.84520198],[-47.59023735,-20.85691081],[-47.55289274,-20.85543862],[-47.56489579,-20.87835306],[-47.54389846,-20.88843494],[-47.57250336,-20.89250136],[-47.56223004,-20.90606364],[-47.56460191,-20.92112508],[-47.53493037,-20.91669782],[-47.51141697,-20.94330604],[-47.50010774,-20.94531896],[-47.48861034,-20.92199753],[-47.49871213,-20.90709619],[-47.48080999,-20.90473154],[-47.47464761,-20.89495634],[-47.49156125,-20.87377447],[-47.47855401,-20.84776721],[-47.48609709,-20.82562396],[-47.46306212,-20.82921213],[-47.46360587,-20.85839446],[-47.43373388,-20.84214442],[-47.43389121,-20.85113625],[-47.45490139,-20.86785291],[-47.43759661,-20.88016653],[-47.46016547,-20.89861262],[-47.46403428,-20.9141245],[-47.45804614,-20.92209579],[-47.43412737,-20.92315954],[-47.43036656,-20.94935021],[-47.41113376,-20.94322992],[-47.40470163,-20.95317173],[-47.41009346,-20.97024072],[-47.39081901,-20.96941932],[-47.39480968,-20.99776784],[-47.38472599,-21.02490566],[-47.36988111,-21.03843226],[-47.35208831,-21.03610972],[-47.3473417,-21.04569676],[-47.31933083,-21.02796315],[-47.31409638,-21.04165839],[-47.28355721,-21.03792993],[-47.26516472,-21.04526137],[-47.24813439,-21.05959673],[-47.23611213,-21.09057427],[-47.24044101,-21.10919329],[-47.2302749,-21.11641728],[-47.21758708,-21.11187721],[-47.22050416,-21.09460579],[-47.20529431,-21.08821938],[-47.23391223,-21.05376201],[-47.22593202,-21.04369792],[-47.23040918,-21.03437171],[-47.26679724,-21.01214205],[-47.26874866,-20.99861208],[-47.28957182,-21.00550519],[-47.2976012,-21.02012321],[-47.3488474,-21.0039227],[-47.33450361,-20.97427942],[-47.35520662,-20.96417357],[-47.36023743,-20.95287221],[-47.37829349,-20.95778587],[-47.38202954,-20.94942231],[-47.36656555,-20.93220116],[-47.33895999,-20.92273302],[-47.3654939,-20.91284718],[-47.37950121,-20.92125252],[-47.38513428,-20.91565093],[-47.36343308,-20.89031508],[-47.35534293,-20.86558444],[-47.36382844,-20.83982344],[-47.34274316,-20.83880825],[-47.31519726,-20.84995303],[-47.29710609,-20.83219369],[-47.28321216,-20.83148049],[-47.27818103,-20.81528567],[-47.24910841,-20.82410991],[-47.2427626,-20.80974758],[-47.21982575,-20.81685998],[-47.21648618,-20.80249698],[-47.20210854,-20.79819832],[-47.21340054,-20.7832709],[-47.22604129,-20.79241143],[-47.24175563,-20.78120773],[-47.25309648,-20.7837072],[-47.26111592,-20.798754],[-47.30497428,-20.78320483],[-47.3059543,-20.79946241],[-47.3153665,-20.80581559],[-47.32259415,-20.79511543],[-47.34976209,-20.79599492],[-47.3567468,-20.7865808],[-47.37585006,-20.79434022],[-47.39498985,-20.786687],[-47.40668588,-20.79736649],[-47.41744416,-20.78411151],[-47.41680697,-20.76983855],[-47.39715291,-20.76775032],[-47.37271973,-20.72685775],[-47.35596994,-20.72818495],[-47.35664469,-20.71032993],[-47.37846697,-20.71145819],[-47.39089922,-20.72573198],[-47.40117403,-20.70935503],[-47.38350597,-20.69654895],[-47.3877263,-20.68147414],[-47.36782177,-20.66220893],[-47.35321168,-20.62318697],[-47.33656415,-20.61122953],[-47.34123561,-20.59792955],[-47.3583983,-20.59776297],[-47.36338061,-20.60787922],[-47.37265751,-20.60046889],[-47.39065935,-20.60457496],[-47.38159633,-20.62364959],[-47.41616564,-20.64441229],[-47.3967516,-20.67190182],[-47.39828215,-20.68685216],[-47.42168947,-20.67416162],[-47.44191667,-20.69020912],[-47.44868804,-20.67788435],[-47.47359346,-20.68018278],[-47.45391332,-20.66519688],[-47.47388048,-20.65495139],[-47.45178973,-20.64314886],[-47.45363909,-20.63360324],[-47.44582826,-20.62729918],[-47.42600014,-20.6257889],[-47.44042487,-20.60899308],[-47.40498673,-20.60556263],[-47.38548574,-20.58741232],[-47.42200313,-20.58582113],[-47.41958068,-20.55672135],[-47.43196428,-20.55957197],[-47.43723306,-20.57745909],[-47.45929572,-20.58494414],[-47.47350448,-20.62037994],[-47.49964896,-20.63909395],[-47.50502471,-20.63253192],[-47.49375036,-20.61997191],[-47.49792276,-20.61096306],[-47.47421964,-20.58985391],[-47.48232252,-20.57940438],[-47.46550945,-20.57415228],[-47.4597414,-20.55891961],[-47.46455486,-20.55390918],[-47.50549497,-20.569437],[-47.52661574,-20.56903593],[-47.53159188,-20.57699687],[-47.51940021,-20.58643914],[-47.53567966,-20.59528077],[-47.54976891,-20.5844769],[-47.54353901,-20.61339552],[-47.56438942,-20.6027652],[-47.57265621,-20.56958568],[-47.59018631,-20.54970939],[-47.56233191,-20.54751477],[-47.55021367,-20.53631756],[-47.52364874,-20.54241768],[-47.51140457,-20.55517515],[-47.48721027,-20.5404262],[-47.47536289,-20.54374228],[-47.45615105,-20.51427271],[-47.46542757,-20.50512237],[-47.4874467,-20.51558189],[-47.49101802,-20.49080726],[-47.4601505,-20.48681883],[-47.45774078,-20.47874232],[-47.48703895,-20.47137127],[-47.52334698,-20.48209434],[-47.54360067,-20.4793598],[-47.54873466,-20.48964036],[-47.57609853,-20.49748047],[-47.59333239,-20.48795716],[-47.60865956,-20.52071201],[-47.62170103,-20.4995266],[-47.61085202,-20.4872013],[-47.62968505,-20.48460664],[-47.64488066,-20.52071145],[-47.68447723,-20.54974371],[-47.69630706,-20.57914644],[-47.71026545,-20.569132],[-47.72417351,-20.58911303],[-47.74618474,-20.58127905],[-47.7227828,-20.56457334],[-47.72631364,-20.55567079],[-47.74872316,-20.56102219],[-47.75208414,-20.54025339],[-47.76256085,-20.53508506],[-47.77724541,-20.54194209],[-47.79364972,-20.52253014],[-47.79129968,-20.51518498],[-47.75336087,-20.5171213],[-47.72069328,-20.53309147],[-47.69854388,-20.51401049],[-47.68201643,-20.51077591],[-47.68958464,-20.49674983],[-47.72412229,-20.4932484],[-47.69113689,-20.48686759],[-47.67674166,-20.46637592],[-47.69740677,-20.46047968],[-47.72035903,-20.46483756],[-47.71945889,-20.45097343],[-47.74571696,-20.44712999],[-47.74747728,-20.43758772],[-47.73813184,-20.43168025],[-47.6861539,-20.44234679],[-47.67829703,-20.4523879],[-47.6665742,-20.44715563],[-47.6660243,-20.43661248],[-47.64782943,-20.43974561],[-47.64886814,-20.42799225],[-47.63388801,-20.42963479],[-47.62845403,-20.41682441],[-47.61526674,-20.42917259],[-47.60359728,-20.45917031],[-47.59243502,-20.45061953],[-47.57675552,-20.45937194],[-47.54864524,-20.44914543],[-47.52999566,-20.45781877],[-47.50930279,-20.44180492],[-47.43814412,-20.4525859],[-47.44216068,-20.43898289],[-47.50442344,-20.42515932],[-47.51760764,-20.43114354],[-47.52824394,-20.42449994],[-47.53827621,-20.44028419],[-47.56324383,-20.43420117],[-47.57149613,-20.44337441],[-47.58646405,-20.44194859],[-47.61159497,-20.41186299],[-47.60205113,-20.40125344],[-47.5854736,-20.40879169],[-47.54775031,-20.39552751],[-47.51823902,-20.40328725],[-47.50851637,-20.39759087],[-47.49811194,-20.40879239],[-47.46129557,-20.40448278],[-47.45824224,-20.3934941],[-47.48373331,-20.38394034],[-47.45301527,-20.36728083],[-47.45289036,-20.35794611],[-47.47977302,-20.35790731],[-47.49774609,-20.38435814],[-47.51597518,-20.38522565],[-47.53033065,-20.36402255],[-47.54471433,-20.37365765],[-47.55755768,-20.36953482],[-47.57208785,-20.38472774],[-47.60701692,-20.38492375],[-47.59881302,-20.36529142],[-47.54577451,-20.35262897],[-47.55500964,-20.33684314],[-47.56984068,-20.34662189],[-47.61088133,-20.34530392],[-47.62922717,-20.37869219],[-47.64257351,-20.3813333],[-47.62894177,-20.34812806],[-47.64659315,-20.31652522],[-47.67637265,-20.3283409],[-47.69095147,-20.31116847],[-47.72443151,-20.33144702],[-47.7367162,-20.32916487],[-47.75043074,-20.30532647],[-47.72529065,-20.29118961],[-47.73263106,-20.2717381],[-47.74585729,-20.2776797],[-47.75514045,-20.26878937],[-47.74966165,-20.25827777],[-47.73602232,-20.25585615],[-47.69597502,-20.28314532],[-47.67762812,-20.27961986],[-47.68362336,-20.2685784],[-47.70155457,-20.26679074],[-47.74562277,-20.23382026],[-47.73688381,-20.22591499],[-47.71773201,-20.22728109],[-47.71481078,-20.22009546],[-47.73961859,-20.21019357],[-47.75507534,-20.21419676],[-47.77307493,-20.199369],[-47.80203457,-20.20460788],[-47.81785749,-20.19578976],[-47.8428615,-20.20641217],[-47.87237272,-20.20017982],[-47.88936438,-20.23791013],[-47.92553762,-20.2487125],[-47.90294152,-20.30404498],[-47.92510041,-20.31454796],[-47.94460124,-20.29121499],[-47.95939525,-20.28804857],[-47.9850536,-20.31472209],[-47.9978613,-20.30699333],[-48.0255487,-20.3149047],[-48.04182577,-20.24814674],[-48.10546005,-20.25295545],[-48.11980722,-20.24551272],[-48.12886759,-20.22693174],[-48.10855615,-20.20708268],[-48.08344898,-20.21384317],[-48.07169021,-20.20544499],[-48.05443549,-20.20948141],[-48.01050205,-20.19496569],[-47.97636266,-20.19847335],[-47.95721783,-20.18856119],[-47.9500453,-20.17296116],[-47.95378058,-20.1182897],[-47.93298212,-20.09337705],[-47.93237462,-20.07684309],[-47.91536624,-20.07168144],[-47.88504812,-20.08013672],[-47.88126755,-20.11343181],[-47.8565599,-20.12251945],[-47.84725222,-20.11695466],[-47.84630187,-20.08849929],[-47.81411083,-20.08844722],[-47.77393794,-20.14073341],[-47.75321396,-20.15012224],[-47.73348905,-20.14606379],[-47.73981608,-20.13347019],[-47.72820514,-20.12944667],[-47.72322581,-20.09463],[-47.70622683,-20.07738267],[-47.71390649,-20.11187563],[-47.70268552,-20.11139308],[-47.69300263,-20.09626548],[-47.6886674,-20.11024928],[-47.69732973,-20.12767151],[-47.71405078,-20.13655409],[-47.71989981,-20.15817928],[-47.69513698,-20.16637994],[-47.67916338,-20.14785626],[-47.66783645,-20.14775032],[-47.66531358,-20.16258694],[-47.68173165,-20.17025925],[-47.67932801,-20.18164608],[-47.66914809,-20.17843629],[-47.660848,-20.19034477],[-47.62829036,-20.18936972],[-47.58914714,-20.20440648],[-47.55491055,-20.19154877],[-47.54687402,-20.19988431],[-47.51485185,-20.20557964],[-47.50206015,-20.18188714],[-47.48581732,-20.20760584],[-47.45700714,-20.1996439],[-47.4780328,-20.16708333],[-47.47068237,-20.14993392],[-47.42500265,-20.13815547],[-47.40084769,-20.11127787],[-47.4260866,-20.11270398],[-47.43285527,-20.1059832],[-47.44200675,-20.11180598],[-47.45027419,-20.10465673],[-47.44119389,-20.09021651],[-47.45900404,-20.09076116],[-47.44699769,-20.06848439],[-47.46928579,-20.05566419],[-47.46278484,-20.0484807],[-47.46740942,-20.01781423],[-47.46149271,-20.01065547],[-47.47236852,-19.99529733],[-47.46895635,-19.97430006],[-47.48330934,-19.96437352],[-47.5088144,-19.98135082],[-47.53786275,-19.9751562],[-47.54431594,-19.95684639],[-47.53548763,-19.94192716],[-47.51237403,-19.94191373],[-47.53537437,-19.90715233],[-47.48906509,-19.88091176],[-47.47004839,-19.89047644],[-47.47144028,-19.90539786],[-47.45764429,-19.91634009],[-47.44685109,-19.91738695],[-47.44258926,-19.90343829],[-47.41855006,-19.90129649],[-47.3991927,-19.92966391],[-47.37970303,-19.93656064],[-47.36630539,-19.92671742],[-47.35269028,-19.93190658],[-47.33270539,-19.89780856],[-47.34056271,-19.89015284],[-47.35022767,-19.89809686],[-47.36000011,-19.89361935],[-47.35352863,-19.87809889],[-47.32882767,-19.86753128],[-47.33573715,-19.85732121],[-47.32994463,-19.84801155],[-47.38364349,-19.82649316],[-47.40432969,-19.82699825],[-47.41445432,-19.81333444],[-47.44786311,-19.81010432],[-47.45312487,-19.79996333],[-47.50170532,-19.78466333],[-47.51261217,-19.74622001],[-47.53163992,-19.74815138],[-47.54037059,-19.73430736],[-47.50553444,-19.72328243],[-47.51090465,-19.70336598],[-47.55645095,-19.71519688],[-47.58920686,-19.70863191],[-47.60155913,-19.71855583],[-47.64444064,-19.70577972],[-47.66124466,-19.73726887],[-47.68015931,-19.74025934],[-47.68967724,-19.75995546],[-47.72000085,-19.75198162],[-47.73451659,-19.75818321],[-47.73986734,-19.74091838],[-47.76362036,-19.76932024],[-47.77966472,-19.75854832],[-47.7843125,-19.73302776],[-47.80592418,-19.72275082],[-47.83426958,-19.73493413],[-47.82213892,-19.7741473],[-47.84163196,-19.78364436],[-47.85083817,-19.77695498],[-47.84561711,-19.75608631],[-47.86117013,-19.7616059],[-47.87020058,-19.74322403],[-47.87588947,-19.75808727],[-47.8929973,-19.75028854],[-47.90710607,-19.77370372],[-47.88860128,-19.80162777],[-47.89451766,-19.81192743],[-47.91584262,-19.80525817],[-47.91876207,-19.83354944],[-47.92944366,-19.83740354],[-47.93641346,-19.80133133],[-47.95025257,-19.80773637],[-47.94755721,-19.823773],[-47.95900472,-19.83178375],[-47.97701014,-19.82670337],[-47.97189707,-19.79764802],[-47.98228901,-19.79365274],[-47.9839576,-19.81355915],[-47.99326126,-19.82308391],[-47.982224,-19.84637034],[-47.99995893,-19.864799],[-48.03658916,-19.85710819],[-48.00540158,-19.82519661],[-48.01667106,-19.79733131],[-48.00983456,-19.77993943],[-47.98870905,-19.77817639],[-47.99244905,-19.77090206],[-48.07674394,-19.76750332],[-48.07837359,-19.7835231],[-48.10306454,-19.78658921],[-48.11955031,-19.80828041],[-48.12463108,-19.7907858],[-48.13583557,-19.78481379],[-48.14604835,-19.80938811],[-48.13910577,-19.8487424],[-48.14418139,-19.86284577],[-48.12874472,-19.91475195],[-48.1446536,-19.95312663],[-48.15457826,-19.95148311],[-48.16099114,-19.93656383],[-48.14979766,-19.89902782],[-48.1706524,-19.91354207],[-48.18469118,-19.90874807],[-48.20431229,-19.8835518],[-48.21457782,-19.89217188],[-48.20663134,-19.9139768],[-48.18518189,-19.92264749],[-48.18029504,-19.93255443],[-48.18816382,-19.94446095],[-48.17263715,-19.96407827],[-48.2105569,-19.95398589],[-48.20190785,-19.93558327],[-48.21784023,-19.93921831],[-48.22154759,-19.91826999],[-48.23888517,-19.90341357],[-48.23527822,-19.93699408],[-48.25458381,-19.92825198],[-48.27388148,-19.96266726],[-48.30021312,-19.96369401],[-48.30303554,-19.98364011],[-48.32487238,-19.97913626],[-48.32876202,-19.9707457],[-48.28513446,-19.89698025],[-48.28354154,-19.87999674],[-48.29350619,-19.87366838],[-48.28482309,-19.86620393],[-48.28504681,-19.85010325],[-48.2761293,-19.84706017],[-48.26342546,-19.85924448],[-48.24033729,-19.85436629],[-48.24030432,-19.84390901],[-48.25454704,-19.84054392],[-48.24405655,-19.82483273],[-48.2653692,-19.81827124],[-48.28744028,-19.83039606],[-48.28407772,-19.80714077],[-48.30862137,-19.79801701],[-48.31648728,-19.77680481],[-48.31298873,-19.74925322],[-48.32670987,-19.73568359],[-48.3091191,-19.7235865],[-48.3084213,-19.71284564],[-48.32520845,-19.71254648],[-48.3350318,-19.72244325],[-48.35083513,-19.71866355],[-48.35811425,-19.70568513],[-48.38775516,-19.70870653],[-48.3884327,-19.71499626],[-48.36170528,-19.72334486],[-48.34719946,-19.74422077],[-48.40192292,-19.73757466],[-48.38144883,-19.75777014],[-48.3928636,-19.76746201],[-48.38304474,-19.77642027],[-48.38455715,-19.7884264],[-48.40713889,-19.79608786],[-48.4198687,-19.7915881],[-48.41544298,-19.81661962],[-48.43125466,-19.80518173],[-48.43387726,-19.81658401],[-48.41851071,-19.84049345],[-48.40633256,-19.84484355],[-48.41092886,-19.86310043],[-48.40338291,-19.87201174],[-48.38345365,-19.86997887],[-48.36771396,-19.8871365],[-48.3242613,-19.8802565],[-48.31614083,-19.89077138],[-48.3387919,-19.90878329],[-48.34373267,-19.93724535],[-48.36959985,-19.96011727],[-48.3782466,-19.98804086],[-48.41014967,-19.97626994],[-48.43116924,-19.97865172],[-48.41696283,-19.96289112],[-48.4132608,-19.93511956],[-48.39751505,-19.92098581],[-48.42358489,-19.87939652],[-48.42988056,-19.89835093],[-48.4145454,-19.90752828],[-48.41373666,-19.91777254],[-48.43290121,-19.91645373],[-48.43914175,-19.92598879],[-48.44975691,-19.91983394],[-48.45739986,-19.92972598],[-48.47200041,-19.93050907],[-48.46947253,-19.90354472],[-48.48061455,-19.90200921],[-48.48923495,-19.88910441],[-48.4907662,-19.93842182],[-48.49912443,-19.94486024],[-48.49374644,-19.96848103],[-48.5148617,-19.96524626],[-48.51466169,-19.93786483],[-48.53362784,-19.95238654],[-48.53451759,-19.91023486],[-48.50272089,-19.86142071],[-48.51214513,-19.85832138],[-48.54119014,-19.87144257],[-48.5445842,-19.85898921],[-48.5605506,-19.85459136],[-48.54841711,-19.8331432],[-48.57619395,-19.84375548],[-48.594864,-19.87754824],[-48.63519784,-19.89495602],[-48.65269564,-19.92478739],[-48.67882698,-19.92859693],[-48.66986274,-19.91003412],[-48.67926967,-19.89547885],[-48.69538751,-19.89760674],[-48.69798091,-19.88994491],[-48.66315242,-19.87301945],[-48.61914365,-19.8677884],[-48.62543892,-19.85043394],[-48.61974185,-19.83821254],[-48.55336342,-19.81969601],[-48.54365849,-19.81317384],[-48.54568062,-19.80676355],[-48.58093339,-19.80386775],[-48.60084025,-19.81817551],[-48.6314035,-19.81232718],[-48.65367243,-19.83946331],[-48.69533692,-19.84567565],[-48.75128019,-19.91298236],[-48.76516008,-19.85049382],[-48.72399647,-19.78220614],[-48.73722351,-19.76803159],[-48.72695018,-19.72613903],[-48.74420809,-19.73664991],[-48.75616804,-19.72845772],[-48.75555621,-19.76275505],[-48.77235284,-19.73759049],[-48.78827607,-19.74599655],[-48.76424634,-19.78031062],[-48.76851159,-19.7978824],[-48.79352064,-19.78202597],[-48.80148204,-19.78749661],[-48.78344485,-19.81422612],[-48.8031346,-19.81884135],[-48.80226436,-19.83054707],[-48.77737067,-19.83325977],[-48.77836906,-19.85491713],[-48.82932608,-19.85632986],[-48.78558453,-19.8745229],[-48.7875959,-19.88649668],[-48.80361257,-19.88247166],[-48.80990038,-19.89743922],[-48.79362165,-19.90281636],[-48.79382381,-19.92086702],[-48.77842007,-19.9233262],[-48.78123271,-19.93462438],[-48.77353766,-19.94126707],[-48.78106071,-19.95065288],[-48.76380795,-19.96944352],[-48.78630074,-19.96744387],[-48.80538095,-19.94716994],[-48.82374037,-19.90862673],[-48.85250065,-19.89924902],[-48.86847212,-19.88037377],[-48.87764867,-19.88259636],[-48.88236417,-19.90577263],[-48.86719051,-19.9099481],[-48.8676685,-19.91922204],[-48.85299136,-19.93343417],[-48.82434063,-19.94308473],[-48.83117514,-19.96764707],[-48.81486644,-19.96175453],[-48.79325238,-19.97528169],[-48.80650555,-19.98750845],[-48.77168642,-19.99189498],[-48.76634667,-20.0041336],[-48.74899253,-20.01254768],[-48.75102903,-20.02118442],[-48.77578137,-20.01346042],[-48.78211731,-20.02264081],[-48.74839801,-20.04203354],[-48.75805847,-20.05412733],[-48.74494473,-20.09869038],[-48.75389684,-20.12747735],[-48.76554982,-20.11359191],[-48.78645764,-20.13061958],[-48.81020138,-20.12198752],[-48.82409495,-20.13195371],[-48.82059091,-20.11315478],[-48.80142201,-20.09821802],[-48.81127886,-20.07638402],[-48.80852081,-20.05253149],[-48.81497188,-20.05039415],[-48.82434894,-20.06798671],[-48.81923299,-20.09351004],[-48.8374612,-20.10677339],[-48.84199994,-20.07795681],[-48.83335539,-20.06125681],[-48.84814655,-20.04464938],[-48.84429105,-20.02465215],[-48.86750553,-20.00815821],[-48.85234599,-20.05705194],[-48.85289964,-20.09992573],[-48.86115735,-20.09996001],[-48.89164342,-20.07031895],[-48.90465153,-20.07014196],[-48.88469215,-20.08640332],[-48.87898228,-20.10188497],[-48.85460379,-20.11619373],[-48.85270665,-20.129461],[-48.85686093,-20.14545216],[-48.86696739,-20.14881878],[-48.86769687,-20.16590362],[-48.88083913,-20.16729104],[-48.8800778,-20.18493876],[-48.89358991,-20.20620541],[-48.88455514,-20.22021787],[-48.90326839,-20.24425555],[-48.91770996,-20.24762336],[-48.92287322,-20.21770858],[-48.94331652,-20.1905898],[-48.9240767,-20.1792108],[-48.92100856,-20.16384986],[-48.93218391,-20.15653232],[-48.91824037,-20.14593285],[-48.91847318,-20.13463535],[-48.95579872,-20.12172614],[-48.98061064,-20.13414487],[-48.95193754,-20.10420164],[-48.94835693,-20.07132573],[-48.96060036,-20.04731006],[-48.96648341,-20.09150072],[-48.98029273,-20.1030617],[-48.98902745,-20.10020296],[-48.98513817,-20.0705861],[-48.99621643,-20.00839369],[-49.00910509,-20.01089328],[-49.00290426,-20.07126992],[-49.03819541,-20.06133646],[-49.03571144,-20.07192163],[-49.01279076,-20.08638773],[-49.0158373,-20.12131102],[-49.03645656,-20.10186646],[-49.04513638,-20.12166236],[-49.05599657,-20.12294584],[-49.06211117,-20.09074511],[-49.07273801,-20.09561685],[-49.0829254,-20.12140053],[-49.07525268,-20.15651865],[-49.0248774,-20.1487261],[-48.98998011,-20.16400687],[-48.97759991,-20.18237681],[-48.96238229,-20.24805542],[-48.92581078,-20.25920011],[-48.90966689,-20.30652128],[-48.89623921,-20.3267213],[-48.87808173,-20.3360404],[-48.86105861,-20.36424222],[-48.85538009,-20.3616844],[-48.85668395,-20.33920687],[-48.82970165,-20.33761387],[-48.85372851,-20.32421225],[-48.84823188,-20.3135978],[-48.86680241,-20.2972242],[-48.83674626,-20.29377875],[-48.86550068,-20.27426436],[-48.8472908,-20.27456511],[-48.85067361,-20.25719923],[-48.83125557,-20.25476705],[-48.82199882,-20.24031196],[-48.8216586,-20.22488261],[-48.8359601,-20.19799851],[-48.81195712,-20.20276747],[-48.80688854,-20.18861874],[-48.78017585,-20.19664187],[-48.76852842,-20.2113986],[-48.74453505,-20.1977869],[-48.74286479,-20.18403724],[-48.7177021,-20.17809828],[-48.7060335,-20.19452764],[-48.69448666,-20.17685534],[-48.6785012,-20.1909743],[-48.65929404,-20.18143599],[-48.64615008,-20.2019295],[-48.68179495,-20.21819584],[-48.68998672,-20.23468641],[-48.67978761,-20.2533324],[-48.69193974,-20.27223422],[-48.65257128,-20.26260116],[-48.63097319,-20.27802983],[-48.62482559,-20.24997468],[-48.61014721,-20.250376],[-48.59596288,-20.26351368],[-48.5815683,-20.26457986],[-48.56995031,-20.28294674],[-48.55122774,-20.28503974],[-48.54038374,-20.3013916],[-48.55943554,-20.30843984],[-48.54996009,-20.32564124],[-48.53218667,-20.32916343],[-48.5163471,-20.31259299],[-48.51475154,-20.28567594],[-48.50598209,-20.27797155],[-48.51942397,-20.24462398],[-48.56489295,-20.21695936],[-48.61003233,-20.16019116],[-48.6855531,-20.16024464],[-48.72435019,-20.1299879],[-48.7241925,-20.08993738],[-48.7106826,-20.07315905],[-48.72808422,-20.05659238],[-48.67599036,-20.05681122],[-48.66272205,-20.07462151],[-48.63578057,-20.06376948],[-48.63189866,-20.05086718],[-48.64137442,-20.03102924],[-48.6095261,-20.0180074],[-48.62804158,-19.98371492],[-48.60379126,-19.96262763],[-48.59601585,-19.92528271],[-48.57370482,-19.91918765],[-48.56439739,-19.89527097],[-48.55790586,-19.89812237],[-48.55425272,-19.9281097],[-48.56183085,-19.95928785],[-48.59145586,-19.96994234],[-48.58253468,-19.97761319],[-48.5877886,-19.99115135],[-48.57674619,-20.00452117],[-48.54037657,-20.00771774],[-48.53305934,-20.01491588],[-48.51197678,-19.99629591],[-48.49747906,-20.00452722],[-48.46241946,-19.9895395],[-48.4420424,-19.99354634],[-48.41585241,-20.01246338],[-48.4251666,-20.03209445],[-48.45236187,-20.04794326],[-48.46186862,-20.09826214],[-48.48413627,-20.11338088],[-48.50207902,-20.1452918],[-48.50203509,-20.16089662],[-48.56652401,-20.1691537],[-48.5701459,-20.18002059],[-48.5505744,-20.19837149],[-48.52642381,-20.19707769],[-48.52988559,-20.21034894],[-48.52387162,-20.21763871],[-48.48301141,-20.20057036],[-48.48464204,-20.22691376],[-48.47228825,-20.2302106],[-48.46001674,-20.21901685],[-48.44235608,-20.2460538],[-48.41400954,-20.24453163],[-48.40013555,-20.23397532],[-48.37437067,-20.25448765],[-48.3702027,-20.27110227],[-48.34430677,-20.25686267],[-48.33513696,-20.27305282],[-48.33394234,-20.30180767],[-48.32080125,-20.30470267],[-48.28552618,-20.34524846],[-48.27116274,-20.38537527],[-48.25524206,-20.39334952],[-48.23459697,-20.39163479],[-48.23294063,-20.4172204],[-48.20254077,-20.43567187],[-48.20591725,-20.44491899],[-48.21775064,-20.44717082],[-48.2295171,-20.43634635],[-48.25062168,-20.43522542],[-48.25667683,-20.42252047],[-48.26546025,-20.44224875],[-48.28311159,-20.43081507],[-48.27815244,-20.40622787],[-48.28912607,-20.40034285],[-48.28599678,-20.39039471],[-48.30092525,-20.38526565],[-48.30426449,-20.37375674],[-48.3215382,-20.37610525],[-48.31653776,-20.3558895],[-48.3573435,-20.32227667],[-48.37085193,-20.31959255],[-48.36627876,-20.29226948],[-48.37571771,-20.30570384],[-48.44009922,-20.33730952],[-48.46033015,-20.36296913],[-48.45428101,-20.39005161],[-48.46098026,-20.40162562],[-48.47219418,-20.40688133],[-48.48880724,-20.39620205],[-48.50134414,-20.39737687],[-48.52640125,-20.42187786],[-48.52698101,-20.45229744],[-48.51650745,-20.46481859],[-48.52332829,-20.47770528],[-48.51148421,-20.48785152],[-48.5318211,-20.50972995],[-48.52333644,-20.5187261],[-48.50475038,-20.52085646],[-48.49372734,-20.51219811],[-48.48400941,-20.52161318],[-48.50991048,-20.54141245],[-48.49762039,-20.5575025],[-48.51840042,-20.55559592],[-48.52574837,-20.56228506],[-48.52419619,-20.57240175],[-48.50935876,-20.57431604],[-48.50644668,-20.58467463],[-48.4949701,-20.58733971],[-48.50588113,-20.61386549],[-48.48812749,-20.62896987],[-48.503192,-20.63643756],[-48.51840235,-20.68599611],[-48.49031701,-20.68658303],[-48.48576027,-20.70198698],[-48.46688295,-20.71234959],[-48.46219109,-20.72455492],[-48.43866741,-20.71953758],[-48.42045518,-20.72876674],[-48.41500276,-20.75999254],[-48.42559234,-20.77748516],[-48.41359635,-20.78601223],[-48.40228488,-20.78626879],[-48.38038767,-20.75967397],[-48.37280291,-20.77251628],[-48.37590235,-20.79138067],[-48.36127586,-20.80384226],[-48.36250493,-20.84405234],[-48.32492877,-20.84876617],[-48.30619327,-20.87138711],[-48.30887899,-20.88488959],[-48.33057562,-20.89552581],[-48.32457473,-20.93553401],[-48.33779836,-20.94711554],[-48.33811068,-20.95815313],[-48.32524029,-20.97396919],[-48.32491675,-20.9895578],[-48.2902262,-21.01981672],[-48.30241647,-21.03392942],[-48.29959611,-21.06308123],[-48.27688892,-21.08068211],[-48.2538939,-21.08414949],[-48.29605594,-21.11967587],[-48.25818904,-21.13378634],[-48.25303138,-21.15184906],[-48.26422689,-21.16726552],[-48.28581342,-21.17397717],[-48.2890294,-21.19265622],[-48.27531526,-21.21730162],[-48.30013263,-21.239901],[-48.34043543,-21.23687125],[-48.39369445,-21.2054002],[-48.41808358,-21.20837958],[-48.41924456,-21.19503083],[-48.45817803,-21.17271681],[-48.4618263,-21.13820255],[-48.4454167,-21.11464475],[-48.45888703,-21.10204801],[-48.45855166,-21.07753718],[-48.47774533,-21.0614922],[-48.47996448,-21.04490046],[-48.52216509,-21.0251266],[-48.52824456,-21.00728764],[-48.55651575,-20.99588661],[-48.56613508,-20.96245058],[-48.58562006,-20.95443214],[-48.59932544,-20.93094684],[-48.59710672,-20.89857219],[-48.60737967,-20.87798591],[-48.63537804,-20.86900608],[-48.63117029,-20.83002814],[-48.65142574,-20.80590444],[-48.6405869,-20.79515969],[-48.64894077,-20.77242675],[-48.64278537,-20.75362874],[-48.61900383,-20.752462],[-48.60805172,-20.7358624],[-48.57675987,-20.74561156],[-48.57088026,-20.7405738],[-48.58861414,-20.72716862],[-48.63811959,-20.71946881],[-48.63018391,-20.69861837],[-48.64023091,-20.682115],[-48.62652952,-20.67094801],[-48.6317155,-20.66132568],[-48.64737573,-20.66510162],[-48.66013302,-20.65124584],[-48.67507197,-20.65788757],[-48.69136777,-20.65255007],[-48.69734932,-20.62910651],[-48.68685415,-20.58621295],[-48.70174307,-20.58135165],[-48.70987005,-20.56194932],[-48.68296627,-20.54089468],[-48.68471659,-20.53163782],[-48.67325397,-20.52552954],[-48.66470771,-20.49919106],[-48.67884461,-20.50571309],[-48.685288,-20.49190521],[-48.70036814,-20.49214572],[-48.70854305,-20.51631767],[-48.7242898,-20.52106492],[-48.73995066,-20.50504331],[-48.72272924,-20.49216389],[-48.73467734,-20.46269612],[-48.77070108,-20.44603047],[-48.77981318,-20.43337392],[-48.81469035,-20.51355379],[-48.79805499,-20.52979611],[-48.76697976,-20.54319293],[-48.76742634,-20.55829065],[-48.75834443,-20.56640776],[-48.76566023,-20.59020948],[-48.80553034,-20.59101532],[-48.82660412,-20.5530322],[-48.84993632,-20.53474072],[-48.8587495,-20.53491168],[-48.86800615,-20.55051614],[-48.87916754,-20.54821805],[-48.88677702,-20.53431706],[-48.9033583,-20.55670856],[-48.91711012,-20.56105484],[-48.9458975,-20.60127115],[-48.96407511,-20.60698694],[-48.97084954,-20.6027862],[-48.96957444,-20.58532074],[-48.95678439,-20.55639298],[-48.9676117,-20.52422031],[-48.95768183,-20.50835516],[-48.984949,-20.51489896],[-48.99608343,-20.49492558],[-49.00953869,-20.48887882],[-49.02084629,-20.49351084],[-49.017097,-20.50792238],[-49.04380521,-20.51122784],[-49.05271661,-20.47027863],[-49.02979532,-20.48449637],[-49.02983501,-20.46644631],[-49.01864443,-20.458929],[-49.05096459,-20.39482899],[-49.08151438,-20.39663238],[-49.06516925,-20.4174013],[-49.08356046,-20.43068808],[-49.11163031,-20.42368791],[-49.12347054,-20.40154931],[-49.15406532,-20.40076546],[-49.1589061,-20.41135274],[-49.14464479,-20.42188776],[-49.15087307,-20.44261291],[-49.13458376,-20.46337405],[-49.11523148,-20.46922193],[-49.10764126,-20.45970422],[-49.09452968,-20.45992002],[-49.08611458,-20.46611486],[-49.12971439,-20.49325104],[-49.16687404,-20.54708785],[-49.19815993,-20.53063431],[-49.23466416,-20.53247891],[-49.24858005,-20.51668187],[-49.23818623,-20.49493605],[-49.27095405,-20.47861449],[-49.26637169,-20.4607494],[-49.30705995,-20.46806187],[-49.28966703,-20.45493582],[-49.28345432,-20.4365],[-49.32445424,-20.42231402],[-49.3258144,-20.41277966],[-49.31425229,-20.40209609],[-49.3133602,-20.37428892],[-49.32699044,-20.39162364],[-49.34788464,-20.380039],[-49.35021704,-20.35139202],[-49.33442677,-20.31773512],[-49.36307717,-20.32072719],[-49.35184956,-20.29547468],[-49.35679746,-20.29005024],[-49.38161419,-20.3004755],[-49.41360074,-20.32868878],[-49.42758093,-20.28690083],[-49.41789835,-20.2769706],[-49.44919049,-20.25319805],[-49.46363517,-20.27355864],[-49.46232755,-20.28522874],[-49.45314793,-20.2896827],[-49.462366,-20.29997531],[-49.45012727,-20.34348047],[-49.45411928,-20.35775335],[-49.47660294,-20.35091297],[-49.49055349,-20.3639955],[-49.50824321,-20.34145283],[-49.53352576,-20.33514704],[-49.5301359,-20.3088786],[-49.54742226,-20.29820814],[-49.55184223,-20.26553162],[-49.57510861,-20.27593709],[-49.59788896,-20.25061115],[-49.61693558,-20.24793985],[-49.62046688,-20.23184975],[-49.63339606,-20.22107034],[-49.66714582,-20.22348344],[-49.66749374,-20.23340877],[-49.64908233,-20.24149292],[-49.62710124,-20.28793875],[-49.62176567,-20.30583772],[-49.6277104,-20.34159891],[-49.61306154,-20.37837393],[-49.62259528,-20.3959185],[-49.65409294,-20.40044159],[-49.66953941,-20.37621913],[-49.65368393,-20.35029705],[-49.68343265,-20.29298329],[-49.67991591,-20.26935593],[-49.6963633,-20.26066357],[-49.69977224,-20.23150651],[-49.715793,-20.21676038],[-49.70592402,-20.19093406],[-49.77557263,-20.19559149],[-49.79492171,-20.14659775],[-49.80585268,-20.14107347],[-49.82458797,-20.15619081],[-49.82657773,-20.17423949],[-49.84020823,-20.17364702],[-49.83481575,-20.15068365],[-49.85071995,-20.14038525],[-49.89299503,-20.17860691],[-49.89310612,-20.19466392],[-49.91350142,-20.21589371],[-49.92403499,-20.2134533],[-49.9470349,-20.1783444],[-49.9658715,-20.1678262],[-49.99075704,-20.17801824],[-49.97389346,-20.18608742],[-49.98376851,-20.19608442],[-49.98248252,-20.21532356],[-50.02136664,-20.21216677],[-50.03931608,-20.20330904],[-50.03694017,-20.18883696],[-50.04998103,-20.16996651],[-50.04963255,-20.15697875],[-50.09879909,-20.15911874],[-50.10847487,-20.14210554],[-50.10478621,-20.12859358],[-50.08636724,-20.11894679],[-50.10455937,-20.11378861],[-50.09840648,-20.10500298],[-50.10179037,-20.08940669],[-50.08705919,-20.08167189],[-50.09693022,-20.0527871],[-50.08139835,-20.05070014],[-50.08175995,-20.03863338],[-50.10206354,-20.02426993],[-50.08408437,-20.00606643],[-50.07608664,-19.97253371],[-50.04827324,-19.97844224],[-50.04200588,-19.9881376],[-50.03205249,-19.98420352],[-50.02271275,-19.99750396],[-50.03977168,-20.01241475],[-50.02575904,-20.01541267],[-50.02733038,-20.02483456],[-50.04396761,-20.03103491],[-50.06077423,-20.06790451],[-50.04648165,-20.08501413],[-50.0533243,-20.10428024],[-50.03167978,-20.12459138],[-50.01760564,-20.11598674],[-50.02616513,-20.10187599],[-50.02089357,-20.07348347],[-50.02589844,-20.05621227],[-50.0077176,-20.05656493],[-49.99692727,-20.04451161],[-49.99914148,-20.03478018],[-49.98268152,-20.03231942],[-50.00036,-20.0137803],[-49.98120071,-20.01220215],[-49.98484554,-20.00112609],[-49.97295168,-19.99128142],[-49.94742321,-19.99098162],[-49.93131414,-19.98102246],[-49.92804003,-19.9873958],[-49.94834171,-20.02130836],[-49.9607418,-20.01497076],[-49.96778056,-20.02091357],[-49.95369336,-20.04138508],[-49.96072604,-20.05854575],[-49.9509694,-20.06682294],[-49.96105812,-20.10048524],[-49.95362895,-20.10961069],[-49.95794634,-20.12723653],[-49.94183809,-20.12679911],[-49.94890729,-20.14631661],[-49.94460337,-20.15353107],[-49.91715153,-20.13744364],[-49.90092353,-20.08930869],[-49.89229649,-20.10953109],[-49.89798633,-20.12104149],[-49.88158201,-20.12498024],[-49.87495764,-20.09781641],[-49.86228419,-20.09083662],[-49.87261376,-20.05529701],[-49.85940716,-20.04560586],[-49.83282907,-20.09144834],[-49.83819738,-20.1281854],[-49.81579494,-20.10256015],[-49.80099876,-20.09937665],[-49.77269893,-20.12693035],[-49.73127495,-20.13338105],[-49.71920533,-20.15315073],[-49.69537743,-20.15143275],[-49.6826496,-20.1621286],[-49.67372491,-20.1884398],[-49.60191024,-20.19610958],[-49.61830718,-20.15454706],[-49.63840954,-20.15650735],[-49.64733518,-20.14241366],[-49.66417055,-20.14462908],[-49.659429,-20.12732901],[-49.68269289,-20.13012861],[-49.67979463,-20.11194518],[-49.69756629,-20.09941869],[-49.71923574,-20.10590582],[-49.72194692,-20.07632611],[-49.73126492,-20.06691061],[-49.74260092,-20.07490565],[-49.75157095,-20.06599063],[-49.79126691,-20.06613571],[-49.80586721,-20.04772889],[-49.80501852,-20.03399144],[-49.8203921,-20.02600054],[-49.81879488,-20.01110898],[-49.83528757,-20.01569455],[-49.84314154,-20.00418864],[-49.85954612,-20.00525775],[-49.87446541,-20.02460887],[-49.88306989,-20.02517904],[-49.88250931,-20.01425469],[-49.8653034,-19.99803893],[-49.87601228,-19.97096298],[-49.86928561,-19.96573576],[-49.84982948,-19.97336885],[-49.83558046,-19.95906193],[-49.81533866,-19.97255077],[-49.80860518,-19.98905793],[-49.79511013,-19.9840388],[-49.77194086,-20.00530712],[-49.7720604,-19.99237134],[-49.79294273,-19.96845939],[-49.78752038,-19.95112963],[-49.77233206,-19.956156],[-49.75611483,-19.94628994],[-49.75093317,-19.96428709],[-49.7291268,-19.94988209],[-49.72968612,-19.97018254],[-49.71684755,-19.97994377],[-49.72856545,-20.01183093],[-49.71905932,-20.0196007],[-49.70309651,-20.00774427],[-49.70297211,-20.02992584],[-49.66719606,-20.03551666],[-49.670618,-20.06299033],[-49.65040913,-20.07384073],[-49.64753907,-20.08802819],[-49.63276936,-20.08635302],[-49.62891746,-20.09740761],[-49.59787331,-20.07849643],[-49.56034204,-20.08387493],[-49.53435301,-20.04702241],[-49.53557199,-19.99378652],[-49.54702871,-19.96497635],[-49.56335486,-19.95195476],[-49.55085756,-19.94173914],[-49.52863327,-19.97030037],[-49.51343352,-19.97344535],[-49.50495073,-19.9916811],[-49.50851091,-20.00436864],[-49.48433993,-20.00024723],[-49.47415424,-20.01409689],[-49.45437044,-20.00305685],[-49.45496446,-20.03043747],[-49.4254959,-20.03860447],[-49.41471839,-20.03413078],[-49.40792138,-20.05480862],[-49.39488016,-20.04459652],[-49.37944708,-20.0465779],[-49.37965737,-20.03255011],[-49.36100975,-20.02452434],[-49.3565942,-20.00597518],[-49.32354479,-20.01996888],[-49.35235281,-20.08843439],[-49.34969557,-20.10549303],[-49.33755859,-20.11410034],[-49.34901996,-20.14356664],[-49.34033674,-20.16439194],[-49.34135626,-20.20590955],[-49.31813026,-20.23222333],[-49.3060365,-20.23316017],[-49.2936907,-20.22131197],[-49.28274963,-20.22543257],[-49.27438366,-20.24890809],[-49.28069142,-20.26632951],[-49.27002443,-20.26926973],[-49.25321415,-20.30845665],[-49.22562366,-20.31589325],[-49.19646138,-20.31235893],[-49.19886239,-20.30320758],[-49.22614454,-20.30336875],[-49.25714827,-20.25906922],[-49.26263166,-20.23235905],[-49.28595594,-20.18891317],[-49.27462291,-20.15389228],[-49.28086171,-20.14443687],[-49.2765666,-20.12983939],[-49.25757511,-20.12196373],[-49.25536903,-20.06530429],[-49.22964475,-20.03810864],[-49.19797027,-20.02897741],[-49.19522065,-20.0078535],[-49.18323611,-20.01621549],[-49.16966083,-20.00809409],[-49.14267023,-20.01714394],[-49.11697517,-20.0071986],[-49.11271805,-19.98166293],[-49.08945592,-19.95994775],[-49.07610067,-19.92815465],[-49.08466624,-19.91566896],[-49.10608561,-19.9452618],[-49.1381328,-19.96303694],[-49.14738303,-19.95520156],[-49.12067208,-19.9086991],[-49.11966177,-19.88010655],[-49.13032998,-19.88392738],[-49.159046,-19.92127266],[-49.17025689,-19.92639593],[-49.17718898,-19.91816135],[-49.16394273,-19.8863644],[-49.13861408,-19.86743062],[-49.13810304,-19.82628954],[-49.12319214,-19.81575153],[-49.12378147,-19.80825616],[-49.1662337,-19.80450719],[-49.15645054,-19.8245749],[-49.16913555,-19.86295214],[-49.18566998,-19.88000088],[-49.19624424,-19.87015779],[-49.1998964,-19.84259672],[-49.2276921,-19.8395676],[-49.21049442,-19.88943473],[-49.22544976,-19.88673074],[-49.23196069,-19.86929325],[-49.25167834,-19.86282299],[-49.25577603,-19.84318069],[-49.26930577,-19.83823065],[-49.27026739,-19.85042505],[-49.30847672,-19.88413881],[-49.33098863,-19.9433083],[-49.34502596,-19.9363373],[-49.36793424,-19.96682769],[-49.38085187,-19.96206018],[-49.38862966,-19.97156359],[-49.40633056,-19.97374847],[-49.42143697,-19.96894425],[-49.44441524,-19.93646933],[-49.4413514,-19.91519898],[-49.42547536,-19.89104358],[-49.39923416,-19.89191398],[-49.39941364,-19.87568257],[-49.33452298,-19.81658795],[-49.35261834,-19.81545858],[-49.37837355,-19.8319911],[-49.41520827,-19.87640012],[-49.4448276,-19.86859686],[-49.41138716,-19.83780505],[-49.39002824,-19.80463976],[-49.34958993,-19.79139646],[-49.33438034,-19.77520536],[-49.3601934,-19.78148612],[-49.37169489,-19.77040891],[-49.38955551,-19.77713835],[-49.38518111,-19.74669883],[-49.41474145,-19.7521438],[-49.41316435,-19.7257213],[-49.43228903,-19.74433849],[-49.44543643,-19.74511058],[-49.43136137,-19.76167284],[-49.43108459,-19.77848926],[-49.41768311,-19.7809847],[-49.40906363,-19.79506994],[-49.42992379,-19.82863594],[-49.44518526,-19.81841879],[-49.44995766,-19.83902042],[-49.46304147,-19.80064949],[-49.47346214,-19.8010675],[-49.47035115,-19.86723035],[-49.48097613,-19.8880959],[-49.51668754,-19.84374451],[-49.53784263,-19.86335876],[-49.56591923,-19.85040963],[-49.58498497,-19.85190378],[-49.6104966,-19.87121686],[-49.61877003,-19.88754268],[-49.64040127,-19.88476118],[-49.65822884,-19.90669907],[-49.67708643,-19.89638071],[-49.69065652,-19.9047211],[-49.71116808,-19.90424323],[-49.72213369,-19.89948005],[-49.7157221,-19.88204691],[-49.7220359,-19.87301159],[-49.73715108,-19.87534276],[-49.74663662,-19.88831699],[-49.7617451,-19.88784141],[-49.77961407,-19.84547949],[-49.78649635,-19.87891986],[-49.80110592,-19.88061811],[-49.8121523,-19.89249897],[-49.83117466,-19.89189814],[-49.83595866,-19.90623122],[-49.84904529,-19.91275841],[-49.85996006,-19.90516619],[-49.87685167,-19.90880494],[-49.88751173,-19.89592834],[-49.90465899,-19.90741504],[-49.92086193,-19.88921408],[-49.9411647,-19.89822364],[-50.00134535,-19.89774751],[-49.99536493,-19.88295706],[-50.00990356,-19.86690015],[-49.97734478,-19.84166031],[-50.033131,-19.84886831],[-50.04515069,-19.84259974],[-50.01431584,-19.82459068],[-50.01733654,-19.81312115],[-50.0062411,-19.79683164],[-50.0467421,-19.8085451],[-50.03946565,-19.78926008],[-50.06677401,-19.7972919],[-50.06336331,-19.78278898],[-50.0798115,-19.76986472],[-50.07131681,-19.75473684],[-50.08500239,-19.75483882],[-50.09099365,-19.7432756],[-50.10174932,-19.75273335],[-50.12347857,-19.73373558],[-50.13148117,-19.74393019],[-50.10583308,-19.77732866],[-50.11864221,-19.8036701],[-50.13947092,-19.79938955],[-50.13930256,-19.82701257],[-50.16027241,-19.84046614],[-50.1762006,-19.84242595],[-50.19056711,-19.80765172],[-50.19750492,-19.83055101],[-50.21586654,-19.81601991],[-50.22881208,-19.83525344],[-50.25580002,-19.81947648],[-50.2666653,-19.80152064],[-50.28853541,-19.81149824],[-50.31142748,-19.7888097],[-50.31483835,-19.74952653],[-50.32912018,-19.75946632],[-50.33412943,-19.81080383],[-50.3465857,-19.82038732],[-50.3616254,-19.81906028],[-50.36734815,-19.81050764],[-50.35310518,-19.77125734],[-50.35950791,-19.75085753],[-50.33820612,-19.72128901],[-50.34357671,-19.71795121],[-50.35972726,-19.73229369],[-50.37036766,-19.72985047],[-50.35387845,-19.69449494],[-50.38394834,-19.69793416],[-50.39846281,-19.72561796],[-50.42569866,-19.73574221],[-50.44085587,-19.71374092],[-50.40616667,-19.68450545],[-50.43290471,-19.68673488],[-50.43941233,-19.67378],[-50.45306138,-19.6803411],[-50.47901121,-19.66128432],[-50.47006689,-19.72449701],[-50.52690421,-19.73632053],[-50.55565217,-19.68533258],[-50.56264744,-19.68408878],[-50.56396689,-19.69969936],[-50.54894876,-19.72564034],[-50.54755358,-19.74401421],[-50.56805019,-19.75358768],[-50.59161373,-19.72402437],[-50.60179171,-19.72665924],[-50.57966385,-19.76438887],[-50.60145759,-19.79010618],[-50.61423284,-19.79139103],[-50.60928428,-19.80528734],[-50.62877954,-19.80049497],[-50.61170772,-19.82599016],[-50.61326272,-19.83491564],[-50.63070422,-19.85105463],[-50.65413068,-19.84914119],[-50.66295857,-19.87142719],[-50.68108631,-19.86876279],[-50.68513541,-19.8902714],[-50.70252531,-19.8917483],[-50.71315237,-19.87992624],[-50.72123184,-19.89680185],[-50.72593108,-19.87456823],[-50.73798199,-19.86403906],[-50.75176026,-19.90625564],[-50.76245177,-19.91540073],[-50.78548866,-19.92055392],[-50.80645601,-19.89314701],[-50.80399851,-19.91952702],[-50.81882383,-19.93180214],[-50.87453991,-19.94389561],[-50.93693265,-19.98227452],[-50.95021845,-19.98365178],[-50.96938326,-19.97258089],[-50.97139755,-19.96208591],[-50.95778689,-19.94122525],[-50.96607344,-19.91811801],[-50.9612408,-19.90547443],[-50.93181927,-19.89159738],[-50.90395717,-19.89306457],[-50.88096607,-19.87804228],[-50.88822265,-19.86954211],[-50.90362328,-19.87755868],[-50.91468597,-19.85298321],[-50.92541615,-19.87651592],[-50.94535494,-19.87094545],[-50.98647265,-19.88128489],[-50.98978148,-19.82753192],[-50.98105862,-19.79073339],[-50.99193193,-19.77833798],[-50.99342572,-19.76225474],[-51.01344823,-19.75269793],[-51.02586118,-19.73542539],[-51.00993752,-19.71728218],[-51.01737076,-19.69587079],[-51.00499298,-19.67661456],[-50.98634388,-19.67681049],[-50.96989001,-19.64027676],[-50.95372837,-19.63266625],[-50.95742106,-19.61997171],[-50.94820614,-19.60965861],[-50.92345111,-19.61299972],[-50.9018746,-19.59971408],[-50.90797541,-19.58559125],[-50.88934316,-19.56323975],[-50.90144394,-19.53634327],[-50.89546982,-19.51861872],[-50.90043067,-19.49611176],[-50.82713884,-19.50904638],[-50.80275278,-19.48682136],[-50.77691334,-19.4849107],[-50.76787349,-19.47556783],[-50.82500781,-19.44796591],[-50.82895833,-19.40890924],[-50.80219365,-19.37448255],[-50.81447925,-19.32010849],[-50.74424426,-19.26747602],[-50.72791454,-19.26854204],[-50.73113327,-19.24963299],[-50.70689344,-19.22687842],[-50.64056038,-19.243349],[-50.57157724,-19.24838097],[-50.57459846,-19.21473862],[-50.6183868,-19.22097422],[-50.64087776,-19.21003034],[-50.6966541,-19.21110417],[-50.70827554,-19.20755888],[-50.71067623,-19.19685018],[-50.67539653,-19.18462951],[-50.6388744,-19.15167348],[-50.58968939,-19.15990321],[-50.55821208,-19.14323154],[-50.52681177,-19.1445231],[-50.50992089,-19.09784294],[-50.46816128,-19.05571907],[-50.46886177,-19.0266866],[-50.45234845,-19.00369937],[-50.42343053,-19.00083294],[-50.38732777,-19.01169994],[-50.3656917,-18.99234147],[-50.32973038,-19.00845838],[-50.31153242,-19.00083543],[-50.36555284,-18.97491213],[-50.37115224,-18.95344559],[-50.38765196,-18.96806122],[-50.4017768,-18.96392555],[-50.41657848,-18.97240624],[-50.45424702,-18.94639041],[-50.4306645,-18.93066308],[-50.40687957,-18.9366191],[-50.38161596,-18.92365469],[-50.34913706,-18.93982061],[-50.34716935,-18.92309426],[-50.32012295,-18.92142414],[-50.31641854,-18.90330798],[-50.29579819,-18.90159272],[-50.27379064,-18.88071644],[-50.2883317,-18.86254537],[-50.30942314,-18.87887756],[-50.31860355,-18.86872226],[-50.33832743,-18.87610348],[-50.34344507,-18.86919077],[-50.31874472,-18.82524665],[-50.30555368,-18.83193401],[-50.2962008,-18.81614589],[-50.25979933,-18.80924851],[-50.26584773,-18.79536174],[-50.29741277,-18.79548451],[-50.30396937,-18.78170859],[-50.29905654,-18.75998888],[-50.27974631,-18.76790986],[-50.26287488,-18.7400906],[-50.24614358,-18.74367551],[-50.2409951,-18.75777979],[-50.22613454,-18.75064711],[-50.21340625,-18.76374235],[-50.2176509,-18.7834484],[-50.20063701,-18.7932978],[-50.21314297,-18.81688547],[-50.2054547,-18.82498919],[-50.1927182,-18.81579053],[-50.18538767,-18.82616336],[-50.17060943,-18.82145619],[-50.16999364,-18.8029084],[-50.15676831,-18.80277671],[-50.14211208,-18.78825261],[-50.11822974,-18.80159649],[-50.11625027,-18.78672405],[-50.10448086,-18.78670489],[-50.09841096,-18.81514483],[-50.08876301,-18.81172607],[-50.08700508,-18.78854572],[-50.06853365,-18.7964293],[-50.05191031,-18.77790326],[-50.04271636,-18.78329185],[-50.04112645,-18.79761768],[-50.02460612,-18.78674496],[-50.0165754,-18.79747246],[-50.00042186,-18.80081414],[-50.02919435,-18.86906671],[-50.01432396,-18.87339523],[-50.00847575,-18.89536447],[-50.02408672,-18.90765194],[-50.00359583,-18.91136527],[-49.99008669,-18.9436885],[-49.99251802,-18.95828968],[-49.96363117,-18.95171795],[-49.96672349,-18.94234581],[-49.98028523,-18.93844397],[-49.97788001,-18.92878308],[-49.9924965,-18.90297541],[-50.00066661,-18.83905859],[-49.96569733,-18.82134447],[-49.96073382,-18.8316019],[-49.96595588,-18.84089989],[-49.9509396,-18.86057967],[-49.96128262,-18.88015924],[-49.9569125,-18.89902555],[-49.94478327,-18.92650886],[-49.92682206,-18.92966236],[-49.92290102,-18.92355087],[-49.93922111,-18.88241077],[-49.92220841,-18.8753559],[-49.92944625,-18.84686694],[-49.90485908,-18.84229537],[-49.89302235,-18.86026014],[-49.89788237,-18.87023959],[-49.87386122,-18.8765277],[-49.88608002,-18.8853537],[-49.88220727,-18.90115785],[-49.85730866,-18.88982142],[-49.85230554,-18.90261741],[-49.86227872,-18.90799778],[-49.85931195,-18.92173953],[-49.83649332,-18.91655649],[-49.81659605,-18.93519434],[-49.82734535,-18.94905404],[-49.81319118,-18.95700398],[-49.79351273,-18.95299275],[-49.79440171,-18.96414441],[-49.78528554,-18.96564324],[-49.77720713,-18.98034986],[-49.76642278,-18.98028725],[-49.7590029,-19.00668463],[-49.7389491,-18.99768423],[-49.71209146,-19.04087387],[-49.69015329,-19.05037562],[-49.69416149,-19.06524252],[-49.66129397,-19.07321896],[-49.65034681,-19.08370146],[-49.64667554,-19.1057323],[-49.62399668,-19.12283932],[-49.61237711,-19.1214414],[-49.61488601,-19.1348707],[-49.60435957,-19.13876318],[-49.60481847,-19.14956322],[-49.59678443,-19.14769848],[-49.59302829,-19.13397727],[-49.57689831,-19.13977733],[-49.58508486,-19.17420452],[-49.60225555,-19.19751008],[-49.60108818,-19.20971386],[-49.58379306,-19.20532316],[-49.56617972,-19.17596617],[-49.56084874,-19.18500836],[-49.54455054,-19.18545325],[-49.530433,-19.21360929],[-49.51241199,-19.22473706],[-49.50154749,-19.21528813],[-49.49997652,-19.18518869],[-49.52511194,-19.17324142],[-49.524451,-19.16224313],[-49.54596101,-19.15035374],[-49.55790562,-19.12669691],[-49.5698564,-19.12330883],[-49.56760015,-19.10283048],[-49.58898181,-19.10408831],[-49.58593286,-19.08330485],[-49.61369983,-19.07533472],[-49.59689753,-19.0490991],[-49.63924836,-19.06410492],[-49.66049717,-19.03343462],[-49.70545795,-19.01098096],[-49.69036545,-18.99042966],[-49.71760807,-18.99603456],[-49.71284829,-18.9732855],[-49.7235113,-18.96710792],[-49.71433021,-18.94676286],[-49.74123377,-18.96180665],[-49.76689693,-18.9526802],[-49.76365096,-18.9299394],[-49.78035407,-18.93940155],[-49.79279696,-18.93196136],[-49.79473409,-18.92558714],[-49.7781408,-18.90828238],[-49.82098241,-18.8928136],[-49.81788354,-18.87576099],[-49.83809173,-18.86343872],[-49.84506567,-18.84957816],[-49.84741348,-18.8311075],[-49.83528448,-18.83297254],[-49.8238784,-18.8218623],[-49.832511,-18.80156826],[-49.85661913,-18.79757599],[-49.84242598,-18.77831846],[-49.80105709,-18.75758048],[-49.75008661,-18.75104621],[-49.72890011,-18.73717525],[-49.73286093,-18.7204548],[-49.72633778,-18.71682132],[-49.67968176,-18.72944428],[-49.67391118,-18.75351587],[-49.66522518,-18.75847362],[-49.61179393,-18.76837068],[-49.57290027,-18.7642485],[-49.54868099,-18.73724729],[-49.51465958,-18.73695916],[-49.45500724,-18.76510873],[-49.45942936,-18.78710243],[-49.45206193,-18.79872754],[-49.41060502,-18.8046312],[-49.39862287,-18.82504442],[-49.369569,-18.82643705],[-49.36109557,-18.81680629],[-49.34081666,-18.81688042],[-49.30587981,-18.7967411],[-49.28190964,-18.79738003],[-49.27245002,-18.77690536],[-49.28005622,-18.76534566],[-49.24731753,-18.74902401],[-49.25235893,-18.72309992],[-49.21397213,-18.72575047],[-49.22804549,-18.71490648],[-49.22840204,-18.70066524],[-49.21821972,-18.69702581],[-49.21116527,-18.70594239],[-49.18877133,-18.70927808],[-49.17278658,-18.7015911],[-49.16792263,-18.6875049],[-49.18664439,-18.66773967],[-49.17543703,-18.65734649],[-49.18220935,-18.64051919],[-49.17698324,-18.62886121],[-49.16079608,-18.63585769],[-49.13755625,-18.62396435],[-49.13354074,-18.63381245],[-49.11630258,-18.63717711],[-49.12112787,-18.65214848],[-49.10013819,-18.64712246],[-49.09771781,-18.6721642],[-49.08462663,-18.66232162],[-49.07716332,-18.66641019],[-49.07618867,-18.68150154],[-49.05101766,-18.67536635],[-49.02939152,-18.69125249],[-48.99071491,-18.69500294],[-48.99466485,-18.68424372],[-49.01890334,-18.67867883],[-49.04261238,-18.66070797],[-49.02800596,-18.64709291],[-49.04059888,-18.63683404],[-49.07222136,-18.64265716],[-49.06866886,-18.62797015],[-49.04311264,-18.61105031],[-49.05411464,-18.60034566],[-49.04105334,-18.59300436],[-49.04721466,-18.57690798],[-49.06947386,-18.56315357],[-49.0519463,-18.5578077],[-49.03621119,-18.57132185],[-49.03383392,-18.5489605],[-49.02284462,-18.53979276],[-49.0000296,-18.55115552],[-48.98020511,-18.54095382],[-48.98390905,-18.5313948],[-49.00808223,-18.53268504],[-49.01653695,-18.51607552],[-48.95052032,-18.48436455],[-48.94643929,-18.46867144],[-48.91779351,-18.473881],[-48.91670784,-18.45476916],[-48.89534497,-18.45703791],[-48.8760087,-18.47643243],[-48.83244701,-18.48538085],[-48.82897975,-18.50228955],[-48.78920333,-18.50331079],[-48.76575089,-18.48667055],[-48.78678321,-18.48082603],[-48.77520004,-18.47205048],[-48.778533,-18.4542524],[-48.76672957,-18.45249631],[-48.74446221,-18.46619197],[-48.73572626,-18.45410257],[-48.72327255,-18.46540481],[-48.71589246,-18.4503536],[-48.6998837,-18.46716173],[-48.68748688,-18.46246521],[-48.69146908,-18.40525772],[-48.68529826,-18.40387764],[-48.67881405,-18.41698395],[-48.66443097,-18.39787017],[-48.64521108,-18.43001705],[-48.65517402,-18.44519353],[-48.65606537,-18.47708878],[-48.67490372,-18.50275097],[-48.65474085,-18.51998842],[-48.65904464,-18.54811164],[-48.64472843,-18.55147036],[-48.63310572,-18.56881231],[-48.60943028,-18.56861121],[-48.61107565,-18.58789478],[-48.59227075,-18.60254353],[-48.56491842,-18.58297258],[-48.5491461,-18.58757496],[-48.52899844,-18.62078442],[-48.51215583,-18.62409593],[-48.50080794,-18.61770366],[-48.48858678,-18.63495228],[-48.49183291,-18.65594853],[-48.48270125,-18.66705298],[-48.43559156,-18.67797361],[-48.44919967,-18.71133033],[-48.44467014,-18.717256],[-48.41016219,-18.71738549],[-48.37908323,-18.70055582],[-48.37239957,-18.68885904],[-48.38364338,-18.67373047],[-48.36858823,-18.66100214],[-48.37255351,-18.65088757],[-48.35872652,-18.63555003],[-48.34286986,-18.65993051],[-48.35868523,-18.68275881],[-48.34033534,-18.68451385],[-48.3387697,-18.69592371],[-48.327229,-18.69926645],[-48.31919862,-18.73849024],[-48.2829739,-18.73959026],[-48.2990108,-18.76854113],[-48.27870967,-18.77065348],[-48.2697179,-18.76270009],[-48.25825414,-18.76508085],[-48.25757468,-18.75258134],[-48.24561984,-18.75208297],[-48.22607836,-18.71898002],[-48.21066835,-18.71966252],[-48.21698544,-18.7039078],[-48.19334978,-18.68788148],[-48.20533602,-18.68139859],[-48.22323992,-18.68869102],[-48.24806045,-18.71689647],[-48.28226289,-18.71510199],[-48.28596332,-18.7059227],[-48.27844435,-18.6947941],[-48.24062527,-18.67632028],[-48.25963054,-18.66172313],[-48.27329102,-18.66478423],[-48.28175969,-18.65187102],[-48.28188994,-18.63853861],[-48.26355747,-18.63359618],[-48.2891363,-18.61469404],[-48.28543605,-18.58808483],[-48.30993964,-18.58594927],[-48.32253796,-18.56328354],[-48.33624299,-18.5697541],[-48.32579413,-18.58144126],[-48.34246888,-18.59125497],[-48.35603634,-18.57694746],[-48.36416829,-18.58398491],[-48.38209448,-18.57863513],[-48.41970228,-18.58998633],[-48.43139429,-18.58163645],[-48.44225648,-18.55662731],[-48.45121367,-18.55703581],[-48.46056951,-18.54480483],[-48.47242722,-18.54788796],[-48.47732104,-18.53781268],[-48.49894199,-18.54151764],[-48.50252389,-18.52829894],[-48.51908964,-18.52469206],[-48.52486976,-18.50697161],[-48.5448384,-18.50540738],[-48.53565012,-18.49522469],[-48.53902903,-18.48134657],[-48.52492052,-18.47547654],[-48.5272724,-18.46248043],[-48.51964726,-18.45557104],[-48.5095781,-18.45802466],[-48.5137599,-18.47300789],[-48.50800399,-18.4787856],[-48.50019569,-18.46106661],[-48.48786971,-18.46613814],[-48.48261922,-18.44606915],[-48.47112121,-18.4398501],[-48.47632874,-18.42899037],[-48.46997638,-18.41997434],[-48.45535108,-18.43455848],[-48.44628831,-18.43706017],[-48.43736993,-18.42862495],[-48.41632941,-18.4430322],[-48.40791013,-18.43430933],[-48.38739934,-18.43225507],[-48.37330814,-18.45593041],[-48.36342536,-18.45286611],[-48.35824323,-18.43481025],[-48.34453682,-18.43133063],[-48.34624114,-18.40435922],[-48.32908144,-18.38026871],[-48.33554722,-18.36674114],[-48.3230429,-18.30169617],[-48.33996015,-18.27706075],[-48.35763685,-18.26110042],[-48.39119435,-18.25502588],[-48.40598649,-18.23708482],[-48.42908095,-18.25249312],[-48.44131551,-18.28107996],[-48.42141983,-18.30032319],[-48.42640583,-18.31160612],[-48.44880005,-18.31710616],[-48.4636325,-18.30572871],[-48.46745915,-18.28531788],[-48.49414508,-18.26331816],[-48.48732592,-18.25273204],[-48.52631882,-18.22695004],[-48.51971242,-18.20653773],[-48.5445565,-18.2157403],[-48.55589924,-18.20505404],[-48.5501125,-18.16716331],[-48.57669783,-18.16154008],[-48.58431617,-18.14903566],[-48.60534539,-18.13866195],[-48.62670096,-18.14139876],[-48.63860652,-18.11687929],[-48.63371412,-18.10522785],[-48.64018603,-18.09157182],[-48.61369123,-18.06859455],[-48.61544119,-18.05793034],[-48.63010693,-18.05467151],[-48.62116668,-18.04444106],[-48.61999306,-18.02080681],[-48.63589028,-18.00665109],[-48.67524207,-17.99814213],[-48.69333239,-18.01230028],[-48.71663087,-17.99102578],[-48.7327137,-17.95221216],[-48.77610725,-17.93378706],[-48.78027208,-17.9199617],[-48.80681294,-17.90380276],[-48.81145229,-17.89273146],[-48.80257066,-17.88480615],[-48.80521855,-17.87631035],[-48.85500835,-17.89273847],[-48.86828541,-17.91340141],[-48.90792751,-17.93164221],[-48.92976536,-17.91978011],[-48.9191665,-17.90277631],[-48.92943454,-17.88454569],[-48.94218367,-17.90344074],[-48.95506072,-17.88401627],[-48.96614722,-17.90040691],[-48.95971378,-17.91186852],[-48.97146759,-17.92859243],[-49.00878985,-17.90225211],[-48.99025317,-17.88840704],[-48.98277572,-17.87237054],[-48.98619358,-17.86144587],[-49.02869624,-17.84845137],[-49.05674963,-17.85226274],[-49.05881974,-17.83245611],[-49.0717195,-17.84486812],[-49.09793675,-17.8300757],[-49.11791524,-17.84597104],[-49.13651457,-17.84121978],[-49.13628315,-17.85534406],[-49.11889342,-17.85566482],[-49.10862964,-17.87198961],[-49.13695168,-17.8682874],[-49.14098162,-17.88671329],[-49.13111788,-17.90258166],[-49.14258454,-17.92896213],[-49.12961553,-17.93506466],[-49.12462895,-17.96275966],[-49.10687023,-17.96819248],[-49.11277177,-17.98494892],[-49.1041512,-17.98602411],[-49.09689585,-17.97317918],[-49.08690542,-17.98025523],[-49.09360463,-18.02352921],[-49.08857909,-18.03372166],[-49.09496804,-18.04372014],[-49.08342478,-18.04910361],[-49.07176988,-18.03895724],[-49.0516341,-18.04257243],[-49.05331508,-18.0557756],[-49.06409441,-18.06414041],[-49.05510425,-18.07638654],[-49.03973809,-18.07055315],[-49.03109503,-18.07622966],[-49.01380136,-18.0643363],[-48.99286984,-18.02575018],[-48.96300313,-18.03426422],[-48.95983078,-18.06812681],[-48.99117951,-18.06519292],[-49.02579673,-18.08779485],[-49.05009894,-18.08834553],[-49.03459292,-18.11941127],[-49.02280908,-18.11873365],[-49.01832305,-18.13305372],[-49.00410767,-18.13210587],[-48.99583118,-18.14067385],[-49.01215062,-18.15930376],[-49.04135923,-18.1547939],[-49.0187153,-18.17261807],[-49.02480408,-18.19621061],[-49.0375421,-18.20264631],[-49.02789448,-18.22501104],[-49.0432336,-18.22674326],[-49.04832957,-18.24448043],[-49.02517172,-18.25725939],[-49.04479623,-18.27717695],[-49.06815707,-18.28117212],[-49.06141166,-18.25863373],[-49.07162753,-18.24923476],[-49.06767705,-18.23614838],[-49.08220975,-18.21393289],[-49.10206815,-18.22160165],[-49.10562192,-18.24515135],[-49.12269686,-18.23968294],[-49.11644438,-18.21835503],[-49.12727591,-18.20839443],[-49.14817126,-18.2138811],[-49.15832833,-18.22565871],[-49.17803596,-18.2239523],[-49.18894692,-18.23968529],[-49.19425744,-18.27715923],[-49.17083969,-18.31396875],[-49.17899799,-18.33878781],[-49.15716222,-18.35969332],[-49.16410466,-18.3812122],[-49.1576661,-18.40299402],[-49.16638652,-18.41647283],[-49.21202626,-18.41659516],[-49.19495044,-18.44334268],[-49.19876375,-18.45640379],[-49.22894488,-18.47777297],[-49.24899165,-18.51963243],[-49.28702982,-18.53607399],[-49.29366638,-18.56148098],[-49.33311467,-18.56376614],[-49.38329983,-18.63843881],[-49.41041968,-18.63472672],[-49.42218464,-18.60522238],[-49.44757917,-18.57275914],[-49.4744171,-18.55734091],[-49.47168118,-18.50639371],[-49.50697856,-18.48162949],[-49.54508412,-18.48945399],[-49.55249389,-18.50546273],[-49.54735442,-18.52990145],[-49.55415208,-18.53392488],[-49.59128241,-18.53453363],[-49.60779263,-18.51378516],[-49.60424899,-18.54293754],[-49.65409789,-18.5582612],[-49.65303979,-18.57342903],[-49.63694067,-18.58793095],[-49.63899649,-18.60015419],[-49.652923,-18.60165989],[-49.67622421,-18.58894544],[-49.70199702,-18.59436159],[-49.7337013,-18.61608203],[-49.76767394,-18.61123976],[-49.7816375,-18.64002581],[-49.79458875,-18.64366099],[-49.81670807,-18.63283067],[-49.83656373,-18.63716207],[-49.85177684,-18.62242503],[-49.86597014,-18.62329055],[-49.88651409,-18.60794454],[-49.90216268,-18.62048435],[-49.94180693,-18.62322205],[-50.01582239,-18.59887405],[-50.05674179,-18.57420756],[-50.08613583,-18.58057983],[-50.12530848,-18.54165455],[-50.13961986,-18.54948736],[-50.16025669,-18.54365197],[-50.15085943,-18.5247734],[-50.17134909,-18.49951147],[-50.1801323,-18.51340001],[-50.19751323,-18.50603801],[-50.20071957,-18.53307671],[-50.22050587,-18.53590017],[-50.22893673,-18.52533437],[-50.22334392,-18.50975945],[-50.24909961,-18.51717205],[-50.25380337,-18.48983221],[-50.26593862,-18.51016058],[-50.28737607,-18.49405523],[-50.28778105,-18.48050453],[-50.30044214,-18.46991356],[-50.28128666,-18.44764712],[-50.28947029,-18.43400701],[-50.30163593,-18.43408872],[-50.29699876,-18.44782653],[-50.30929795,-18.46052985],[-50.34160119,-18.42654299],[-50.36120868,-18.42237802],[-50.37390524,-18.44200605],[-50.36636235,-18.44698612],[-50.35517856,-18.44154425],[-50.33209585,-18.46346208],[-50.35770525,-18.4697693],[-50.3650094,-18.48120005],[-50.341341,-18.48136323],[-50.33423429,-18.50295503],[-50.31260933,-18.5027454],[-50.31535108,-18.5148121],[-50.30809386,-18.52526458],[-50.32293306,-18.54008201],[-50.2873809,-18.56173614],[-50.29951076,-18.58621597],[-50.31608625,-18.56492007],[-50.3345789,-18.56321043],[-50.33998789,-18.54986417],[-50.36037017,-18.55418115],[-50.37297396,-18.53784383],[-50.38236153,-18.55233714],[-50.40054798,-18.5435364],[-50.39369846,-18.52637398],[-50.41382004,-18.51927985],[-50.38870474,-18.5029424],[-50.41047856,-18.49732996],[-50.41185329,-18.48473361],[-50.42650565,-18.48484869],[-50.4368282,-18.51339542],[-50.44952007,-18.51972836],[-50.44939311,-18.49048879],[-50.46805617,-18.50756758],[-50.47535182,-18.50287859],[-50.46170726,-18.48165157],[-50.46658102,-18.47235126],[-50.48622717,-18.47855522],[-50.50390812,-18.46548193],[-50.51511182,-18.47261127],[-50.5277811,-18.46340045],[-50.53126634,-18.44891534],[-50.54459859,-18.45398281],[-50.55221131,-18.44175033],[-50.5627253,-18.44831278],[-50.57938739,-18.44371317],[-50.58537164,-18.45469159],[-50.60264348,-18.45320001],[-50.6263711,-18.42718985],[-50.64334098,-18.42752506],[-50.64666102,-18.39711587],[-50.62379587,-18.37998896],[-50.64975002,-18.38093072],[-50.63536373,-18.36738838],[-50.65071578,-18.35963819],[-50.64523454,-18.34262135],[-50.66669476,-18.32741334],[-50.70587862,-18.32120484],[-50.7160979,-18.34192888],[-50.69494661,-18.42206325],[-50.70839968,-18.42881955],[-50.70927417,-18.4416384],[-50.73354971,-18.45567838],[-50.71188716,-18.46212903],[-50.67580649,-18.44390688],[-50.62552139,-18.47535341],[-50.60896865,-18.47329284],[-50.60839182,-18.49459431],[-50.5842042,-18.48518767],[-50.59082775,-18.50848385],[-50.56851124,-18.49285645],[-50.56077581,-18.49917661],[-50.54718325,-18.49621899],[-50.5506048,-18.52349597],[-50.56611038,-18.52458362],[-50.57690484,-18.53701366],[-50.55501037,-18.53828624],[-50.54571462,-18.55257676],[-50.53721295,-18.52951734],[-50.52052715,-18.52638003],[-50.52356797,-18.5453447],[-50.50939201,-18.55287499],[-50.50880486,-18.57078584],[-50.49501875,-18.56387608],[-50.48153627,-18.57426126],[-50.50528693,-18.59128701],[-50.48350647,-18.6023586],[-50.4993068,-18.62604672],[-50.49251104,-18.62968486],[-50.46643061,-18.61748746],[-50.46936189,-18.64251219],[-50.45133824,-18.6587896],[-50.44398749,-18.6815935],[-50.47747176,-18.72535023],[-50.54713531,-18.73973378],[-50.56436501,-18.73380862],[-50.57373801,-18.70802701],[-50.60652441,-18.69953639],[-50.61299026,-18.66507292],[-50.62548303,-18.67101387],[-50.6167512,-18.71484529],[-50.6257636,-18.72177872],[-50.64395386,-18.70852947],[-50.65711402,-18.71995063],[-50.67644628,-18.71849804],[-50.68865763,-18.70413272],[-50.70779649,-18.70428476],[-50.73624591,-18.67834585],[-50.74989399,-18.68334587],[-50.74605564,-18.69662715],[-50.72868859,-18.70140028],[-50.70287988,-18.74169403],[-50.68670671,-18.74389887],[-50.68723415,-18.75932177],[-50.66406185,-18.7727205],[-50.65930016,-18.78625637],[-50.62634819,-18.80414802],[-50.59954591,-18.80532987],[-50.56953702,-18.82724827],[-50.56875765,-18.83539404],[-50.58273744,-18.8448672],[-50.64041915,-18.83327836],[-50.69988421,-18.84817784],[-50.68946634,-18.8833065],[-50.64445331,-18.89385732],[-50.60959801,-18.92222338],[-50.61117198,-18.93143491],[-50.64163371,-18.94879109],[-50.72193349,-18.92113019],[-50.74009071,-18.92181957],[-50.76781553,-18.90491194],[-50.79032164,-18.90527692],[-50.79517327,-18.89714245],[-50.83655789,-18.88245692],[-50.86471059,-18.88336163],[-50.88611442,-18.86607672],[-50.88583252,-18.85529902],[-50.89816944,-18.84162789],[-50.96470888,-18.78843885],[-50.96158952,-18.77426615],[-50.97941349,-18.75811705],[-50.97378693,-18.741333],[-51.00288112,-18.71766887],[-50.99839172,-18.69699196],[-51.03992726,-18.66236934],[-51.03511977,-18.63985978],[-51.04741118,-18.64554503],[-51.06215901,-18.63071564],[-51.07393508,-18.63618089],[-51.0422102,-18.68290194],[-51.04428999,-18.7085512],[-51.02978461,-18.70982524],[-51.02840462,-18.72062294],[-51.01601705,-18.72570821],[-51.01786715,-18.73762221],[-51.00543225,-18.743146],[-51.01362224,-18.76194619],[-50.99735671,-18.7736468],[-51.00018125,-18.79846117],[-50.96704449,-18.82864129],[-50.94714024,-18.89477092],[-50.88525939,-18.92142577],[-50.87114532,-18.93990408],[-50.8156323,-18.96000868],[-50.8004862,-18.97966378],[-50.76925567,-18.99037741],[-50.70744521,-19.0334503],[-50.68676639,-19.10428249],[-50.68871747,-19.11672904],[-50.70428659,-19.12082133],[-50.71188652,-19.14325894],[-50.74402444,-19.1547261],[-50.74013971,-19.17526121],[-50.7587454,-19.19611262],[-50.7528226,-19.22277179],[-50.7753683,-19.24971451],[-50.83635413,-19.28578251],[-50.86746933,-19.2751939],[-50.88594341,-19.2571643],[-50.9035044,-19.26225039],[-50.85745034,-19.31912609],[-50.88074218,-19.36268171],[-50.90333567,-19.37527575],[-50.90878703,-19.38659444],[-50.89763206,-19.42095762],[-50.90883182,-19.44225662],[-50.93508991,-19.44591753],[-50.97269047,-19.42288066],[-50.97701774,-19.40622257],[-51.01308203,-19.39159823],[-51.02341109,-19.36296146],[-51.04640368,-19.34491302],[-51.04910839,-19.36560708],[-51.03671891,-19.38141672],[-51.05483021,-19.41458613],[-51.02161624,-19.40955104],[-51.03187515,-19.43145279],[-51.00906251,-19.43120028],[-50.98334015,-19.46521332],[-50.98897047,-19.47543747],[-51.01309938,-19.47938742],[-51.02705163,-19.49472531],[-51.00709658,-19.50775617],[-51.00667504,-19.52125146],[-50.99294638,-19.53639949],[-51.02955307,-19.52344621],[-51.04667611,-19.53141561],[-51.03983689,-19.54491601],[-50.99864385,-19.56106371],[-50.99474843,-19.57418841],[-51.01946689,-19.62187419],[-51.0367604,-19.60939918],[-51.05578415,-19.61413707],[-51.09986085,-19.59516915],[-51.12257418,-19.59294612],[-51.13288602,-19.59955793],[-51.04295147,-19.62969863],[-51.02835454,-19.65191411],[-51.06342254,-19.6782091],[-51.06798503,-19.69850695],[-51.12384032,-19.69261291],[-51.14779302,-19.71230751],[-51.14194513,-19.73387796],[-51.13438428,-19.73103089],[-51.13747799,-19.71916776],[-51.11135794,-19.70985289],[-51.06664736,-19.73657153],[-51.04838877,-19.76093577],[-51.05615574,-19.7842387],[-51.08220081,-19.81179487],[-51.04616547,-19.82181642],[-51.07725662,-19.87457354],[-51.06510014,-19.88917214],[-51.04455275,-19.88469599],[-51.02673738,-19.90149541],[-51.05567106,-19.94156894],[-51.06202457,-19.96773403],[-51.03954637,-19.99224513],[-51.06029738,-19.9945636],[-51.11698482,-19.97557562],[-51.13576043,-19.95524375],[-51.15307549,-19.98565594],[-51.05287616,-20.02479891],[-51.02377131,-20.05031506],[-50.99967977,-20.08549694],[-51.04415979,-20.19926943],[-51.06189383,-20.23192958],[-51.09664747,-20.26780644],[-51.14516567,-20.30026354],[-51.30233695,-20.33298334],[-51.39526098,-20.36940991],[-51.39562391,-20.38130048],[-51.40609504,-20.38806274],[-51.40088828,-20.40110956],[-51.41639529,-20.42903146],[-51.4283784,-20.4313873],[-51.44510555,-20.45147997],[-51.44383081,-20.46082083],[-51.50722703,-20.52374433],[-51.52659888,-20.53155862],[-51.53070463,-20.55602739],[-51.54668772,-20.57862733],[-51.56291867,-20.58752292],[-51.60411657,-20.58411059],[-51.6675685,-20.65660767],[-51.70127634,-20.66128196],[-51.76683747,-20.64902282],[-51.78400008,-20.6542546],[-51.78695839,-20.66290185],[-51.76735674,-20.6823571],[-51.68373237,-20.71470859],[-51.66156578,-20.74601198],[-51.66019309,-20.78076019],[-51.64917123,-20.79667925],[-51.67720176,-20.8220858],[-51.67928298,-20.83656197],[-51.69265472,-20.84018112],[-51.67121379,-20.85530217],[-51.65785077,-20.88075404],[-51.67549828,-20.88132066],[-51.67496746,-20.89903722],[-51.7000581,-20.90298838],[-51.70397117,-20.91296197],[-51.7173611,-20.9175234],[-51.73723816,-20.94783584],[-51.73306265,-20.96684405],[-51.7504226,-20.99659609],[-51.76029256,-20.99849156],[-51.77518035,-21.02441063],[-51.77756919,-21.00727802],[-51.78645599,-21.0091425],[-51.81432818,-21.04709199],[-51.80968092,-21.05786934],[-51.83941315,-21.07409966],[-51.86966705,-21.10355117],[-51.89746929,-21.10673978],[-51.88370471,-21.11963268],[-51.88634564,-21.12632356],[-51.91723618,-21.12723429],[-51.93705049,-21.16475047],[-51.97901805,-21.157332],[-51.94912494,-21.20986],[-51.97328969,-21.29890594],[-52.02111,-21.37631067],[-52.03724039,-21.38935601],[-52.03857865,-21.40329531],[-52.05522649,-21.40518414],[-52.15152346,-21.51333416],[-52.19157252,-21.5364374],[-52.21297241,-21.53797136],[-52.17530708,-21.57594459],[-52.19134236,-21.60173761],[-52.23103284,-21.62170427],[-52.34348474,-21.62931799],[-52.39383162,-21.64624737],[-52.40101892,-21.66889657],[-52.45373016,-21.6760701],[-52.45457822,-21.69003594],[-52.42995222,-21.69924956],[-52.31841956,-21.66067429],[-52.28356672,-21.65766332],[-52.24895804,-21.67320788],[-52.24417327,-21.7075081],[-52.25794133,-21.72610883],[-52.27650942,-21.72136181],[-52.32662624,-21.72782058],[-52.33539173,-21.75338416],[-52.32268644,-21.76680205],[-52.35708188,-21.78559059],[-52.35954788,-21.80038522],[-52.34049816,-21.804773],[-52.3730672,-21.83274407],[-52.3834039,-21.88722471],[-52.41701249,-21.94077917],[-52.43968951,-21.95237327],[-52.45908237,-21.97537785],[-52.4918463,-21.96960382],[-52.51295691,-21.97489814],[-52.51735328,-21.96086271],[-52.53735303,-21.95499919],[-52.53285606,-21.97146956],[-52.53996082,-22.00249895],[-52.52786782,-22.02159692],[-52.53098073,-22.03570873],[-52.54217733,-22.03889045],[-52.56279846,-22.01328458],[-52.58753136,-22.00399611],[-52.59335774,-22.01378208],[-52.56376703,-22.03472526],[-52.57125069,-22.05137749],[-52.63587514,-22.01547514],[-52.65993158,-22.02407001],[-52.66374772,-22.03062627],[-52.65658582,-22.03964296],[-52.67358605,-22.04923431],[-52.67771578,-22.06507177],[-52.69951829,-22.08942413],[-52.71315264,-22.09335288],[-52.72280365,-22.11118014],[-52.75484696,-22.11434544],[-52.73964028,-22.13289199],[-52.74831699,-22.16658318],[-52.76158811,-22.1761225],[-52.79254023,-22.17514245],[-52.80435683,-22.18694917],[-52.81414687,-22.17544193],[-52.8268658,-22.19264524],[-52.8602856,-22.19306935],[-52.89822352,-22.17043241],[-52.93442125,-22.16832273],[-52.92946608,-22.18277037],[-52.90386117,-22.18938581],[-52.89370501,-22.21546424],[-52.90395848,-22.22968952],[-52.91559304,-22.21452252],[-52.96108563,-22.18704594],[-52.97317984,-22.19114628],[-52.99534336,-22.13945694],[-53.01092222,-22.12521296],[-53.02752906,-22.12569345],[-53.024874,-22.10732204],[-53.07067297,-22.09140646],[-53.08171656,-22.10792861],[-53.06763919,-22.13848676],[-53.07163682,-22.16653678],[-53.05402027,-22.17540418],[-53.06012534,-22.19191491],[-53.05354683,-22.20404791],[-53.07437842,-22.22035918],[-53.10802035,-22.21479563],[-53.1132033,-22.2051772],[-53.10293617,-22.1881702],[-53.13033798,-22.17475865],[-53.1366095,-22.18706236],[-53.13284158,-22.20186768],[-53.1477107,-22.22990738],[-53.16712976,-22.22830491],[-53.17662382,-22.23809283],[-53.19202485,-22.23801972],[-53.19897131,-22.22342676],[-53.19666841,-22.19174018],[-53.21196229,-22.16945523],[-53.20774437,-22.15879647],[-53.21652282,-22.14181656],[-53.27627399,-22.12779633],[-53.30631823,-22.13234705],[-53.3190274,-22.12359647],[-53.32398035,-22.16642728],[-53.34664853,-22.18924682],[-53.32711244,-22.19055467],[-53.33783445,-22.2223174],[-53.34735773,-22.22783105],[-53.35754662,-22.22301833],[-53.36771708,-22.23363236],[-53.36751637,-22.25315513],[-53.3773097,-22.25682642],[-53.38106382,-22.27555791],[-53.39313135,-22.28341021],[-53.39894419,-22.31288313],[-53.46262896,-22.30456702],[-53.51171072,-22.33508764],[-53.5099981,-22.28432581],[-53.51983497,-22.24468517],[-53.53430798,-22.2296799],[-53.53021685,-22.21688261],[-53.48852615,-22.20476838],[-53.47358605,-22.18035041],[-53.47199465,-22.16123278],[-53.48964094,-22.11443418],[-53.51086569,-22.09960533],[-53.57691577,-22.09667614],[-53.62410589,-22.11726008],[-53.64288331,-22.10221458],[-53.64706262,-22.08542515],[-53.6631182,-22.08758544],[-53.67592879,-22.05711761],[-53.66867261,-22.04969651],[-53.67363357,-22.0218019],[-53.69284754,-22.01839924],[-53.70868039,-21.99500779],[-53.71826581,-22.00739444],[-53.72880571,-22.00358221],[-53.72588189,-21.99090634],[-53.70216801,-21.97385446],[-53.75435793,-21.97956516],[-53.74473145,-21.94026739],[-53.77462408,-21.93689095],[-53.78366614,-21.89958956],[-53.79456476,-21.89549638],[-53.79868435,-21.90974049],[-53.81792795,-21.90472553],[-53.82927846,-21.88522591],[-53.85741286,-21.88596107],[-53.88584096,-21.85604576],[-53.89620108,-21.86175424],[-53.91620559,-21.84286559],[-53.93288002,-21.8461602],[-53.92898422,-21.82569128],[-53.94520527,-21.8279287],[-53.96204757,-21.78802388],[-54.05206041,-21.75923652],[-54.06704518,-21.74102518],[-54.17335189,-21.72425494],[-54.18482473,-21.70895821],[-54.20254484,-21.72126783],[-54.21051359,-21.69126413],[-54.2309553,-21.67799363],[-54.24720847,-21.68166206],[-54.28699363,-21.65018676],[-54.28539538,-21.63437071],[-54.30773246,-21.63559889],[-54.31071655,-21.6254846],[-54.32774786,-21.6180137],[-54.32515213,-21.60587407],[-54.35415539,-21.58800994],[-54.36102866,-21.60754823],[-54.38507867,-21.62036136],[-54.3938931,-21.60444923],[-54.4059605,-21.60779581],[-54.41289265,-21.61959394],[-54.40700746,-21.63805176],[-54.43689682,-21.66488867],[-54.44266718,-21.68836396],[-54.45856597,-21.69738398],[-54.46064378,-21.71055076],[-54.49645948,-21.7013895],[-54.50974257,-21.7142081],[-54.50490063,-21.73763831],[-54.51816673,-21.75413993],[-54.51828527,-21.78206679],[-54.50301897,-21.80793006],[-54.50486887,-21.82529433],[-54.48854905,-21.84820537],[-54.51603155,-21.84819108],[-54.52154062,-21.85808733],[-54.47765913,-21.89050097],[-54.50358101,-21.90659652],[-54.5056478,-21.92634828],[-54.55024034,-21.90006737],[-54.56193415,-21.90090855],[-54.58297867,-21.92067112],[-54.60362725,-21.9141321],[-54.63327322,-21.88395398],[-54.63981086,-21.85171943],[-54.65091201,-21.86301625],[-54.64269886,-21.88879769],[-54.65495522,-21.90679495],[-54.64799703,-21.92387012],[-54.66855635,-21.92340003],[-54.66976754,-21.93785348],[-54.68191608,-21.93826722],[-54.69193663,-21.91638965],[-54.66394806,-21.90253082],[-54.67801893,-21.88992571],[-54.68968438,-21.85692463],[-54.71724152,-21.87187573],[-54.71492771,-21.85276552],[-54.72722053,-21.84703761],[-54.72999309,-21.87330787],[-54.74791375,-21.88716852],[-54.76976083,-21.87374955],[-54.77209683,-21.86037757],[-54.75100721,-21.8348859],[-54.75278683,-21.81804202],[-54.77967806,-21.8400878],[-54.79328261,-21.8194698],[-54.81528484,-21.82737824],[-54.83459145,-21.8088034],[-54.84663208,-21.82065612],[-54.84177583,-21.83062834],[-54.8474068,-21.83521657],[-54.87487302,-21.81871813],[-54.9197975,-21.81832152],[-54.9730264,-21.77557631],[-54.97151721,-21.80000099],[-54.99530165,-21.7848822],[-54.99716377,-21.79988447],[-54.98199639,-21.8089468],[-55.01184189,-21.83671606],[-55.00431931,-21.86130714],[-55.01685453,-21.88107775],[-55.0776552,-21.89056436],[-55.09050905,-21.90191029],[-55.10334682,-21.89455498],[-55.12345819,-21.89683889],[-55.13386483,-21.91447152],[-55.1829529,-21.89612017],[-55.2055233,-21.90968981],[-55.22019115,-21.90449757],[-55.26596106,-21.918061],[-55.2676375,-21.93486833],[-55.24939786,-21.93937043],[-55.21777451,-21.92995252],[-55.2106732,-21.93856744],[-55.16250984,-21.93526639],[-55.15424155,-21.92621441],[-55.13222323,-21.92875177],[-55.10717191,-21.91708728],[-55.1100587,-21.94081491],[-55.10186542,-21.94499697],[-55.09393669,-21.93509785],[-55.08470085,-21.94028286],[-55.07831724,-21.98240804],[-55.04027273,-21.97523272],[-55.05216427,-22.02626646],[-55.0371343,-22.04454165],[-54.96972364,-22.0599463],[-55.0070024,-22.09472386],[-55.01024215,-22.12179233],[-54.98581047,-22.13067237],[-55.00905426,-22.14624923],[-54.99984705,-22.16511091],[-54.97603014,-22.16178632],[-54.96822282,-22.17272712],[-54.944185,-22.17147118],[-54.93975901,-22.18093863],[-54.90006283,-22.18775531],[-54.89363577,-22.19746623],[-54.87476403,-22.19875507],[-54.86046027,-22.21027945],[-54.84277437,-22.18628986],[-54.83167579,-22.18658687],[-54.81923896,-22.20365011],[-54.84215111,-22.22068488],[-54.84406763,-22.2302157],[-54.83070013,-22.25420423],[-54.80320348,-22.27402459],[-54.78111112,-22.24069599],[-54.74688677,-22.25712794],[-54.73927011,-22.2844063],[-54.74496217,-22.29696937],[-54.71338182,-22.33292649],[-54.69518772,-22.33423661],[-54.68261464,-22.34634852],[-54.69736332,-22.35717281],[-54.69809051,-22.36947992],[-54.65024614,-22.35126298],[-54.63468978,-22.3805352],[-54.61034309,-22.38129717],[-54.58883464,-22.39358657],[-54.59626061,-22.40420952],[-54.62108903,-22.40684507],[-54.64536163,-22.42588504],[-54.67042064,-22.41313236],[-54.7267202,-22.42534096],[-54.74615983,-22.39665018],[-54.75964614,-22.42146251],[-54.78224703,-22.39252927],[-54.79861811,-22.3942205],[-54.80796421,-22.37949642],[-54.81993406,-22.38000086],[-54.84263931,-22.36513627],[-54.84800428,-22.34719245],[-54.85542246,-22.34765555],[-54.85976415,-22.36457688],[-54.83122097,-22.39067349],[-54.87651121,-22.37799094],[-54.8850141,-22.38196104],[-54.89840601,-22.40093386],[-54.89669971,-22.41586093],[-54.92556934,-22.43845079],[-54.92005572,-22.45052815],[-54.94793637,-22.47693966],[-54.94630527,-22.49314523],[-54.95910037,-22.51298784],[-54.95483929,-22.53625828],[-54.94686634,-22.54098478],[-54.93608947,-22.51760651],[-54.91084969,-22.52846548],[-54.85772298,-22.51818747],[-54.86390354,-22.54319715],[-54.8485727,-22.58745785],[-54.89680802,-22.63983547],[-54.92271389,-22.63124412],[-54.92954074,-22.66306257],[-54.95079473,-22.6803161],[-54.96823288,-22.67468897],[-54.98593025,-22.68642235],[-54.97852103,-22.64765721],[-54.98484045,-22.63918723],[-55.01711017,-22.64539365],[-55.02981586,-22.65663528],[-55.04517264,-22.65199071],[-55.0578976,-22.67005254],[-55.03476262,-22.68405016],[-55.04617571,-22.69928289],[-55.00076557,-22.70652367],[-54.9870653,-22.72356635],[-54.98483968,-22.74451639],[-54.96096303,-22.76595214],[-54.94055216,-22.77080559],[-54.9320813,-22.78980667],[-54.98087139,-22.80999969],[-55.00520565,-22.83767096],[-55.01892847,-22.83802996],[-55.05885512,-22.81113773],[-55.04968951,-22.84867223],[-55.06830378,-22.86560287],[-55.08126929,-22.83569187],[-55.13727604,-22.83778061],[-55.13983582,-22.81454573],[-55.1536037,-22.80731983],[-55.15600824,-22.85273639],[-55.13829658,-22.87168873],[-55.12659243,-22.85499347],[-55.1188476,-22.85605038],[-55.1141438,-22.87513923],[-55.12369163,-22.88492395],[-55.1155885,-22.89302664],[-55.12954341,-22.90316093],[-55.13509,-22.93305741],[-55.16341812,-22.93043463],[-55.16092649,-22.94488551],[-55.18266796,-22.96909722],[-55.17663242,-22.98631011],[-55.19012498,-23.00091269],[-55.20337486,-23.04461181],[-55.18931037,-23.08013254],[-55.20189858,-23.07822594],[-55.21149749,-23.06254564],[-55.23974248,-23.06767476],[-55.23517546,-23.08324646],[-55.25774684,-23.10025218],[-55.2423399,-23.11642555],[-55.27217207,-23.12966232],[-55.26594218,-23.13620747],[-55.22970588,-23.13325972],[-55.22162271,-23.15248348],[-55.20149946,-23.13815381],[-55.19765772,-23.11682079],[-55.17462032,-23.13845966],[-55.14353388,-23.12706756],[-55.13663285,-23.11045609],[-55.12226621,-23.11771315],[-55.11890467,-23.12873055],[-55.08984372,-23.12958541],[-55.06971324,-23.12137676],[-55.06733461,-23.10262046],[-55.04416017,-23.09479253],[-55.03067298,-23.09153649],[-55.00893638,-23.10178531],[-54.98432046,-23.09629015],[-54.94293491,-23.05488374],[-54.93094943,-23.05727017],[-54.93247658,-23.07041631],[-54.92460342,-23.07760304],[-54.91584615,-23.0594563],[-54.90523954,-23.05882741],[-54.9041775,-23.09032004],[-54.87587275,-23.11147404],[-54.86302443,-23.08772773],[-54.83824056,-23.0845279],[-54.82046002,-23.05363311],[-54.79657196,-23.0562198],[-54.78581673,-23.06510714],[-54.74556558,-23.06380297],[-54.74114677,-23.08568512],[-54.72339411,-23.07674781],[-54.72508193,-23.0955886],[-54.77300202,-23.13908987],[-54.77476079,-23.15559787],[-54.75827928,-23.16783344],[-54.70781753,-23.15197393],[-54.68346373,-23.1729307],[-54.64816855,-23.17994305],[-54.65558495,-23.25162777],[-54.63900587,-23.28666854],[-54.64414832,-23.30922604],[-54.62375976,-23.31635249],[-54.60211641,-23.29695762],[-54.58912187,-23.30786925],[-54.58475297,-23.33903162],[-54.58708313,-23.35043543],[-54.60447774,-23.36071968],[-54.59726291,-23.38476251],[-54.6189324,-23.40126715],[-54.64742877,-23.39080079],[-54.66618455,-23.44159284],[-54.67411603,-23.43518869],[-54.66919951,-23.41371696],[-54.67737684,-23.40243182],[-54.69140257,-23.40489098],[-54.72220915,-23.38916981],[-54.73648156,-23.39641772],[-54.74360291,-23.41048869],[-54.7340768,-23.44044393],[-54.72069186,-23.45541295],[-54.70657384,-23.45424599],[-54.69958641,-23.46189686],[-54.71626124,-23.47816523],[-54.7165664,-23.50367465],[-54.70634707,-23.51152321],[-54.69433916,-23.49777355],[-54.68074085,-23.50013158],[-54.67419115,-23.55838819],[-54.64681108,-23.58021539],[-54.62674833,-23.55102784],[-54.64642207,-23.52976484],[-54.64327413,-23.50003085],[-54.62604208,-23.48906881],[-54.59130517,-23.4837078],[-54.59022094,-23.49255678],[-54.60227359,-23.50433907],[-54.59127961,-23.51600351],[-54.60500852,-23.5528405],[-54.59971212,-23.56492046],[-54.58257998,-23.56199858],[-54.55778426,-23.53992581],[-54.57063069,-23.52624829],[-54.55748418,-23.5073308],[-54.57072586,-23.49625153],[-54.57151264,-23.4780786],[-54.54035563,-23.48169676],[-54.50908307,-23.44616126],[-54.49011302,-23.43946027],[-54.49175505,-23.47274539],[-54.47695844,-23.48967323],[-54.48811049,-23.50629212],[-54.48320007,-23.51777929],[-54.49951197,-23.52165596],[-54.50796748,-23.5327879],[-54.49977721,-23.55981039],[-54.51268499,-23.56951705],[-54.51509509,-23.59066912],[-54.52816197,-23.5967496],[-54.55270208,-23.63014912],[-54.55349438,-23.64521433],[-54.54004428,-23.64712247],[-54.53380134,-23.66301164],[-54.52054141,-23.66061963],[-54.52209388,-23.63005921],[-54.51043988,-23.60725342],[-54.49819228,-23.59717558],[-54.48764465,-23.59911343],[-54.46892445,-23.61490613],[-54.46018162,-23.63565915],[-54.47596645,-23.68407059],[-54.46783008,-23.69473901],[-54.45215043,-23.67943736],[-54.44329742,-23.68691411],[-54.44951841,-23.71192776],[-54.47599576,-23.71777425],[-54.47812337,-23.7451927],[-54.49838949,-23.74683294],[-54.51912732,-23.72796403],[-54.57199238,-23.72928211],[-54.58857594,-23.71689411],[-54.61209596,-23.71894266],[-54.61986666,-23.69347418],[-54.64686928,-23.69794777],[-54.65724971,-23.66364285],[-54.70543929,-23.60611559],[-54.72678126,-23.59515245],[-54.74191897,-23.57435417],[-54.77051508,-23.57027277],[-54.80641686,-23.54545573],[-54.83319468,-23.50578508],[-54.83694745,-23.47517427],[-54.88721533,-23.42482723],[-54.89228665,-23.4282722],[-54.87911646,-23.46398434],[-54.88353255,-23.47160246],[-54.894361,-23.47303796],[-54.90627001,-23.46065065],[-54.89744446,-23.44734674],[-54.90658596,-23.43343017],[-54.93624767,-23.42560766],[-54.93496377,-23.44447223],[-54.94549247,-23.45356188],[-54.94848898,-23.47873054],[-54.95583665,-23.48400914],[-54.97560183,-23.47485668],[-54.98622882,-23.48740192],[-54.96935589,-23.51849504],[-54.97946089,-23.52321369],[-55.00271109,-23.51060551],[-54.97387868,-23.54596528],[-54.92337836,-23.57563091],[-54.93475315,-23.61568246],[-54.95367878,-23.63354719],[-54.96875177,-23.62939416],[-54.97253299,-23.61301693],[-54.98684995,-23.61632386],[-54.98238512,-23.60387392],[-54.95338911,-23.58318684],[-54.95354757,-23.57453374],[-54.97955038,-23.58773944],[-54.98042405,-23.55827134],[-55.02634993,-23.55760903],[-55.03247941,-23.54287289],[-55.02315188,-23.52572563],[-55.03326585,-23.50839603],[-55.08209271,-23.51893656],[-55.08718534,-23.51309203],[-55.07779511,-23.49201681],[-55.09924679,-23.4930897],[-55.10789402,-23.50854355],[-55.08007336,-23.5550278],[-55.07427677,-23.60711877],[-55.12287358,-23.59844476],[-55.13891301,-23.60340324],[-55.14627023,-23.58730311],[-55.13131321,-23.55959394],[-55.15214907,-23.5458822],[-55.1283141,-23.52259958],[-55.1446397,-23.49810509],[-55.19257246,-23.47511449],[-55.2335175,-23.48396314],[-55.25682177,-23.50671009],[-55.25142496,-23.53021679],[-55.23709104,-23.53397481],[-55.22967799,-23.52254837],[-55.21382049,-23.52158319],[-55.20506164,-23.53314947],[-55.18548616,-23.53450908],[-55.17788097,-23.54200865],[-55.18439958,-23.55879487],[-55.16585059,-23.58356134],[-55.18783029,-23.59594994],[-55.18463066,-23.58017674],[-55.20391908,-23.57363811],[-55.2073549,-23.55292883],[-55.25320485,-23.54876823],[-55.26038925,-23.55653127],[-55.25752503,-23.57100148],[-55.24113756,-23.58579697],[-55.2448062,-23.60556602],[-55.22890149,-23.60709501],[-55.22671799,-23.61695768],[-55.19882485,-23.63330721],[-55.18926952,-23.64852811],[-55.18887822,-23.66938589],[-55.16936333,-23.67051497],[-55.1740727,-23.70257258],[-55.18774041,-23.6957229],[-55.21027746,-23.70015489],[-55.21726037,-23.71988954],[-55.23398252,-23.71817617],[-55.24970348,-23.69855306],[-55.24491152,-23.66597768],[-55.28186265,-23.6636411],[-55.27921622,-23.64548016],[-55.28876917,-23.62819777],[-55.27414411,-23.61499193],[-55.28360359,-23.59697006],[-55.28191038,-23.58127802],[-55.30210358,-23.58051199],[-55.33129202,-23.59914063],[-55.33475482,-23.61788538],[-55.32492263,-23.62391281],[-55.32344514,-23.63849477],[-55.30607103,-23.64581575],[-55.30823587,-23.67970621],[-55.28694856,-23.71328305],[-55.26843371,-23.70860724],[-55.26599363,-23.73434395],[-55.235163,-23.73352999],[-55.19651384,-23.77979192],[-55.21212741,-23.78096845],[-55.24061059,-23.75550073],[-55.25515846,-23.76103479],[-55.2366067,-23.78376445],[-55.25215673,-23.80724588],[-55.23007983,-23.81228587],[-55.22784829,-23.82310396],[-55.24185851,-23.83538218],[-55.25141445,-23.86395879],[-55.26414957,-23.87011353],[-55.26744476,-23.89911153],[-55.28787007,-23.91387639],[-55.2611918,-23.92122323],[-55.26950775,-23.94866649],[-55.2672597,-23.97439139],[-55.24817145,-23.98719702],[-55.24399716,-24.00090406],[-55.30417761,-23.96502328],[-55.31772547,-23.96289133],[-55.34122428,-23.99457061],[-55.387616,-23.96749172],[-55.40287967,-23.97415522],[-55.41982289,-23.95735072],[-55.41965744,-23.94376967],[-55.43278767,-23.94070958],[-55.42788983,-23.926306],[-55.44637964,-23.91683386],[-55.43567897,-23.8723065],[-55.44156075,-23.82921683],[-55.45393906,-23.81922914],[-55.43018669,-23.79013106],[-55.43386411,-23.77102978],[-55.44725389,-23.76021553],[-55.44867678,-23.74226469],[-55.43645028,-23.71633147],[-55.46355422,-23.71195411],[-55.46224561,-23.68389783],[-55.47605911,-23.67515267],[-55.47476289,-23.65042211],[-55.48409808,-23.64021953],[-55.51042356,-23.63255589],[-55.51118253,-23.6231965],[-55.53218555,-23.63027817],[-55.53996306,-23.62511489],[-55.53827411,-23.59185356],[-55.52659047,-23.567341],[-55.56220483,-23.47615544],[-55.543307,-23.474187],[-55.54479372,-23.44931572],[-55.51564144,-23.40953517],[-55.50446672,-23.37497778],[-55.5194978,-23.36511867],[-55.52070722,-23.35223511],[-55.53852811,-23.32947942],[-55.56492672,-23.32263761],[-55.54927453,-23.30364667],[-55.55318272,-23.27947483],[-55.52267556,-23.25971708],[-55.53730606,-23.25126422],[-55.54623105,-23.22014178],[-55.53418117,-23.21685928],[-55.52329242,-23.19778772],[-55.54309847,-23.18081122],[-55.54190286,-23.15611989],[-55.57347683,-23.14329492],[-55.59681139,-23.15260261],[-55.59978267,-23.10417597],[-55.61702661,-23.08173022],[-55.61096936,-23.07701811],[-55.61118694,-23.04768192],[-55.63941522,-23.02592839],[-55.6284755,-22.99834794],[-55.63393128,-22.99182411],[-55.62197705,-22.98455194],[-55.63683642,-22.96476922],[-55.63461889,-22.95515158],[-55.64760939,-22.9498945],[-55.64953594,-22.891017],[-55.66122361,-22.88222375],[-55.66585664,-22.85247333],[-55.64915953,-22.80162447],[-55.65231417,-22.79230617],[-55.63529422,-22.77029244],[-55.61806,-22.76751394],[-55.62663939,-22.75762358],[-55.6130885,-22.738946],[-55.61442444,-22.65508686],[-55.62287314,-22.65046886],[-55.63133422,-22.62060678],[-55.68289878,-22.58888672],[-55.69842072,-22.56325767],[-55.72360444,-22.55177094],[-55.74726625,-22.50548497],[-55.75117825,-22.48177208],[-55.74807819,-22.46454819],[-55.73523178,-22.45890617],[-55.73390933,-22.44154389],[-55.74670772,-22.38410597],[-55.79110936,-22.38847167],[-55.80371128,-22.37230294],[-55.80085342,-22.35534319],[-55.82100728,-22.34514781],[-55.83240006,-22.32565558],[-55.82886417,-22.31599806],[-55.84313511,-22.28709578],[-55.8532918,-22.28029756],[-55.90008852,-22.28588989],[-55.91641304,-22.27781118],[-55.94562268,-22.28337821],[-55.94945519,-22.29306854],[-55.96952044,-22.29209062],[-55.98307748,-22.27864436],[-56.01008704,-22.29463307],[-56.01240635,-22.28626883],[-56.06087515,-22.27552219],[-56.06934575,-22.28674076],[-56.09261979,-22.28573883],[-56.11769015,-22.27039363],[-56.13066077,-22.28439325],[-56.16096587,-22.28231238],[-56.16570726,-22.2883893],[-56.17472623,-22.27929794],[-56.18892602,-22.28193504],[-56.19354789,-22.27118999],[-56.20996185,-22.27796911],[-56.23457674,-22.25574216],[-56.2382022,-22.23654447],[-56.27710143,-22.23676269],[-56.29954695,-22.21738398],[-56.31685301,-22.21822543],[-56.34618267,-22.18813649],[-56.34977879,-22.1733081],[-56.36468378,-22.16964037],[-56.37392946,-22.14977875],[-56.36781447,-22.13686814],[-56.37202057,-22.12591255],[-56.38436504,-22.11054294],[-56.3807806,-22.10477921],[-56.39545797,-22.09435011],[-56.38891249,-22.08961449],[-56.39388944,-22.07445571],[-56.43101889,-22.08688908],[-56.44753352,-22.08505758],[-56.44801382,-22.07651739],[-56.4540482,-22.08503429],[-56.4709982,-22.07988631],[-56.47637529,-22.09406021],[-56.50756302,-22.09615371],[-56.52536011,-22.12089238],[-56.51956662,-22.14077777],[-56.54030388,-22.14727437],[-56.5333064,-22.15901701],[-56.55707625,-22.16914739],[-56.55172504,-22.1858505],[-56.55666788,-22.19652434],[-56.57045935,-22.20747908],[-56.58044278,-22.20417151],[-56.59352387,-22.21844706],[-56.59986113,-22.21133029],[-56.59915598,-22.21856041],[-56.60980843,-22.22095326],[-56.60611034,-22.23205185],[-56.62747171,-22.24675559],[-56.64243266,-22.24439062],[-56.63682998,-22.26325959],[-56.67953662,-22.24635162],[-56.68289338,-22.2214825],[-56.70353503,-22.21699978],[-56.69533296,-22.23087476],[-56.72047923,-22.26488857],[-56.74705377,-22.23580125],[-56.75185442,-22.24671298],[-56.76729169,-22.24451338],[-56.7627066,-22.25150829],[-56.77669712,-22.26050814],[-56.7883999,-22.25358551],[-56.78593359,-22.24118729],[-56.79329654,-22.24240741],[-56.80585023,-22.25737005],[-56.80282673,-22.28350244],[-56.84118168,-22.30143196],[-56.88018516,-22.2774514],[-56.87587204,-22.26301122],[-56.88333422,-22.24748177],[-56.89971343,-22.25188479],[-56.90557969,-22.26638627],[-56.92645135,-22.24978438],[-56.94750621,-22.25585201],[-56.95876134,-22.23792084],[-56.98690158,-22.24253827],[-56.99641528,-22.22242386],[-57.00954246,-22.23585313],[-57.01900939,-22.2312448],[-57.04403202,-22.24264576],[-57.059662,-22.22946425],[-57.05952517,-22.2422388],[-57.08258315,-22.25106878],[-57.08968782,-22.24138025],[-57.09422867,-22.24920138],[-57.11224603,-22.24123977],[-57.10389819,-22.22739574],[-57.11005559,-22.22536349],[-57.135989,-22.225744],[-57.148632,-22.233961],[-57.166562,-22.227575],[-57.184019,-22.236089],[-57.189983,-22.216395],[-57.202248,-22.210651],[-57.206812,-22.220672],[-57.207358,-22.21354],[-57.214728,-22.218224],[-57.208558,-22.228288],[-57.215593,-22.227212],[-57.218167,-22.240922],[-57.237235,-22.250678],[-57.255446,-22.237394],[-57.270895,-22.236973],[-57.270749,-22.228867],[-57.277668,-22.235651],[-57.291608,-22.217738],[-57.310548,-22.227638],[-57.321029,-22.245292],[-57.337305,-22.234136],[-57.335033,-22.228717],[-57.340549,-22.235531],[-57.342463,-22.228762],[-57.357612,-22.226353],[-57.360642,-22.233629],[-57.364586,-22.22716],[-57.374745,-22.231769],[-57.385831,-22.204408],[-57.397591,-22.20825],[-57.397277,-22.201455],[-57.415096,-22.195925],[-57.425495,-22.204553],[-57.424064,-22.196512],[-57.435004,-22.199987],[-57.445991,-22.186762],[-57.455649,-22.188351],[-57.453248,-22.194787],[-57.460879,-22.186812],[-57.489688,-22.19069],[-57.493678,-22.180713],[-57.506452,-22.184574],[-57.522914,-22.167884],[-57.541744,-22.181078],[-57.578596,-22.175375],[-57.588276,-22.158519],[-57.58205698,-22.16073257],[-57.57391282,-22.1481358],[-57.5753986,-22.11056331],[-57.56645554,-22.11230383],[-57.56136425,-22.13330865],[-57.52939898,-22.13739163],[-57.51736798,-22.0970505],[-57.52143546,-22.07925812],[-57.51140523,-22.06411731],[-57.51442192,-22.03932596],[-57.49716172,-22.02436016],[-57.48168618,-21.98557089],[-57.51739619,-21.98322253],[-57.54394232,-22.00716066],[-57.57608847,-21.99963224],[-57.58558287,-22.01285572],[-57.6150002,-22.01826452],[-57.64530042,-22.04283543],[-57.64829652,-22.00209752],[-57.63184232,-21.98833559],[-57.62909533,-21.96413028],[-57.61031927,-21.94311153],[-57.62826863,-21.93152616],[-57.62426871,-21.90293099],[-57.60555254,-21.86872056],[-57.58121193,-21.85582894],[-57.55900399,-21.87295714],[-57.55550365,-21.84972469],[-57.54711756,-21.84669574],[-57.49321755,-21.87663388],[-57.4602729,-21.84920574],[-57.50085946,-21.83711571],[-57.50874749,-21.79915401],[-57.5006882,-21.7621875],[-57.52152909,-21.74386518],[-57.55920866,-21.74663268],[-57.57471846,-21.76421928],[-57.58859591,-21.76797636],[-57.59563678,-21.78916946],[-57.63219836,-21.79915494],[-57.65671507,-21.78444829],[-57.66083942,-21.75286187],[-57.62464796,-21.74261807],[-57.6305656,-21.71793143],[-57.62585341,-21.67697591],[-57.61549856,-21.65830024],[-57.57158625,-21.66100675],[-57.53848599,-21.64493006],[-57.51400249,-21.66316182],[-57.482803,-21.74744956],[-57.44953761,-21.74471603],[-57.45043256,-21.72865685],[-57.43394407,-21.70419882],[-57.4648109,-21.67060489],[-57.4640675,-21.66056443],[-57.41769402,-21.65049312],[-57.39764071,-21.65743692],[-57.40515108,-21.6347523],[-57.39335021,-21.62308229],[-57.42148396,-21.61877492],[-57.42683443,-21.59956477],[-57.4432809,-21.58955382],[-57.45552971,-21.59838956],[-57.4512236,-21.62585996],[-57.46114454,-21.63412207],[-57.47900087,-21.6140303],[-57.49027043,-21.62015243],[-57.50711593,-21.60544724],[-57.53586087,-21.60737186],[-57.55187875,-21.61940178],[-57.60901287,-21.61874732],[-57.63705074,-21.59564794],[-57.62317632,-21.55947422],[-57.62801476,-21.53856719],[-57.61184178,-21.52819893],[-57.61020968,-21.50793475],[-57.5936406,-21.49597766],[-57.57021095,-21.50013832],[-57.55694106,-21.49257829],[-57.54353849,-21.50003897],[-57.53816992,-21.48663314],[-57.52685864,-21.48538771],[-57.51851559,-21.49282243],[-57.53170649,-21.50674872],[-57.5290016,-21.52458156],[-57.4915438,-21.52174431],[-57.47039889,-21.50005082],[-57.46997108,-21.48732346],[-57.47869588,-21.47077458],[-57.50600735,-21.46409123],[-57.50082767,-21.44206555],[-57.48305618,-21.42527485],[-57.45564515,-21.44053881],[-57.43601108,-21.42455118],[-57.41273111,-21.42215158],[-57.38590255,-21.43113162],[-57.38443656,-21.44789866],[-57.44223159,-21.46291228],[-57.43681881,-21.51253732],[-57.45508057,-21.5276236],[-57.4647704,-21.54898358],[-57.46155486,-21.55979723],[-57.43146482,-21.56646989],[-57.40352352,-21.59343999],[-57.39391102,-21.58065556],[-57.39567283,-21.56230502],[-57.36414335,-21.57346869],[-57.3623194,-21.55033478],[-57.34519979,-21.55808198],[-57.33182272,-21.55087631],[-57.31514011,-21.5557117],[-57.3181043,-21.54402259],[-57.35081676,-21.51779238],[-57.33636032,-21.49753516],[-57.32154702,-21.50563053],[-57.31113907,-21.48600203],[-57.32792109,-21.4642488],[-57.34048176,-21.46298544],[-57.33182369,-21.44064126],[-57.31736579,-21.44103846],[-57.29867266,-21.468539],[-57.28685655,-21.45365768],[-57.27825925,-21.46647499],[-57.24350353,-21.47189968],[-57.25230893,-21.43914331],[-57.26399309,-21.4303859],[-57.25492121,-21.41761498],[-57.25781809,-21.40808423],[-57.27593872,-21.39477312],[-57.29303723,-21.404893],[-57.30197882,-21.3936146],[-57.30475808,-21.36387424],[-57.29553781,-21.34182935],[-57.29792211,-21.31787304],[-57.28685307,-21.29561732],[-57.2529152,-21.28215348],[-57.23524279,-21.25878871],[-57.2587653,-21.222733],[-57.25555371,-21.20567339],[-57.24214475,-21.19976426],[-57.22275998,-21.21521303],[-57.20615309,-21.2136157],[-57.20130313,-21.22698937],[-57.18121939,-21.23139348],[-57.16528123,-21.25034187],[-57.15440415,-21.22680678],[-57.1097446,-21.2200406],[-57.09981904,-21.20739053],[-57.09830217,-21.18634318],[-57.12964236,-21.17285014],[-57.11323878,-21.16133782],[-57.11647967,-21.14940372],[-57.13377313,-21.16127284],[-57.14262767,-21.15215021],[-57.16629042,-21.15140024],[-57.1686361,-21.175211],[-57.19412858,-21.17197662],[-57.20738531,-21.16127263],[-57.21796927,-21.16946584],[-57.23643325,-21.16455652],[-57.23801743,-21.15302543],[-57.22111696,-21.13612684],[-57.23522309,-21.12096901],[-57.23336279,-21.09326081],[-57.28053944,-21.05468486],[-57.30918116,-21.05657843],[-57.32961647,-21.03131188],[-57.33942894,-20.957699],[-57.32334652,-20.92289495],[-57.35343535,-20.90901269],[-57.3310184,-20.8955314],[-57.294157,-20.92132239],[-57.27663707,-20.91123134],[-57.26483405,-20.93813343],[-57.24267763,-20.93757416],[-57.22961419,-20.92899372],[-57.217544,-20.94705347],[-57.21524293,-20.97007593],[-57.18954176,-21.00082856],[-57.20179375,-21.02229137],[-57.17343357,-21.04771311],[-57.16239504,-21.09908108],[-57.14102487,-21.10702307],[-57.14164884,-21.04709008],[-57.15721345,-21.02845466],[-57.16848829,-20.97158208],[-57.16312106,-20.95794631],[-57.14466313,-20.95505353],[-57.13044166,-20.93795961],[-57.1409664,-20.92572372],[-57.14429943,-20.89391235],[-57.15682024,-20.9136186],[-57.17792363,-20.90316481],[-57.18898425,-20.93114506],[-57.19388069,-20.88849758],[-57.17296034,-20.87959329],[-57.1736261,-20.85018513],[-57.13737809,-20.85824642],[-57.13967125,-20.82209486],[-57.15893776,-20.83028817],[-57.16823247,-20.81479412],[-57.15911776,-20.78649537],[-57.10741232,-20.78711099],[-57.10379241,-20.77900026],[-57.11849521,-20.77457162],[-57.12252774,-20.76507949],[-57.13467447,-20.76563084],[-57.13681626,-20.75062772],[-57.16732735,-20.77672613],[-57.17733122,-20.74681468],[-57.21021327,-20.73431278],[-57.21834041,-20.71547018],[-57.22885635,-20.71268431],[-57.23430961,-20.68160976],[-57.22833197,-20.67296387],[-57.20601414,-20.6579119],[-57.2031082,-20.6857607],[-57.17431851,-20.68087476],[-57.18341292,-20.65455386],[-57.17362598,-20.62724844],[-57.15439843,-20.62839241],[-57.14949547,-20.61764026],[-57.13212126,-20.62244282],[-57.1271283,-20.6171139],[-57.16423849,-20.59811247],[-57.16677506,-20.57524507],[-57.15893552,-20.56217902],[-57.17412,-20.547112],[-57.17151139,-20.53161624],[-57.1888114,-20.52194046],[-57.18877514,-20.48689063],[-57.16501178,-20.47483858],[-57.14657579,-20.48998652],[-57.14371707,-20.51170151],[-57.15180563,-20.5311513],[-57.1292341,-20.56939292],[-57.13108788,-20.58854767],[-57.10116708,-20.57943403],[-57.11204102,-20.55961329],[-57.10038009,-20.55094234],[-57.07233551,-20.57225104],[-57.07157986,-20.59493096],[-57.04295945,-20.58886537],[-57.02383289,-20.60541412],[-57.00213826,-20.60713457],[-56.99764383,-20.59240877],[-56.9846776,-20.58360404],[-57.00097966,-20.57508866],[-57.02197724,-20.57876946],[-57.03494181,-20.55039881],[-57.01984687,-20.53717945],[-56.95448505,-20.54756446],[-56.92255129,-20.56685902],[-56.91383193,-20.56003492],[-56.93072958,-20.52984211],[-56.95959471,-20.51373987],[-56.97148604,-20.48256886],[-56.99988219,-20.49069528],[-57.02599454,-20.46698906],[-57.02223871,-20.45862633],[-56.99733867,-20.45840902],[-56.96263987,-20.43392953],[-56.99469028,-20.41997227],[-56.99182243,-20.40430181],[-57.00519313,-20.37313812],[-57.02631509,-20.34842445],[-56.99551883,-20.33292814],[-56.94735935,-20.32764194],[-56.95037743,-20.30633917],[-56.97434353,-20.2733489],[-56.96065787,-20.24735537],[-56.98291392,-20.20940177],[-57.0023641,-20.19971762],[-57.01398031,-20.21380541],[-57.02204236,-20.2124001],[-57.02099636,-20.19127064],[-57.02995623,-20.18513161],[-57.03850744,-20.15600412],[-57.07527135,-20.11468344],[-57.10317241,-20.11483682],[-57.12663347,-20.1329892],[-57.18280289,-20.12068959],[-57.21485232,-20.09077637],[-57.25908626,-20.08429262],[-57.28978445,-20.10041887],[-57.3468769,-20.09331904],[-57.3335427,-20.02857221],[-57.28051857,-19.97051082],[-57.26568147,-19.91697199],[-57.24204272,-19.90927529],[-57.21008154,-19.878781],[-57.1908896,-19.88423881],[-57.1938974,-19.89602724],[-57.18812214,-19.89830202],[-57.17930015,-19.87547224],[-57.15593697,-19.85247024],[-57.12064762,-19.84055361],[-57.11390872,-19.81937955],[-57.09813636,-19.83608468],[-57.08239122,-19.82664398],[-57.06040054,-19.83497801],[-57.03427762,-19.82182382],[-57.03898332,-19.77585938],[-57.00894621,-19.79030318],[-56.95975362,-19.79074474],[-56.94608388,-19.78258948],[-56.92633706,-19.80968883],[-56.88996215,-19.82757621],[-56.86521152,-19.86405739],[-56.83129431,-19.89474107],[-56.82811007,-19.91264747],[-56.79734597,-19.92920946],[-56.77116097,-19.95778711],[-56.75053875,-19.96014768],[-56.75821252,-20.00138347],[-56.7459576,-20.02391476],[-56.72838761,-20.03022865],[-56.72226627,-20.07805853],[-56.70349229,-20.1104383],[-56.70766407,-20.11954598],[-56.68622834,-20.13044035],[-56.68822935,-20.14147088],[-56.67923215,-20.15156401],[-56.66548717,-20.14946072],[-56.65026221,-20.11304168],[-56.63363718,-20.10799336],[-56.61336556,-20.08202472],[-56.60048022,-20.09947562],[-56.60774972,-20.13955716],[-56.57671373,-20.14314274],[-56.56593128,-20.16191574],[-56.54338054,-20.15526459],[-56.54461818,-20.16497959],[-56.53518364,-20.17223642],[-56.54826817,-20.17784651],[-56.5450225,-20.18885863],[-56.49508506,-20.17207097],[-56.47482427,-20.17767775],[-56.48037603,-20.18994587],[-56.50468714,-20.19048857],[-56.49821476,-20.20365998],[-56.50517832,-20.21960573],[-56.5323513,-20.20469221],[-56.54090474,-20.21635068],[-56.62133367,-20.2164404],[-56.64609426,-20.23050049],[-56.66687981,-20.26331036],[-56.6849586,-20.26509768],[-56.69157866,-20.28577563],[-56.68435682,-20.32114503],[-56.67279376,-20.32417408],[-56.64460255,-20.36103863],[-56.62279731,-20.36293065],[-56.62173329,-20.3395095],[-56.58704111,-20.31312238],[-56.5749577,-20.27484562],[-56.51108183,-20.27705602],[-56.49795879,-20.25561247],[-56.48451862,-20.26353012],[-56.47281603,-20.24853154],[-56.45943413,-20.24745474],[-56.44160148,-20.26934604],[-56.44079445,-20.29212182],[-56.45741726,-20.3067111],[-56.47569416,-20.31077966],[-56.47353897,-20.32311795],[-56.48092451,-20.33117001],[-56.47279399,-20.34285329],[-56.45136812,-20.34957098],[-56.43721531,-20.32259659],[-56.42608786,-20.32167669],[-56.42356755,-20.33735718],[-56.43451889,-20.36231182],[-56.41827191,-20.384011],[-56.42685052,-20.3948934],[-56.41747294,-20.40358034],[-56.3964741,-20.39693817],[-56.37903052,-20.36584583],[-56.39207898,-20.34837089],[-56.37977214,-20.33512312],[-56.38820883,-20.32673881],[-56.38840059,-20.31013304],[-56.37523048,-20.28879033],[-56.39321227,-20.25151376],[-56.39390481,-20.238405],[-56.38455488,-20.23009662],[-56.39836525,-20.21322679],[-56.41718306,-20.20585289],[-56.41395996,-20.19401059],[-56.3976909,-20.1917298],[-56.38573071,-20.17428505],[-56.39031391,-20.15672485],[-56.37753187,-20.1454607],[-56.38743202,-20.12998609],[-56.40005687,-20.12847557],[-56.41103978,-20.14225295],[-56.4268409,-20.13595754],[-56.45660876,-20.14645745],[-56.45014539,-20.12920475],[-56.45454868,-20.1148612],[-56.4825718,-20.09954465],[-56.47305002,-20.09085705],[-56.45306293,-20.10156281],[-56.43900778,-20.09721523],[-56.43551054,-20.08202901],[-56.45707929,-20.08164664],[-56.45946108,-20.06841428],[-56.44197993,-20.06786183],[-56.43724801,-20.0540217],[-56.40314403,-20.04825402],[-56.39212881,-20.02809969],[-56.39817948,-20.01900295],[-56.41743248,-20.02840188],[-56.43105155,-20.02042922],[-56.43985672,-20.0284691],[-56.44554913,-20.00762701],[-56.46578529,-19.99391383],[-56.45164112,-19.97774698],[-56.42851693,-19.97207346],[-56.44065287,-19.94789145],[-56.42247184,-19.93809852],[-56.42857844,-19.92843311],[-56.44406132,-19.93007437],[-56.43605514,-19.91796953],[-56.446252,-19.90626459],[-56.46718382,-19.91012946],[-56.47407867,-19.90341969],[-56.47432552,-19.89341449],[-56.46211274,-19.88745298],[-56.46731186,-19.87314574],[-56.44995967,-19.86406723],[-56.44297845,-19.88003311],[-56.42334236,-19.88630505],[-56.41141827,-19.87554437],[-56.37711277,-19.93182671],[-56.35509188,-19.9260035],[-56.34423102,-19.93734859],[-56.32494404,-19.93818307],[-56.32484653,-19.94937925],[-56.29564553,-19.96837234],[-56.3074827,-19.98060071],[-56.29361205,-19.99134644],[-56.30035683,-19.99981161],[-56.28922694,-20.01063294],[-56.29234905,-20.03062817],[-56.27642914,-20.03143214],[-56.2474567,-20.11781923],[-56.23819766,-20.11463678],[-56.23596795,-20.06005249],[-56.24703976,-20.03385145],[-56.25078051,-19.99159669],[-56.23539173,-19.95936492],[-56.20374074,-19.96989528],[-56.20363671,-19.98478766],[-56.19375391,-19.99502783],[-56.19827392,-20.01783211],[-56.18739776,-20.06079492],[-56.20110092,-20.07327736],[-56.17298304,-20.09099686],[-56.17499718,-20.10181989],[-56.15658173,-20.12064199],[-56.1438175,-20.11028705],[-56.12605522,-20.11417839],[-56.10524557,-20.09397452],[-56.09287092,-20.13555842],[-56.07696617,-20.13486801],[-56.07584475,-20.10697619],[-56.05880286,-20.1024765],[-56.05731714,-20.08402565],[-56.04442612,-20.0885975],[-56.03391086,-20.1056181],[-56.03839646,-20.12988001],[-56.02543708,-20.13753617],[-56.03380814,-20.16262274],[-56.01486774,-20.222939],[-56.03430223,-20.23780033],[-56.03714652,-20.29996348],[-56.01000941,-20.30117556],[-55.99484812,-20.31909567],[-55.99997223,-20.33778981],[-55.98941327,-20.3441814],[-56.00619834,-20.36450316],[-55.99333446,-20.3792517],[-56.01336301,-20.41737],[-55.9331688,-20.43271829],[-55.91239652,-20.42119351],[-55.91740475,-20.40983082],[-55.91124379,-20.39534236],[-55.87842646,-20.39044436],[-55.8434506,-20.4403532],[-55.83784195,-20.41786888],[-55.82386504,-20.41480058],[-55.81795755,-20.40013108],[-55.83310853,-20.3763325],[-55.8322722,-20.34883977],[-55.81037404,-20.33996652],[-55.79257833,-20.29439191],[-55.76169381,-20.28854517],[-55.73535145,-20.24129532],[-55.71470973,-20.236876],[-55.72490894,-20.18786155],[-55.71335402,-20.17537767],[-55.71229764,-20.15736198],[-55.68661221,-20.14769899],[-55.70050308,-20.13691028],[-55.69850269,-20.12770939],[-55.67159511,-20.12678419],[-55.6423387,-20.10395121],[-55.62281157,-20.10649369],[-55.61400881,-20.09774261],[-55.59661419,-20.09763776],[-55.59119707,-20.08196584],[-55.63968627,-20.07442689],[-55.64817831,-20.05462854],[-55.63663079,-20.05435843],[-55.63345015,-20.04090784],[-55.61961208,-20.0367588],[-55.61377208,-20.01689439],[-55.58261717,-20.02088148],[-55.57167364,-20.0145562],[-55.57164574,-20.00054494],[-55.55768442,-19.99463909],[-55.54876672,-19.97317607],[-55.52063838,-19.9664294],[-55.51909947,-19.94668396],[-55.50752709,-19.94901607],[-55.50123905,-19.9688791],[-55.48956619,-19.95796876],[-55.48677125,-19.93729933],[-55.46129041,-19.91525257],[-55.46521431,-19.8460093],[-55.45428661,-19.84304814],[-55.4510627,-19.82532948],[-55.43822654,-19.81181439],[-55.44091556,-19.8032381],[-55.4213333,-19.78524775],[-55.43306646,-19.77473342],[-55.43093744,-19.76258729],[-55.41409584,-19.76078559],[-55.40526179,-19.74710451],[-55.4064205,-19.72134251],[-55.36709505,-19.72387247],[-55.36335274,-19.71244599],[-55.37516275,-19.6990204],[-55.36529187,-19.6874258],[-55.34984664,-19.6931264],[-55.33975692,-19.68041621],[-55.34433874,-19.66058339],[-55.33465434,-19.64523913],[-55.34307835,-19.63035606],[-55.3233971,-19.62267226],[-55.33100588,-19.60936024],[-55.3111414,-19.58434186],[-55.31532285,-19.57223039],[-55.29455886,-19.57040152],[-55.29068458,-19.53706596],[-55.27565374,-19.52845658],[-55.28161131,-19.51809524],[-55.26444813,-19.51330084],[-55.2351316,-19.48468275],[-55.23602932,-19.46020657],[-55.21723266,-19.42476854],[-55.21195358,-19.38961594],[-55.18836247,-19.36617484],[-55.17157792,-19.30709717],[-55.13931109,-19.25972139],[-55.1466167,-19.23599264],[-55.13093164,-19.22533209],[-55.12268739,-19.1706899],[-55.09448352,-19.16052747],[-55.10248936,-19.14675746],[-55.1030326,-19.11631071],[-55.07423566,-19.10920888],[-55.09822947,-19.07769488],[-55.09544549,-19.05630983],[-55.07727205,-19.02742575],[-55.07998472,-18.99135018],[-55.0615585,-18.92684642],[-55.04005237,-18.91101787],[-54.99738037,-18.83195956],[-54.976375,-18.81787368],[-54.98841757,-18.7996542],[-54.97533627,-18.74813099],[-54.95924271,-18.72292617],[-54.97787655,-18.70636285],[-54.96189629,-18.69576162],[-54.95797134,-18.6782352],[-54.96900144,-18.63759894],[-54.9430147,-18.63355011],[-54.9466368,-18.60638874],[-54.92164921,-18.54912492],[-54.92613124,-18.53455153],[-54.91730113,-18.50554453],[-54.90133172,-18.50302414],[-54.88166352,-18.4584445],[-54.88160081,-18.44640255],[-54.90105655,-18.42514679],[-54.9023082,-18.33243088],[-54.89651907,-18.30941316],[-54.88269024,-18.30704008],[-54.88225057,-18.29741819],[-54.87162041,-18.29251276],[-54.87681312,-18.27293518],[-54.86038034,-18.26288473],[-54.87518264,-18.22736437],[-54.8696854,-18.20639091],[-54.85283706,-18.19730678],[-54.85895225,-18.1742711],[-54.84438631,-18.12959522],[-54.85735144,-18.11726216],[-54.84937513,-18.09220238],[-54.85405458,-18.07181213],[-54.83280665,-18.04905667],[-54.80831001,-18.04375086],[-54.79391334,-18.00458077],[-54.8073384,-17.99115307],[-54.8302345,-17.99221401],[-54.83068701,-17.96174035],[-54.85127961,-17.9625928],[-54.86274566,-17.94982574],[-54.88201408,-17.94852981],[-54.8979073,-17.92673834],[-54.89321584,-17.8599201],[-54.91134003,-17.7901493],[-54.90868529,-17.76196194],[-54.92804962,-17.75209399],[-54.9337047,-17.7379283],[-54.93188912,-17.72160648],[-54.91885582,-17.70806381],[-54.92226223,-17.68340887],[-54.93566768,-17.66886572],[-54.92268631,-17.64296953],[-54.9570635,-17.63833346],[-54.97307336,-17.60194922],[-54.9649894,-17.58421096],[-54.97908286,-17.56191633],[-54.97081574,-17.54404724],[-54.99075397,-17.54583222],[-54.99842142,-17.52892894],[-55.024708,-17.51916933],[-55.04496911,-17.52754946],[-55.04998244,-17.54830038],[-55.06519855,-17.55461706],[-55.07871391,-17.55044294],[-55.08413922,-17.57107814],[-55.09973332,-17.58725168],[-55.17809108,-17.62338243],[-55.22184201,-17.60000863],[-55.25223849,-17.5652084],[-55.23015714,-17.50303128],[-55.24002327,-17.47542119],[-55.23177057,-17.44116994],[-55.24513047,-17.40428279],[-55.27019691,-17.395074],[-55.25159538,-17.38580836],[-55.24855117,-17.36015547],[-55.23061289,-17.34191394],[-55.23185155,-17.31983934],[-55.20611434,-17.30820116],[-55.18225402,-17.37776197],[-55.15880706,-17.38015951],[-55.14007367,-17.39539074],[-55.15353882,-17.44969377],[-55.10023239,-17.46046851],[-55.07841102,-17.45449208],[-55.064123,-17.46701761],[-55.04535639,-17.46565757],[-55.02140463,-17.48932164],[-55.00188677,-17.47364509],[-54.99723726,-17.44307819],[-54.96511042,-17.43035844],[-54.96251796,-17.41361023],[-54.97860299,-17.40935622],[-54.98271613,-17.38878589],[-54.94012066,-17.36038583],[-54.94689026,-17.33957248],[-54.94053251,-17.28927874],[-54.97746665,-17.28483339],[-54.99534036,-17.25676269],[-54.9666593,-17.23538905],[-54.95647643,-17.21458263],[-54.97945646,-17.21568169],[-54.98399621,-17.1989265],[-54.96967634,-17.19126731],[-54.96432697,-17.17460237],[-54.93815467,-17.16864724],[-54.94105265,-17.15352512],[-54.91489318,-17.13614808],[-54.91571209,-17.11152193],[-54.93475127,-17.10598934],[-54.94000413,-17.09629358],[-54.92819748,-17.08558917],[-54.92463798,-17.0675213],[-54.94640237,-17.05331219],[-54.92528926,-17.04447964],[-54.91926534,-17.02593576],[-54.94077833,-17.01894279],[-54.9374279,-16.98325268],[-54.9597099,-16.95179948],[-54.94258878,-16.93384391],[-54.94759246,-16.88211137],[-54.92651151,-16.87120056],[-54.91995038,-16.8358178],[-54.93649372,-16.82762211],[-54.92872085,-16.81650829],[-54.92823237,-16.7867341],[-54.9540159,-16.78955787],[-54.95470003,-16.77587007],[-54.97625077,-16.75636933],[-54.9783681,-16.73106865],[-54.97007416,-16.71761979],[-54.9835781,-16.69902239],[-55.0114427,-16.69927537],[-55.02257073,-16.68468686],[-55.02087045,-16.66076537],[-55.00870085,-16.63882879],[-54.98312144,-16.63221883],[-55.00063408,-16.60414965],[-54.98715587,-16.59045952],[-54.9916947,-16.57097092],[-54.97782281,-16.55128186],[-54.97955727,-16.54219364],[-54.93933429,-16.49796718],[-54.94049425,-16.46726634],[-54.95858847,-16.46153746],[-55.00538106,-16.4843094],[-55.02317657,-16.52944994],[-55.03662807,-16.53732614],[-55.16984619,-16.57907029],[-55.20659235,-16.60672784],[-55.23046876,-16.60464063],[-55.22943125,-16.61499167],[-55.24088492,-16.62201716],[-55.25932243,-16.6124319],[-55.30130993,-16.63808683],[-55.31862866,-16.6358131],[-55.3262438,-16.64362457],[-55.34961309,-16.63684096],[-55.37291072,-16.66093124],[-55.38752509,-16.63876191],[-55.41301592,-16.65689304],[-55.42283859,-16.65279385],[-55.43253602,-16.63098052],[-55.39530471,-16.61168292],[-55.38034036,-16.59060234],[-55.36843196,-16.58495582],[-55.35043718,-16.58968715],[-55.33564057,-16.57326118],[-55.3374056,-16.56466874],[-55.35676489,-16.56260025],[-55.35961087,-16.55399011],[-55.34852058,-16.53120362],[-55.32928803,-16.52768045],[-55.31169382,-16.50503729],[-55.32334339,-16.4813926],[-55.35161994,-16.46995923],[-55.35623257,-16.45298407],[-55.34665557,-16.43973676],[-55.3690958,-16.43340193],[-55.39874338,-16.4053034],[-55.4050446,-16.3797723],[-55.37782081,-16.36624165],[-55.38988102,-16.36069845],[-55.3827408,-16.348425],[-55.39781382,-16.32701709],[-55.43398986,-16.32843706],[-55.4355363,-16.31279818],[-55.4803716,-16.31839241],[-55.48737468,-16.30286802],[-55.52263869,-16.31896863],[-55.53318039,-16.29888756],[-55.55490494,-16.29098053],[-55.55390537,-16.27565003],[-55.53460796,-16.25304545],[-55.55131571,-16.24782278],[-55.55450983,-16.2369507],[-55.5197329,-16.22118394],[-55.50541881,-16.19054404],[-55.48499637,-16.17727386],[-55.4874272,-16.14902716],[-55.50004184,-16.13931871],[-55.49616703,-16.12930405],[-55.50666595,-16.11892407],[-55.51330827,-16.11881808],[-55.52100828,-16.13682115],[-55.53788854,-16.13367652],[-55.54921142,-16.14120979],[-55.5665107,-16.1296863],[-55.5677721,-16.11365154],[-55.59306897,-16.10793184],[-55.60042023,-16.12711456],[-55.61977579,-16.11834845],[-55.62881788,-16.13304364],[-55.65713701,-16.13749552],[-55.66928692,-16.14715869],[-55.67894568,-16.17177375],[-55.66748417,-16.19099495],[-55.67306635,-16.2076683],[-55.66691638,-16.28083154],[-55.69510942,-16.28260009],[-55.71354022,-16.29893759],[-55.72345197,-16.29221962],[-55.7319429,-16.26790748],[-55.74695742,-16.27574327],[-55.75846696,-16.26660631],[-55.81053898,-16.29631326],[-55.74190241,-16.16123101],[-55.72731718,-16.146464],[-55.70788469,-16.15131072],[-55.70132137,-16.14484814],[-55.69741823,-16.1272186],[-55.72533323,-16.13153625],[-55.72866055,-16.12138929],[-55.70821175,-16.10078482],[-55.7030601,-16.07663827],[-55.64789956,-16.01377769],[-55.63840339,-15.97942154],[-55.66036246,-15.97253702],[-55.67390739,-16.00534081],[-55.6835134,-16.01164189],[-55.68389561,-15.98526753],[-55.70667226,-15.98473913],[-55.72550734,-15.99799847],[-55.79802091,-16.09423851],[-55.82308801,-16.09190894],[-55.7742966,-16.02151483],[-55.76579018,-15.95731972],[-55.77083351,-15.94386871],[-55.78282061,-15.93936707],[-55.81717908,-15.94709748],[-55.83792665,-15.9653424],[-55.85783578,-15.95715437],[-55.84357253,-15.94274671],[-55.84652403,-15.93164255],[-55.82491637,-15.89771771],[-55.84738729,-15.87353479],[-55.86952222,-15.87986058],[-55.85344268,-15.84704865],[-55.87397302,-15.83632585],[-55.86466424,-15.80677566],[-55.89782069,-15.82951872],[-55.91464237,-15.82789891],[-55.92001487,-15.81120931],[-55.91194611,-15.79056786],[-55.89420431,-15.77487456],[-55.88210996,-15.78082866],[-55.86679776,-15.77205394],[-55.89103471,-15.75853433],[-55.90299863,-15.76717259],[-55.95558241,-15.76808895],[-55.98062104,-15.78098831],[-55.99113146,-15.81086823],[-56.00999685,-15.81043591],[-56.02585887,-15.83082552],[-56.02671881,-15.85544636],[-56.05990909,-15.85639361],[-56.06975147,-15.8698978],[-56.08855594,-15.86540215],[-56.10387342,-15.85105318],[-56.10429755,-15.8341156],[-56.11325651,-15.82502624],[-56.1287779,-15.82359941],[-56.12798648,-15.83859947],[-56.14873469,-15.8595054],[-56.13265924,-15.89790356],[-56.16328284,-15.92432857],[-56.15804982,-15.96215648],[-56.16227497,-15.97633907],[-56.17562799,-15.98090405],[-56.17506261,-15.99652566],[-56.1655158,-16.00378133],[-56.16899633,-16.03114067],[-56.18900445,-16.03938158],[-56.21079829,-16.02615465],[-56.22807795,-16.02568074],[-56.23098882,-16.03526703],[-56.2181934,-16.05649752],[-56.25586568,-16.05979068],[-56.26716184,-16.08472273],[-56.27844226,-16.08116087],[-56.2845598,-16.05433136],[-56.32843141,-16.06318979],[-56.33494306,-16.04497478],[-56.3544393,-16.05566038],[-56.35770602,-16.03831667],[-56.35063698,-16.02149852],[-56.37898199,-16.00760669],[-56.39128911,-16.03758877],[-56.46688328,-16.00332573],[-56.46469476,-16.02568205],[-56.44981972,-16.04190812],[-56.4179705,-16.04787076],[-56.43099507,-16.05628408],[-56.42885758,-16.08082049],[-56.45221498,-16.08377265],[-56.43990843,-16.12205559],[-56.45755998,-16.12103593],[-56.46488043,-16.14355135],[-56.4428194,-16.15039362],[-56.43443128,-16.16860917],[-56.39227444,-16.12974274],[-56.37035779,-16.15422037],[-56.3570739,-16.15324843],[-56.34589023,-16.17927301],[-56.34917296,-16.18990013],[-56.33394565,-16.21394144],[-56.33341374,-16.24003382],[-56.35241556,-16.24764991],[-56.35863712,-16.23376853],[-56.37159127,-16.23991269],[-56.38635244,-16.23364479],[-56.40677561,-16.24769103],[-56.41461164,-16.2372276],[-56.40074488,-16.21403719],[-56.42568452,-16.21995141],[-56.44208016,-16.19295808],[-56.46768697,-16.19823137],[-56.47438777,-16.175161],[-56.49061093,-16.17024088],[-56.49951937,-16.14738834],[-56.52048919,-16.12751324],[-56.5309237,-16.14893064],[-56.55381795,-16.16804475],[-56.55890861,-16.15524871],[-56.59930688,-16.12775753],[-56.59568473,-16.14658001],[-56.61089026,-16.15667449],[-56.58407738,-16.17415964],[-56.58670837,-16.18790132],[-56.56300704,-16.19854037],[-56.58579625,-16.21155218],[-56.57517288,-16.22813435],[-56.59061665,-16.2382264],[-56.58469007,-16.2642713],[-56.56689905,-16.27208974],[-56.57026279,-16.29069491],[-56.54241642,-16.3047141],[-56.54364236,-16.3246707],[-56.57665637,-16.31247222],[-56.59772825,-16.31410556],[-56.61552056,-16.32037037],[-56.61002468,-16.33674879],[-56.61708146,-16.34529357],[-56.67128561,-16.32060233],[-56.67190492,-16.33337251],[-56.64580791,-16.35926493],[-56.66707611,-16.3809591],[-56.69060937,-16.38566866],[-56.73210163,-16.37019486],[-56.71576501,-16.34250991],[-56.71938358,-16.32042492],[-56.73930329,-16.33146411],[-56.75102702,-16.32672863],[-56.76767194,-16.34339234],[-56.78146865,-16.33308242],[-56.8115986,-16.33661605],[-56.80255324,-16.37921242],[-56.81786048,-16.40307018],[-56.82538714,-16.36508552],[-56.83932973,-16.36187285],[-56.84406885,-16.33498114],[-56.83126856,-16.32192406],[-56.84872194,-16.28678436],[-56.86494247,-16.28639541],[-56.86868944,-16.31189402],[-56.88397749,-16.31810417],[-56.89993288,-16.29177717],[-56.89770936,-16.24302826],[-56.91456133,-16.24603982],[-56.93994335,-16.23015502],[-56.93004888,-16.21553439],[-56.90468488,-16.2206567],[-56.91256875,-16.20691951],[-56.90872632,-16.19990503],[-56.87859154,-16.19509212],[-56.88808293,-16.17897792],[-56.87591665,-16.16228637],[-56.90977147,-16.15804167],[-56.92179918,-16.14404309],[-56.94497058,-16.15017661],[-56.96977843,-16.17058053],[-56.97640798,-16.18958762],[-56.98741404,-16.1774367],[-57.01443795,-16.18740938],[-57.02082654,-16.22415336],[-57.04007599,-16.21333466],[-57.05655184,-16.22564357],[-57.06415818,-16.21648543],[-57.06472463,-16.1829748],[-57.0530438,-16.16685804],[-57.07135351,-16.16900524],[-57.0880974,-16.14255894],[-57.05373778,-16.12600265],[-57.06592083,-16.11342927],[-57.0664562,-16.09707698],[-57.05062117,-16.08414507],[-57.03054492,-16.08786121],[-57.04083019,-16.07517804],[-57.02453491,-16.04324204],[-57.03789236,-16.04026407],[-57.04643526,-16.05956307],[-57.06790084,-16.07256167],[-57.07022952,-16.01754773],[-57.08081662,-16.00599286],[-57.10739843,-16.0054066],[-57.12193234,-15.99521105],[-57.11629765,-15.97666701],[-57.10643768,-15.97350858],[-57.10741465,-15.96237153],[-57.09592962,-15.96010971],[-57.10567117,-15.94391222],[-57.12968202,-15.9374313],[-57.14504901,-15.94368406],[-57.16186801,-15.92202899],[-57.18176896,-15.92330146],[-57.226509,-15.98907671],[-57.26690064,-16.01968129],[-57.28668153,-16.04962936],[-57.30339381,-16.09858361],[-57.30577541,-16.13209568],[-57.34564556,-16.18845849],[-57.40279267,-16.20763737],[-57.41087697,-16.27990452],[-57.42458093,-16.30825864],[-57.42134534,-16.35178166],[-57.4523863,-16.3819616],[-57.44118282,-16.42949864],[-57.45261492,-16.43892209],[-57.46684308,-16.51163402],[-57.47683526,-16.52811052],[-57.53695902,-16.55997958],[-57.58085017,-16.61105176],[-57.60075017,-16.61467791],[-57.60637851,-16.59165138],[-57.61560213,-16.59008906],[-57.62658123,-16.61517818],[-57.62142398,-16.63122675],[-57.62969653,-16.66895371],[-57.65768225,-16.69625075],[-57.67140562,-16.692856],[-57.66413144,-16.6714864],[-57.67804747,-16.6567615],[-57.67958191,-16.62808317],[-57.69565661,-16.62676903],[-57.7108892,-16.64612173],[-57.72007838,-16.64671555],[-57.7328107,-16.62550497],[-57.74658805,-16.62653191],[-57.77300915,-16.61318273],[-57.84038444,-16.70212884],[-57.85268675,-16.67342841],[-57.83856828,-16.63451041],[-57.84414281,-16.62276401],[-57.84029386,-16.5776534],[-57.79181229,-16.48867031],[-57.77860558,-16.44402504],[-57.78083999,-16.40819898],[-57.7564661,-16.3422508],[-57.72671176,-16.29117152],[-57.68825592,-16.26760616],[-57.68145451,-16.22501528],[-57.65516739,-16.1562298],[-57.59906149,-16.06605362],[-57.60545694,-16.0366736],[-57.57376823,-15.95272122],[-57.52268749,-15.86304565],[-57.50210921,-15.81366638],[-57.50479568,-15.80417057],[-57.48023974,-15.78322272],[-57.51218751,-15.75679372],[-57.50670238,-15.73630706],[-57.48250522,-15.70680309],[-57.48756238,-15.68164955],[-57.47364704,-15.66793334],[-57.48270884,-15.65046933],[-57.47091142,-15.63606208],[-57.45536154,-15.63287868],[-57.40553005,-15.56532993],[-57.38659667,-15.57269982],[-57.37014325,-15.56548044],[-57.34626254,-15.51774767],[-57.34692309,-15.48471444],[-57.30141251,-15.44624285],[-57.30122864,-15.42215039],[-57.28544897,-15.39765342],[-57.28402751,-15.37543625],[-57.27330421,-15.36963988],[-57.27283308,-15.35398181],[-57.25376597,-15.36002938],[-57.22827215,-15.33146212],[-57.22473764,-15.303538],[-57.10880106,-15.32258206],[-57.03630153,-15.23340079],[-57.06428438,-15.19226784],[-57.07357872,-15.20711315],[-57.08510189,-15.20666698],[-57.11095192,-15.17857304],[-57.10638945,-15.15628761],[-57.12003868,-15.14456324],[-57.1469998,-15.16020147],[-57.15819034,-15.15890821],[-57.16846458,-15.14558074],[-57.19016684,-15.17151685],[-57.19422027,-15.15440358],[-57.2121155,-15.15528348],[-57.21996738,-15.13222274],[-57.21648096,-15.11805128],[-57.22840826,-15.1034782],[-57.17297633,-15.09730712],[-57.15453336,-15.10451561],[-57.13217308,-15.10137726],[-57.09230327,-15.11622427],[-57.05489493,-15.08764138],[-57.03576256,-15.10229516],[-57.00740234,-15.05878741],[-57.00892107,-15.0448754],[-56.9922455,-15.04499691],[-56.98620343,-15.05549503],[-56.95638871,-15.03898024],[-56.9416321,-15.04856473],[-56.92794597,-15.03910331],[-56.92557601,-15.02086278],[-56.9045907,-15.02291751],[-56.88565133,-15.01213512],[-56.87782184,-14.98370804],[-56.83247478,-14.93640987],[-56.79928968,-14.82662003],[-56.78416596,-14.80937794],[-56.79230594,-14.77245959],[-56.7834815,-14.75910071],[-56.76109496,-14.76866622],[-56.748314,-14.74971701],[-56.75604175,-14.73793426],[-56.75874901,-14.69932017],[-56.74076567,-14.69528146],[-56.74172133,-14.68255226],[-56.72496444,-14.68340987],[-56.73023039,-14.66966594],[-56.71037785,-14.66930212],[-56.71412279,-14.6173886],[-56.6944302,-14.60365804],[-56.6674224,-14.5645575],[-56.67329499,-14.50722032],[-56.75365222,-14.47835433],[-56.76695759,-14.46080734],[-56.73242659,-14.46459219],[-56.70614471,-14.4779654],[-56.69306134,-14.45083194],[-56.66379156,-14.42920214],[-56.57018366,-14.41871728],[-56.5539973,-14.40215545],[-56.53493812,-14.40338534],[-56.50431047,-14.38683019],[-56.49402941,-14.37461506],[-56.5075152,-14.36555819],[-56.50195873,-14.33250567],[-56.5207706,-14.34053696],[-56.52781245,-14.33101651],[-56.54031916,-14.33468078],[-56.53688332,-14.32398048],[-56.52283572,-14.31858349],[-56.52000443,-14.30072279],[-56.54289334,-14.30788701],[-56.55070669,-14.30135339],[-56.51146108,-14.27391267],[-56.53468119,-14.27654998],[-56.53061303,-14.25782136],[-56.54261586,-14.24775225],[-56.56852559,-14.24746236],[-56.59108094,-14.22185669],[-56.60570451,-14.22844267],[-56.61836765,-14.21920679],[-56.63236901,-14.22005469],[-56.62906518,-14.20497464],[-56.65327683,-14.21436137],[-56.67474931,-14.19405545],[-56.71296002,-14.1919283],[-56.73159043,-14.1776688],[-56.75081817,-14.19049854],[-56.76619539,-14.22586041],[-56.76917466,-14.26247316],[-56.7865665,-14.27698078],[-56.78275516,-14.22068857],[-56.79405921,-14.20667669],[-56.78942125,-14.18786031],[-56.82490224,-14.15162641],[-56.85388604,-14.19311692],[-56.87203566,-14.17505683],[-56.88451497,-14.19522219],[-56.89958724,-14.19708531],[-56.91091135,-14.1613821],[-56.94642729,-14.1644038],[-56.9608698,-14.1673586],[-56.97895428,-14.19875612],[-56.99790434,-14.21024711],[-57.02839617,-14.20043071],[-57.05863276,-14.20858913],[-57.06881809,-14.19717194],[-57.08850765,-14.19295608],[-57.09531704,-14.17537944],[-57.12258253,-14.17574507],[-57.13497872,-14.16678065],[-57.17169965,-14.20543349],[-57.19072845,-14.20509779],[-57.21641088,-14.22626258],[-57.22477585,-14.22040399],[-57.21363867,-14.21020082],[-57.2150424,-14.20080609],[-57.27807064,-14.21252995],[-57.28293264,-14.20018389],[-57.30949124,-14.21968373],[-57.35236233,-14.22917043],[-57.36797909,-14.2467788],[-57.38409623,-14.24563091],[-57.38970624,-14.22515846],[-57.40896073,-14.22833591],[-57.41908073,-14.25630985],[-57.4431187,-14.26901047],[-57.45359216,-14.29876819],[-57.48585045,-14.30004006],[-57.54196933,-14.32560044],[-57.55660288,-14.32127521],[-57.55989196,-14.31172791],[-57.57050692,-14.31409536],[-57.57763027,-14.32921554],[-57.60638094,-14.35101473],[-57.62037247,-14.3453617],[-57.65802873,-14.3675193],[-57.67085217,-14.36132976],[-57.69683625,-14.40246085],[-57.71377507,-14.39571875],[-57.72297643,-14.4078598],[-57.76125853,-14.41576505],[-57.76992159,-14.39953474],[-57.78545558,-14.40362638],[-57.79713226,-14.42140623],[-57.81976661,-14.42365171],[-57.84436419,-14.45593923],[-57.86104553,-14.45933901],[-57.88076116,-14.51103714],[-57.89896082,-14.50122354],[-57.91522339,-14.51919076],[-57.93850493,-14.51850678],[-57.95292793,-14.52948077],[-57.9579272,-14.51805263],[-57.96845589,-14.52076431],[-57.98045853,-14.55497708],[-58.04425898,-14.56348483],[-58.05077714,-14.5854059],[-58.06377556,-14.58286216],[-58.07727316,-14.59807809],[-58.07584616,-14.60842251],[-58.10381339,-14.63624517],[-58.09391839,-14.65095477],[-58.06298073,-14.65616806],[-58.06415193,-14.66724065],[-58.04610858,-14.67624635],[-58.0492496,-14.69549358],[-58.05800687,-14.70401507],[-58.05880795,-14.68554226],[-58.06740307,-14.68494867],[-58.07904342,-14.70882596],[-58.10803775,-14.70852365],[-58.10465239,-14.73260088],[-58.12640016,-14.72755401],[-58.12105547,-14.75694542],[-58.14510449,-14.77432522],[-58.13510523,-14.78849945],[-58.14076022,-14.80068808],[-58.16461846,-14.81245574],[-58.15186454,-14.82422245],[-58.15314213,-14.85085535],[-58.17121241,-14.87397363],[-58.15753354,-14.88245001],[-58.14688387,-14.86229292],[-58.14011662,-14.8772995],[-58.12991159,-14.8698739],[-58.10879744,-14.8845523],[-58.08841763,-14.88517206],[-58.08815156,-14.89320641],[-58.10169837,-14.9018465],[-58.09798355,-14.91668022],[-58.1579596,-14.93103036],[-58.17877886,-14.95006538],[-58.18873246,-14.94466908],[-58.20151319,-14.95546937],[-58.20253416,-14.96850786],[-58.2198906,-14.96240884],[-58.26517309,-14.97083138],[-58.30609154,-15.0032242],[-58.28872602,-15.02320459],[-58.28410203,-15.04751117],[-58.2022283,-15.10470644],[-58.21063231,-15.11373075],[-58.20312628,-15.13418632],[-58.21338992,-15.15925655],[-58.20513548,-15.18013811],[-58.23680559,-15.15681879],[-58.24834892,-15.1325464],[-58.24459345,-15.10980272],[-58.25357358,-15.08402481],[-58.26843881,-15.07179324],[-58.29828561,-15.06415308],[-58.30311712,-15.08073987],[-58.31440333,-15.08634161],[-58.30569551,-15.11251919],[-58.28513685,-15.12818856],[-58.28765584,-15.13689351],[-58.31667424,-15.12381152],[-58.34899853,-15.06993379],[-58.36064347,-15.08088312],[-58.36098198,-15.09942379],[-58.37920947,-15.10115259],[-58.38253396,-15.0819876],[-58.40881811,-15.09111532],[-58.40438359,-15.06818173],[-58.42360253,-15.086965],[-58.44313964,-15.0801614],[-58.44098526,-15.06387281],[-58.46295752,-15.0574714],[-58.4679506,-15.08474108],[-58.48343563,-15.08347908],[-58.49258927,-15.07093813],[-58.50988544,-15.10028365],[-58.52323326,-15.05315779],[-58.53099376,-15.05099767],[-58.53675999,-15.12276882],[-58.54954391,-15.1302574],[-58.56760983,-15.1208707],[-58.62594586,-15.1331255],[-58.63020751,-15.17703244],[-58.66065436,-15.21248576],[-58.67727323,-15.18014477],[-58.69482298,-15.16623082],[-58.70570315,-15.1673963],[-58.72113041,-15.13512215],[-58.72160294,-15.08863025],[-58.76322406,-15.02770827],[-58.7731753,-15.0357325],[-58.75723073,-15.09698194],[-58.78290168,-15.0807303],[-58.80486391,-15.04191422],[-58.81442268,-15.04572573],[-58.83173918,-15.0383615],[-58.85124388,-15.06219319],[-58.83443574,-15.07008465],[-58.83954656,-15.0806394],[-58.8332701,-15.09890843],[-58.8072569,-15.1055155],[-58.79846461,-15.11839045],[-58.82197282,-15.11173648],[-58.82773306,-15.11850601],[-58.84499383,-15.11676592],[-58.85674623,-15.1282582],[-58.88103745,-15.12354871],[-58.87590427,-15.10251203],[-58.89961524,-15.07565562],[-58.90451216,-15.04566314],[-58.91162319,-15.04378597],[-58.91737667,-15.05561427],[-58.94014347,-15.06825105],[-58.96030403,-15.02263418],[-58.95731491,-15.00863035],[-58.97459592,-14.99724082],[-58.98510471,-15.00774585],[-58.96962638,-15.01875564],[-58.97128572,-15.03789314],[-58.99401667,-15.03213262],[-59.02424955,-15.05807247],[-59.04437736,-15.03508955],[-59.06309003,-14.97072975],[-59.07413741,-14.97234678],[-59.09105961,-14.94946466],[-59.10450654,-14.95895538],[-59.11091655,-14.9450245],[-59.13139594,-14.93177253],[-59.15919305,-14.93718667],[-59.16991308,-14.92579856],[-59.1723907,-14.89804502],[-59.19084162,-14.90633222],[-59.19531388,-14.8944814],[-59.20725396,-14.89353948],[-59.21116831,-14.87419413],[-59.2248197,-14.87333287],[-59.20816577,-14.82921461],[-59.23057645,-14.80721845],[-59.21918014,-14.78236217],[-59.22171642,-14.7631083],[-59.23489657,-14.76040389],[-59.24858097,-14.7693888],[-59.26624492,-14.73611822],[-59.29720824,-14.73492721],[-59.30687802,-14.7426356],[-59.32930401,-14.72878043],[-59.3177507,-14.71505156],[-59.31987758,-14.70067779],[-59.30433506,-14.69207921],[-59.29505869,-14.69868869],[-59.28334901,-14.68584266],[-59.31603982,-14.66379206],[-59.32933,-14.67338479],[-59.33353741,-14.63762537],[-59.36815345,-14.64582206],[-59.37492803,-14.6326925],[-59.38484252,-14.63635175],[-59.40892255,-14.62560172],[-59.4089848,-14.61244961],[-59.39757811,-14.61187015],[-59.39521272,-14.60312057],[-59.40829782,-14.59295676],[-59.41486301,-14.56797312],[-59.43234495,-14.56625122],[-59.43568949,-14.53206173],[-59.45755275,-14.53208993],[-59.4698086,-14.51174697],[-59.49453913,-14.49741082],[-59.49043125,-14.48024885],[-59.47441575,-14.48271581],[-59.46271117,-14.50082969],[-59.4532465,-14.48834118],[-59.47814054,-14.45714593],[-59.47883681,-14.44415088],[-59.51059106,-14.42974359],[-59.50765984,-14.39287015],[-59.52068416,-14.38506505],[-59.53482443,-14.40372544],[-59.54653173,-14.40068781],[-59.55884346,-14.36244882],[-59.55040793,-14.3186746],[-59.53531481,-14.30415551],[-59.55383843,-14.29821567],[-59.55888823,-14.28308731],[-59.57115057,-14.2825731],[-59.57020967,-14.26122052],[-59.59015897,-14.24140644],[-59.57875295,-14.21524314],[-59.58389154,-14.19078918],[-59.57865762,-14.17392369],[-59.56667074,-14.16140263],[-59.54845412,-14.16614713],[-59.5451517,-14.09905851],[-59.56001716,-14.0951555],[-59.55995244,-14.06677918],[-59.58140186,-14.06811521],[-59.57697423,-14.05216895],[-59.59685287,-14.04231366],[-59.61516045,-14.00840662],[-59.63578175,-14.01073934],[-59.62796736,-13.98911805],[-59.63642016,-13.96008441],[-59.62271946,-13.94717897],[-59.6297841,-13.93441951],[-59.65965346,-13.94465103],[-59.67916142,-13.9330418],[-59.6924979,-13.94202393],[-59.70470386,-13.93577303],[-59.71915013,-13.95933833],[-59.73200909,-13.95304607],[-59.72974879,-13.92346779],[-59.73777181,-13.90415642],[-59.76346065,-13.89963736],[-59.77528719,-13.90601602],[-59.77214855,-13.89141487],[-59.78784571,-13.89076331],[-59.77603688,-13.86085425],[-59.79817305,-13.83208155],[-59.77883852,-13.81923238],[-59.77436592,-13.80106179],[-59.80236995,-13.7307839],[-59.76096484,-13.72923829],[-59.74270768,-13.73836843],[-59.73910173,-13.76739405],[-59.70952104,-13.7672771],[-59.70188632,-13.77558099],[-59.69585084,-13.80044327],[-59.70183592,-13.81821896],[-59.69401159,-13.8339648],[-59.672846,-13.83664362],[-59.656812,-13.85909969],[-59.6488343,-13.83422858],[-59.66798288,-13.81714321],[-59.6659243,-13.79563553],[-59.68398507,-13.79783783],[-59.68698752,-13.78697962],[-59.67767509,-13.77060683],[-59.68614598,-13.75586255],[-59.70013202,-13.74596776],[-59.72269606,-13.75033884],[-59.72142711,-13.73038929],[-59.73579084,-13.72361575],[-59.73474902,-13.69420762],[-59.7454335,-13.69626303],[-59.74986071,-13.68493045],[-59.77348754,-13.68134064],[-59.761171,-13.66159647],[-59.76891169,-13.65294927],[-59.77630018,-13.6542614],[-59.7981687,-13.70521839],[-59.82316247,-13.69822103],[-59.82583596,-13.66884773],[-59.79867165,-13.6500703],[-59.80165465,-13.62415407],[-59.78261842,-13.63534126],[-59.76661857,-13.63415617],[-59.77612322,-13.621205],[-59.7689145,-13.5877723],[-59.77647957,-13.57628437],[-59.81300736,-13.57026279],[-59.83168819,-13.55200963],[-59.83840616,-13.53743878],[-59.85193757,-13.53118806],[-59.86328915,-13.49365192],[-59.88054651,-13.47624085],[-59.9092577,-13.47668949],[-59.90121844,-13.46141969],[-59.90499668,-13.44389226],[-59.88274192,-13.44830638],[-59.8819084,-13.43224928],[-59.86159826,-13.43261072],[-59.85409302,-13.41386587],[-59.86657684,-13.39271313],[-59.89257961,-13.39334466],[-59.88976565,-13.37600918],[-59.90055523,-13.35609869],[-59.89506302,-13.34313537],[-59.91327665,-13.34481525],[-59.92939416,-13.33360676],[-59.92497676,-13.29319045],[-59.93049091,-13.27888514],[-59.91552245,-13.27815045],[-59.9115403,-13.26228309],[-59.91951327,-13.24722987],[-59.9349323,-13.25074215],[-59.94677239,-13.2376168],[-59.93674743,-13.21356911],[-59.9693931,-13.20350979],[-59.94547015,-13.13270242],[-59.93893308,-13.13221148],[-59.93739099,-13.1492217],[-59.92307565,-13.16730428],[-59.92059683,-13.19506853],[-59.90294266,-13.20103243],[-59.8848107,-13.19217769],[-59.87755928,-13.19765545],[-59.87608996,-13.22195696],[-59.86509611,-13.23368106],[-59.86723999,-13.24824627],[-59.8459873,-13.25637152],[-59.85133497,-13.26737703],[-59.84618915,-13.27435509],[-59.79781796,-13.26500356],[-59.80037107,-13.23863452],[-59.81476632,-13.23197887],[-59.83340136,-13.24594438],[-59.84597082,-13.22852999],[-59.82443962,-13.21881785],[-59.79838529,-13.17714197],[-59.76326738,-13.19142931],[-59.7534715,-13.21697076],[-59.7742039,-13.21337228],[-59.78007048,-13.22107449],[-59.76485814,-13.26588025],[-59.77296255,-13.28756426],[-59.77012551,-13.30812347],[-59.76093262,-13.31724484],[-59.74786837,-13.36604818],[-59.73266257,-13.34565988],[-59.73248776,-13.32345864],[-59.72086706,-13.30856834],[-59.71731571,-13.26627761],[-59.72329697,-13.25057633],[-59.69183217,-13.19330195],[-59.71362997,-13.18559418],[-59.68710785,-13.16762114],[-59.70626271,-13.13025557],[-59.6774625,-13.10467394],[-59.67307582,-13.08702416],[-59.68750529,-13.07081775],[-59.64900225,-13.04501817],[-59.67381423,-13.03917125],[-59.682366,-13.02812469],[-59.6829857,-13.01690227],[-59.6717908,-13.00394321],[-59.67536553,-12.97384332],[-59.64075923,-12.94907645],[-59.62707834,-12.96074842],[-59.61814198,-12.95878016],[-59.60996203,-12.92228837],[-59.62611793,-12.90729114],[-59.64034029,-12.91142518],[-59.65730743,-12.89601271],[-59.66844077,-12.89576674],[-59.64939164,-12.91468689],[-59.6462952,-12.93352274],[-59.6719749,-12.9563336],[-59.68810893,-12.95416292],[-59.69912999,-12.9394551],[-59.71855642,-12.96562792],[-59.69761331,-12.97598478],[-59.70344785,-12.98408171],[-59.69940198,-13.00208998],[-59.72954842,-13.00632878],[-59.75531546,-12.98374587],[-59.74814013,-12.95287667],[-59.77088827,-12.94820906],[-59.761691,-12.93032531],[-59.73855671,-12.92454951],[-59.73740991,-12.89295434],[-59.77230706,-12.87973395],[-59.78706363,-12.89481235],[-59.80087933,-12.86568213],[-59.81056044,-12.8629565],[-59.84688279,-12.88274142],[-59.88467728,-12.88818242],[-59.87176981,-12.86521086],[-59.87579753,-12.85053208],[-59.89762766,-12.84660835],[-59.91129189,-12.83366727],[-59.91938487,-12.84146673],[-59.91304619,-12.85756674],[-59.93234404,-12.87325872],[-59.92352121,-12.89203428],[-59.93033514,-12.90066619],[-59.91103919,-12.93528608],[-59.92457435,-12.94606386],[-59.92344266,-12.98193656],[-59.94530146,-12.96383992],[-59.94894792,-12.93979333],[-59.98524647,-12.94049559],[-59.99191396,-12.92793996],[-60.02113125,-12.96351611],[-60.03731898,-12.9589273],[-60.01700857,-12.93860683],[-60.00977937,-12.90807174],[-60.02052832,-12.90382969],[-60.03278441,-12.87508555],[-60.02824237,-12.85519321],[-60.04556498,-12.80264758],[-60.03162962,-12.77260027],[-60.04373155,-12.7272411],[-60.03179941,-12.72329198],[-60.00567312,-12.74459508],[-59.95445024,-12.70197296],[-59.96197561,-12.67732179],[-59.99796563,-12.64220511],[-59.99256081,-12.63201527],[-59.95991402,-12.64850953],[-59.950125,-12.64308764],[-59.97781465,-12.61349077],[-59.96174623,-12.60166358],[-59.95322321,-12.58100834],[-59.98474893,-12.56475426],[-59.96904016,-12.55754258],[-59.97746771,-12.540634],[-59.97719924,-12.52179453],[-59.96634612,-12.5106217],[-59.97452399,-12.4945847],[-59.95335172,-12.47596065],[-59.94984638,-12.45434539],[-59.96514028,-12.4536336],[-59.9804163,-12.47789906],[-59.99980596,-12.4855622],[-60.00919021,-12.47780104],[-60.01742753,-12.49123823],[-60.03633603,-12.465758],[-60.0597719,-12.46280394],[-60.0808816,-12.44801067],[-60.09433286,-12.46635335],[-60.09269107,-12.47635074],[-60.08111272,-12.48196853],[-60.08312054,-12.4913163],[-60.09793554,-12.49679348],[-60.09069039,-12.5089704],[-60.09355589,-12.55284332],[-60.07907916,-12.54414474],[-60.04811004,-12.5429895],[-60.03640207,-12.55636935],[-60.04370146,-12.57022239],[-60.04142945,-12.59321705],[-60.07137121,-12.60623499],[-60.0843568,-12.60225191],[-60.09344525,-12.61131013],[-60.09157051,-12.62060044],[-60.07828418,-12.62231092],[-60.06720436,-12.63525204],[-60.09082979,-12.65691715],[-60.09357575,-12.67625796],[-60.08071329,-12.6841113],[-60.06624413,-12.67679952],[-60.06748444,-12.6947689],[-60.04783142,-12.70045057],[-60.08263068,-12.73339905],[-60.05889884,-12.75383173],[-60.05895526,-12.77512366],[-60.07110393,-12.78445764],[-60.08896723,-12.82406045],[-60.07391024,-12.8611088],[-60.09665412,-12.9012972],[-60.12395281,-12.89702101],[-60.13721377,-12.87899384],[-60.13130025,-12.86403754],[-60.15222989,-12.86894137],[-60.16113263,-12.85406235],[-60.14961701,-12.84199653],[-60.14535255,-12.81341539],[-60.1329344,-12.80083916],[-60.14153567,-12.76435984],[-60.16175123,-12.74128193],[-60.15843941,-12.72358925],[-60.18492326,-12.71741897],[-60.1965872,-12.72446233],[-60.22494352,-12.72148585],[-60.22936796,-12.70608978],[-60.2479651,-12.70194664],[-60.25336045,-12.68764743],[-60.29222027,-12.67858582],[-60.30290226,-12.66865585],[-60.30228013,-12.65835721],[-60.31594634,-12.65188283],[-60.32826798,-12.65710592],[-60.34456682,-12.62675617],[-60.34729301,-12.58250608],[-60.36271966,-12.56239468],[-60.35374413,-12.54761943],[-60.36468444,-12.54033821],[-60.37208744,-12.55082261],[-60.38900591,-12.55155649],[-60.4046887,-12.53471532],[-60.43080334,-12.54115699],[-60.42801399,-12.52634684],[-60.44785105,-12.52085558],[-60.46629982,-12.50115944],[-60.46851368,-12.47036844],[-60.43174574,-12.46191439],[-60.41075688,-12.44559],[-60.38328135,-12.45815266],[-60.34680716,-12.44188639],[-60.33603281,-12.45821634],[-60.35262434,-12.47196612],[-60.34562664,-12.48374205],[-60.3148723,-12.46368699],[-60.31173549,-12.45247393],[-60.32495118,-12.43761619],[-60.32612623,-12.41687709],[-60.35161663,-12.42077105],[-60.36004042,-12.39300462],[-60.37410774,-12.38251579],[-60.3662364,-12.36339604],[-60.373357,-12.35006957],[-60.36166343,-12.33579809],[-60.36659199,-12.32358205],[-60.35096049,-12.32441844],[-60.35596082,-12.35069432],[-60.35083166,-12.35546597],[-60.3341448,-12.32467152],[-60.32422303,-12.32381275],[-60.32383082,-12.35453075],[-60.29600557,-12.36446552],[-60.29655135,-12.4058273],[-60.24801478,-12.41930481],[-60.22967457,-12.45717748],[-60.21620774,-12.45752916],[-60.20944863,-12.4446133],[-60.19105681,-12.44245775],[-60.1892628,-12.42632159],[-60.1798794,-12.42053132],[-60.15897755,-12.44025158],[-60.14646135,-12.41182243],[-60.12947359,-12.42031829],[-60.13528445,-12.38385383],[-60.15042695,-12.39247323],[-60.15915053,-12.38693599],[-60.15390437,-12.36650251],[-60.13858996,-12.35010148],[-60.14729536,-12.3463866],[-60.18937841,-12.36112408],[-60.20653053,-12.3502911],[-60.20804389,-12.33654184],[-60.21760755,-12.33019215],[-60.21486963,-12.31965444],[-60.23656839,-12.3103359],[-60.22158128,-12.28501803],[-60.18599606,-12.30284359],[-60.22117025,-12.26885234],[-60.20597502,-12.25980069],[-60.18645241,-12.2788158],[-60.17501586,-12.26169625],[-60.21178666,-12.23372461],[-60.19871985,-12.21610624],[-60.20335289,-12.20813861],[-60.21359077,-12.21208517],[-60.22161539,-12.20577343],[-60.21504096,-12.18201783],[-60.24549982,-12.18860889],[-60.24491468,-12.16985908],[-60.26458864,-12.16135166],[-60.26788982,-12.14225533],[-60.29717713,-12.13518508],[-60.28193194,-12.12146728],[-60.28511748,-12.11285155],[-60.31132614,-12.10905542],[-60.3128953,-12.09996114],[-60.29895684,-12.0868741],[-60.30631017,-12.07381871],[-60.29463321,-12.07456449],[-60.2762233,-12.09211396],[-60.25895002,-12.1247214],[-60.24514414,-12.12262286],[-60.24113205,-12.11372786],[-60.23146099,-12.11624842],[-60.23349742,-12.13538624],[-60.22008804,-12.14770181],[-60.2000075,-12.13475423],[-60.19371557,-12.12029835],[-60.17673072,-12.12002508],[-60.17750141,-12.13642167],[-60.15815085,-12.15390282],[-60.16872232,-12.16396058],[-60.16178061,-12.1700767],[-60.16680066,-12.18185232],[-60.15869441,-12.20059895],[-60.13026229,-12.19761323],[-60.13020211,-12.23340035],[-60.12039821,-12.23631102],[-60.09932274,-12.22347109],[-60.10175052,-12.24689441],[-60.09595061,-12.25249757],[-60.05552588,-12.23142385],[-60.05326417,-12.21098954],[-60.06645658,-12.1937499],[-60.09317188,-12.18658859],[-60.10832437,-12.17023643],[-60.13657908,-12.16637038],[-60.13739912,-12.1557058],[-60.10728616,-12.13549097],[-60.09568143,-12.13503424],[-60.07603749,-12.15161052],[-60.06261222,-12.1450862],[-60.05325925,-12.15910762],[-60.03977808,-12.16255039],[-60.02177376,-12.19271392],[-60.01506836,-12.17998486],[-60.00020159,-12.18672],[-59.98705285,-12.18051258],[-59.9865564,-12.15457139],[-59.97553757,-12.15059612],[-59.97906176,-12.14057925],[-59.96727819,-12.12692673],[-59.97503591,-12.12057458],[-60.00304204,-12.1393208],[-60.00034504,-12.09722094],[-60.02020058,-12.1016917],[-60.02438151,-12.09261339],[-60.00900173,-12.06140838],[-60.01453954,-12.03664254],[-60.00381173,-12.02645643],[-59.99550904,-12.02543589],[-59.99985565,-12.04401396],[-59.98304591,-12.06808037],[-59.97206336,-12.06447815],[-59.96501346,-12.04770787],[-59.97024088,-11.96839538],[-59.98270014,-11.95990126],[-59.9766786,-11.9417258],[-59.98474784,-11.9303377],[-59.97529101,-11.91826124],[-59.98949756,-11.90707778],[-59.9669447,-11.89103988],[-59.94505913,-11.88966802],[-59.93610167,-11.84455077],[-59.9533001,-11.83103895],[-59.96491822,-11.83253669],[-59.96455561,-11.8210419],[-59.98299305,-11.80831138],[-59.97115112,-11.80155685],[-59.95761196,-11.80326377],[-59.95068993,-11.81844426],[-59.92799419,-11.82118509],[-59.89987122,-11.85273356],[-59.88157558,-11.83910043],[-59.88119483,-11.85786364],[-59.87266277,-11.8669186],[-59.85051041,-11.82201174],[-59.84541412,-11.83738099],[-59.82499812,-11.83971361],[-59.83855961,-11.85120825],[-59.83537944,-11.86041446],[-59.80252507,-11.87018463],[-59.7761931,-11.85895028],[-59.77302508,-11.88320916],[-59.74091277,-11.8766576],[-59.73296854,-11.88908609],[-59.74127748,-11.91189055],[-59.73578969,-11.92167462],[-59.75786099,-11.94044619],[-59.79392703,-11.94224063],[-59.79566321,-11.9554876],[-59.81810146,-11.96536988],[-59.81462232,-12.00743134],[-59.79807017,-12.02654665],[-59.77279976,-12.00908158],[-59.76003939,-12.01063381],[-59.73725023,-12.03533211],[-59.72532064,-12.03734497],[-59.71199501,-12.0126609],[-59.69552722,-12.01072284],[-59.69299552,-12.02985479],[-59.68454731,-12.0380727],[-59.67421935,-12.03442685],[-59.67501216,-12.04913135],[-59.66292404,-12.06037831],[-59.64668666,-12.05609445],[-59.6590379,-12.03246305],[-59.65477423,-12.01232971],[-59.6663719,-12.0058938],[-59.67630005,-11.98231312],[-59.6678671,-11.94564108],[-59.65499157,-11.99536327],[-59.63699555,-11.99749992],[-59.63798492,-11.97778036],[-59.62351735,-11.98425837],[-59.63508947,-12.01197571],[-59.6302732,-12.03677587],[-59.62238664,-12.0215642],[-59.6087983,-12.02286344],[-59.60539345,-12.00958721],[-59.58755591,-12.01609698],[-59.57744411,-11.98647214],[-59.56448975,-11.98162583],[-59.55591054,-11.99319788],[-59.54223715,-11.96004341],[-59.53077855,-11.9692141],[-59.5337655,-11.98633891],[-59.52499888,-11.99436786],[-59.50705264,-11.97373279],[-59.49894796,-11.97696605],[-59.49924502,-12.0030708],[-59.51470069,-12.00532483],[-59.51454472,-12.02324663],[-59.45426222,-12.04132824],[-59.44670917,-12.03633234],[-59.44996792,-12.00673167],[-59.38057243,-12.0173974],[-59.36373331,-12.0104334],[-59.35954015,-11.99223589],[-59.3505008,-11.98916745],[-59.34356828,-11.96204795],[-59.34880378,-11.94796603],[-59.37527784,-11.95164987],[-59.39235717,-11.92737419],[-59.4112765,-11.91851793],[-59.37719289,-11.91317752],[-59.37021576,-11.89153335],[-59.37493229,-11.87638292],[-59.36195459,-11.87400408],[-59.34382424,-11.89003462],[-59.31715903,-11.88830994],[-59.28034439,-11.85751825],[-59.27096709,-11.86379165],[-59.28374251,-11.87145245],[-59.28035695,-11.88409143],[-59.26502996,-11.88187731],[-59.25411979,-11.89710799],[-59.23333576,-11.88847002],[-59.23238981,-11.89863883],[-59.25023684,-11.91319584],[-59.22946332,-11.92858607],[-59.23034586,-11.93879881],[-59.21645078,-11.95084903],[-59.16314694,-11.97905339],[-59.11075079,-11.99490391],[-59.03844701,-11.98422916],[-59.01605185,-11.99649171],[-59.00671998,-12.01241726],[-58.96478852,-12.01525452],[-58.94811333,-12.02479123],[-58.93203572,-12.06246702],[-58.90663815,-12.04867708],[-58.89992479,-12.06226998],[-58.91652022,-12.07464323],[-58.91311685,-12.08094501],[-58.88134013,-12.07115382],[-58.86151772,-12.09135022],[-58.84379301,-12.08582555],[-58.84738244,-12.10520656],[-58.83030749,-12.10299931],[-58.82569284,-12.07958615],[-58.8122729,-12.08745671],[-58.7950056,-12.07368265],[-58.78934288,-12.07968858],[-58.80529589,-12.10131233],[-58.77028366,-12.09986248],[-58.75898055,-12.1069978],[-58.7389305,-12.09659201],[-58.72428739,-12.11252848],[-58.6954188,-12.11027551],[-58.68257458,-12.11961541],[-58.67399889,-12.09080057],[-58.65029664,-12.08409204],[-58.63764031,-12.08848524],[-58.62980781,-12.07273494],[-58.57927116,-12.05320023],[-58.55963979,-12.02135611],[-58.53018488,-11.99942173],[-58.4977621,-11.95948867],[-58.47511118,-11.95085672],[-58.46152579,-11.96346776],[-58.44432381,-11.96436474],[-58.42801351,-11.99979971],[-58.43250845,-12.05466861],[-58.45893879,-12.08076839],[-58.46124483,-12.09511062],[-58.45222615,-12.10996006],[-58.46519364,-12.13064515],[-58.39781555,-12.16912855],[-58.40140604,-12.18212908],[-58.4364161,-12.19903108],[-58.43404053,-12.21570294],[-58.41677036,-12.22843053],[-58.38329257,-12.27592418],[-58.41639887,-12.30145445],[-58.4240483,-12.32534883],[-58.40618888,-12.34905881],[-58.38073982,-12.36256869],[-58.38875499,-12.37124369],[-58.39071851,-12.39971799],[-58.39963751,-12.40442294],[-58.39216661,-12.4183355],[-58.40328236,-12.42503953],[-58.38683802,-12.44670272],[-58.3895693,-12.45731328],[-58.36785411,-12.46633186],[-58.36187625,-12.45280581],[-58.36635498,-12.44130121],[-58.34924691,-12.42255435],[-58.34007983,-12.41796654],[-58.32463961,-12.42446474],[-58.30334548,-12.40676],[-58.2895469,-12.4128255],[-58.26403746,-12.44808507],[-58.26969457,-12.45946529],[-58.26458241,-12.47454643],[-58.23017767,-12.48659122],[-58.21496736,-12.46856973],[-58.22204646,-12.43861165],[-58.20832354,-12.41807874],[-58.21923714,-12.41260507],[-58.21797867,-12.40507471],[-58.18508809,-12.40271511],[-58.16905763,-12.38743942],[-58.16692373,-12.36338216],[-58.15661798,-12.35276205],[-58.13430049,-12.35720683],[-58.105861,-12.34557539],[-58.08540157,-12.32216772],[-58.03358367,-12.34783863],[-58.04506689,-12.36705192],[-58.02760016,-12.37484643],[-58.02266473,-12.39922899],[-58.01296289,-12.40073535],[-57.99190358,-12.3808382],[-57.99475092,-12.35176136],[-57.98002355,-12.35430002],[-57.97979658,-12.37470381],[-57.9574324,-12.38601856],[-57.96378313,-12.4072273],[-57.98293293,-12.4119946],[-57.98212177,-12.42971839],[-57.97428799,-12.43348165],[-57.9578099,-12.42426558],[-57.93873929,-12.445686],[-57.93478974,-12.43187123],[-57.9187069,-12.43276772],[-57.91910801,-12.46142838],[-57.92962457,-12.47788835],[-57.92302486,-12.48131205],[-57.9106217,-12.47195831],[-57.90257994,-12.48348492],[-57.89695943,-12.54037956],[-57.88622844,-12.54399494],[-57.86456918,-12.53234182],[-57.87988243,-12.45394387],[-57.85590118,-12.4116675],[-57.82366473,-12.42219417],[-57.83314219,-12.44341034],[-57.82807611,-12.46026912],[-57.80846647,-12.46486125],[-57.79322962,-12.45455379],[-57.77502952,-12.48449279],[-57.79406411,-12.5116498],[-57.77734017,-12.5368462],[-57.78209169,-12.54533572],[-57.77345122,-12.5538392],[-57.77111305,-12.58213458],[-57.80179996,-12.60817394],[-57.79672612,-12.6192388],[-57.77614019,-12.60980567],[-57.76312236,-12.61355542],[-57.76258282,-12.63295296],[-57.7784772,-12.64397563],[-57.77628485,-12.66663847],[-57.80308602,-12.64548613],[-57.83013921,-12.65157341],[-57.84274489,-12.6428163],[-57.85993566,-12.65799554],[-57.85153667,-12.67135388],[-57.8637096,-12.67717584],[-57.87941598,-12.71582484],[-57.88809467,-12.68847637],[-57.91612143,-12.6615021],[-57.97458665,-12.6990922],[-57.96924261,-12.70342639],[-57.93669167,-12.68764502],[-57.93063722,-12.72006677],[-57.96432918,-12.72950091],[-57.97617273,-12.72442113],[-57.98211486,-12.73738092],[-57.99402125,-12.7342751],[-58.03073525,-12.74784017],[-58.03118565,-12.77407935],[-58.01105728,-12.756513],[-57.97784394,-12.74774964],[-57.96581787,-12.75188366],[-57.94291647,-12.74282047],[-57.92583232,-12.75300994],[-57.96808433,-12.78685597],[-57.96457415,-12.80042686],[-57.94273507,-12.79123365],[-57.93274502,-12.80772993],[-57.97753377,-12.81387609],[-58.00222874,-12.8380604],[-57.99881871,-12.84427545],[-57.98603649,-12.84221861],[-57.97750854,-12.85855097],[-57.94192283,-12.86258695],[-57.94212892,-12.88832005],[-57.96964376,-12.90877438],[-57.98719604,-12.90880096],[-57.99239402,-12.92094828],[-58.03130702,-12.9249861],[-58.03023573,-12.94504234],[-57.99668932,-12.93535306],[-57.97093777,-12.95050748],[-57.98058409,-12.9737809],[-58.01514116,-12.97674094],[-58.01171585,-12.99485835],[-58.02905781,-13.00645123],[-58.00319654,-13.01101819],[-57.98705457,-13.04439165],[-57.99916356,-13.06936045],[-57.97402279,-13.06467661],[-57.94762617,-13.07024922],[-57.94149196,-13.08602683],[-57.95245659,-13.09654368],[-57.92109633,-13.11925644],[-57.90615977,-13.1144579],[-57.89147027,-13.09313788],[-57.82833227,-13.09924804],[-57.83590921,-13.08631874],[-57.8527282,-13.08473415],[-57.88137767,-13.05630975],[-57.86581432,-13.02461894],[-57.83067954,-13.0350307],[-57.80527894,-13.01656971],[-57.7807283,-13.02979257],[-57.763903,-13.05132141],[-57.77787002,-13.07379726],[-57.75891695,-13.08416434],[-57.75413272,-13.09946634],[-57.73521598,-13.10776654],[-57.7343903,-13.1212099],[-57.72001769,-13.13799418],[-57.73553846,-13.16037132],[-57.75717667,-13.16511794],[-57.76215852,-13.18000105],[-57.75047587,-13.19328887],[-57.75481746,-13.20492993],[-57.73739967,-13.21418993],[-57.7253033,-13.21105779],[-57.7290458,-13.22198806],[-57.7445742,-13.23035282],[-57.73795011,-13.24867868],[-57.74527882,-13.26138248],[-57.73584806,-13.26383663],[-57.7161011,-13.25078761],[-57.7077407,-13.22168034],[-57.68154747,-13.21826047],[-57.6627841,-13.23237376],[-57.65215258,-13.26210427],[-57.59305842,-13.29044161],[-57.55069699,-13.28545339],[-57.54375157,-13.32417554],[-57.54925904,-13.34507743],[-57.54305652,-13.34776219],[-57.51642476,-13.32874969],[-57.50718797,-13.33465164],[-57.49495631,-13.37024279],[-57.51203195,-13.40481151],[-57.50506345,-13.41743213],[-57.48482931,-13.42699793],[-57.46947486,-13.48142816],[-57.45340468,-13.48076604],[-57.43843694,-13.50360201],[-57.45755278,-13.52408959],[-57.45705852,-13.53961748],[-57.4108335,-13.52475837],[-57.38498926,-13.46838063],[-57.37588779,-13.46950793],[-57.36278332,-13.51172548],[-57.32532389,-13.51396307],[-57.31959771,-13.52658366],[-57.3392159,-13.5738577],[-57.33136287,-13.5940419],[-57.30535303,-13.59858907],[-57.27663351,-13.61540265],[-57.28720437,-13.62574463],[-57.27671209,-13.63356858],[-57.28357769,-13.65605661],[-57.31395668,-13.69000248],[-57.30843939,-13.69801243],[-57.31453171,-13.7077121],[-57.30698233,-13.71493029],[-57.29076587,-13.71146481],[-57.28720254,-13.69144375],[-57.26974716,-13.68198969],[-57.26393547,-13.62139076],[-57.24080421,-13.62044911],[-57.23277809,-13.61118966],[-57.23771211,-13.57909984],[-57.22846178,-13.5674177],[-57.20834518,-13.61448092],[-57.14381618,-13.63743569],[-57.15598383,-13.66041776],[-57.17372551,-13.64902459],[-57.18302707,-13.65146109],[-57.1746873,-13.67727254],[-57.20814126,-13.70411328],[-57.19177617,-13.71705504],[-57.17204566,-13.70800877],[-57.15819809,-13.71315947],[-57.13372755,-13.68535722],[-57.11864221,-13.68655659],[-57.11600042,-13.65360323],[-57.09779553,-13.63469435],[-57.07110331,-13.64235982],[-57.05158623,-13.66025735],[-57.05776096,-13.69005566],[-57.04297627,-13.69098852],[-57.03321714,-13.66961335],[-57.00479452,-13.66652185],[-56.99794976,-13.65891199],[-56.99409629,-13.62306496],[-56.98611675,-13.6166637],[-56.95778662,-13.63964764],[-56.96762422,-13.65238897],[-56.96311189,-13.67071812],[-56.92934868,-13.64810438],[-56.92555802,-13.67582326],[-56.88877148,-13.6711342],[-56.86300654,-13.68694902],[-56.86465514,-13.71889674],[-56.82102804,-13.70996798],[-56.8183705,-13.73250146],[-56.82539365,-13.74103697],[-56.85879469,-13.74556261],[-56.8778314,-13.75647604],[-56.8991838,-13.78491369],[-56.93662844,-13.79138535],[-56.97235521,-13.78363353],[-56.98216656,-13.81068467],[-56.95218845,-13.79955686],[-56.94227121,-13.82304934],[-56.94861137,-13.83445908],[-56.96477975,-13.84031507],[-56.96706211,-13.85446297],[-56.98974192,-13.86354792],[-56.99680376,-13.88070601],[-56.97245229,-13.88884372],[-56.94740881,-13.88001138],[-56.93619831,-13.88454665],[-56.93396838,-13.86069778],[-56.92410755,-13.86356476],[-56.88698452,-13.84591261],[-56.86357882,-13.85937888],[-56.86728006,-13.88742655],[-56.84310096,-13.87597889],[-56.83456244,-13.8940316],[-56.84109169,-13.90684361],[-56.80757578,-13.90741124],[-56.81018847,-13.94439744],[-56.83614736,-13.92840603],[-56.84725234,-13.95621956],[-56.86472509,-13.95944914],[-56.9154683,-13.93145391],[-56.97716142,-13.92957251],[-57.00844654,-13.94103497],[-57.02139222,-13.96622681],[-56.97685124,-13.94253959],[-56.91258279,-13.94964296],[-56.86328473,-13.9822774],[-56.82796835,-14.02728426],[-56.80720427,-14.01823723],[-56.76409641,-14.01686794],[-56.75592749,-14.07293003],[-56.74503904,-14.06615123],[-56.71915673,-14.07766632],[-56.68846089,-14.05830882],[-56.68127664,-14.04104834],[-56.64063892,-14.02045381],[-56.63991164,-14.00269097],[-56.67547268,-13.98125705],[-56.67696951,-13.96912772],[-56.70559183,-13.96024473],[-56.70688743,-13.94895065],[-56.65401068,-13.94565382],[-56.64253272,-13.93543181],[-56.62815346,-13.95267402],[-56.62265256,-13.93309997],[-56.5927638,-13.93350733],[-56.57824373,-13.91902202],[-56.57644975,-13.88119909],[-56.60242008,-13.85347252],[-56.62561653,-13.86869431],[-56.67778217,-13.86574793],[-56.68858002,-13.88233418],[-56.70849411,-13.85570409],[-56.70605872,-13.84848459],[-56.69305695,-13.84693033],[-56.69027561,-13.81431614],[-56.66493617,-13.81792361],[-56.64735784,-13.80245528],[-56.64984851,-13.76489132],[-56.63448766,-13.73630286],[-56.59015803,-13.71500191],[-56.59410013,-13.70642752],[-56.61891571,-13.70623857],[-56.6394422,-13.66674434],[-56.61182213,-13.66401062],[-56.59212706,-13.63770656],[-56.5709931,-13.63840146],[-56.56914652,-13.6171222],[-56.55751832,-13.61346795],[-56.54553182,-13.58867176],[-56.53380924,-13.59094215],[-56.53041247,-13.59985353],[-56.49158199,-13.60063913],[-56.49192684,-13.63507306],[-56.47609638,-13.63849009],[-56.48486295,-13.64866175],[-56.47855419,-13.66263155],[-56.48375006,-13.67663447],[-56.45739789,-13.67837807],[-56.45142666,-13.71794438],[-56.46080898,-13.7243015],[-56.46082853,-13.73819267],[-56.42983154,-13.77143421],[-56.41973469,-13.82898667],[-56.40303514,-13.84742011],[-56.38041027,-13.85499704],[-56.337242,-13.85953189],[-56.28026716,-13.82268964],[-56.24007099,-13.82301366],[-56.26432466,-13.78858464],[-56.26445635,-13.7750614],[-56.21252351,-13.73844268],[-56.22706556,-13.68510281],[-56.21132524,-13.66477834],[-56.18776398,-13.6755354],[-56.15403716,-13.72601704],[-56.17160286,-13.76519566],[-56.13612779,-13.76332623],[-56.11664639,-13.77418361],[-56.10720932,-13.79307279],[-56.11039232,-13.81448354],[-56.08393231,-13.81537674],[-56.05234994,-13.76471328],[-56.04212593,-13.78212119],[-56.01978799,-13.7828624],[-56.00118956,-13.79677214],[-55.98790873,-13.76989109],[-55.9965028,-13.75122016],[-55.97272787,-13.73770968],[-55.97627599,-13.72977363],[-55.98693038,-13.73320015],[-55.99743111,-13.72363582],[-56.02053168,-13.72454944],[-56.02101416,-13.7071108],[-56.02863155,-13.70383977],[-56.03851474,-13.73324707],[-56.05185444,-13.74582901],[-56.05435681,-13.72380622],[-56.07083969,-13.70220616],[-56.04756916,-13.69947576],[-56.04812795,-13.67619198],[-56.07991709,-13.68429831],[-56.0849317,-13.69706568],[-56.09198855,-13.69349312],[-56.08894203,-13.6735098],[-56.10341184,-13.66102019],[-56.09396529,-13.6562049],[-56.09252086,-13.64482681],[-56.09846437,-13.63480511],[-56.11319006,-13.63121411],[-56.11363227,-13.60511035],[-56.09934007,-13.60580192],[-56.08609775,-13.59612965],[-56.07139093,-13.62847711],[-56.05598233,-13.64125246],[-56.03884133,-13.63540794],[-56.03321178,-13.61407552],[-56.04512613,-13.60670088],[-56.06810739,-13.61216861],[-56.07168223,-13.6004253],[-56.05947015,-13.58204415],[-56.09858677,-13.55356908],[-56.13241289,-13.55887127],[-56.13840808,-13.5668418],[-56.14905496,-13.56192102],[-56.12032924,-13.52663923],[-56.10691773,-13.52262838],[-56.11333834,-13.51152647],[-56.14766747,-13.49196284],[-56.18064239,-13.48874611],[-56.18490297,-13.51156965],[-56.20968372,-13.50623639],[-56.22198689,-13.51231215],[-56.23185569,-13.50508956],[-56.24239578,-13.5131113],[-56.25494433,-13.50317169],[-56.26854693,-13.51849892],[-56.2857725,-13.5194051],[-56.32921019,-13.48481429],[-56.33051026,-13.4738636],[-56.31548051,-13.449129],[-56.32668014,-13.44368215],[-56.35543226,-13.45289258],[-56.36528751,-13.47072504],[-56.36551673,-13.49369757],[-56.34403766,-13.51734492],[-56.34645217,-13.53933523],[-56.3616292,-13.54378477],[-56.36217971,-13.5202235],[-56.37506905,-13.51429491],[-56.40832883,-13.44556882],[-56.4290445,-13.44239916],[-56.45038029,-13.42413117],[-56.44818908,-13.39615574],[-56.46540838,-13.37700864],[-56.48543984,-13.37535076],[-56.49037959,-13.36665073],[-56.47355703,-13.35011147],[-56.48375971,-13.32088107],[-56.47228442,-13.30940978],[-56.44210306,-13.30519006],[-56.40983081,-13.27458786],[-56.4229053,-13.25284851],[-56.42134754,-13.23833783],[-56.40433893,-13.21995007],[-56.37960325,-13.21422446],[-56.37113167,-13.20504864],[-56.37215853,-13.1901479],[-56.35526056,-13.18986234],[-56.34684402,-13.19875951],[-56.36485559,-13.21754379],[-56.36295726,-13.2291409],[-56.33180952,-13.22457754],[-56.32470596,-13.24485531],[-56.30885321,-13.24338856],[-56.29824597,-13.26094635],[-56.28702658,-13.22356671],[-56.2346177,-13.17628363],[-56.22631682,-13.13378783],[-56.21657536,-13.12913719],[-56.22445867,-13.11707727],[-56.19694121,-13.10861486],[-56.21780915,-13.0957157],[-56.19410444,-13.05412011],[-56.22171011,-13.02319809],[-56.25702174,-13.03051185],[-56.28523226,-13.01586792],[-56.28690641,-13.00541532],[-56.32563215,-12.99108371],[-56.33968366,-12.94819517],[-56.36187069,-12.93317925],[-56.36893358,-12.91176509],[-56.39630235,-12.91917777],[-56.43025387,-12.90499264],[-56.4516208,-12.93011694],[-56.46445191,-12.92749872],[-56.46564937,-12.90555233],[-56.45000727,-12.87463007],[-56.47477477,-12.87278513],[-56.48049862,-12.86466006],[-56.46405308,-12.81630536],[-56.44923091,-12.83485966],[-56.43374497,-12.81769298],[-56.44430534,-12.80603043],[-56.44425727,-12.79261694],[-56.42522069,-12.77872895],[-56.40851309,-12.78005199],[-56.40019661,-12.77014302],[-56.41064982,-12.71479388],[-56.37751984,-12.68219154],[-56.36861596,-12.62444186],[-56.35653687,-12.60875671],[-56.33182916,-12.61284678],[-56.33128448,-12.59752462],[-56.30908852,-12.584105],[-56.29041816,-12.58982416],[-56.27751382,-12.57574434],[-56.27651129,-12.5346303],[-56.24279473,-12.49272619],[-56.26417467,-12.46950053],[-56.24957441,-12.42842825],[-56.26156409,-12.40851791],[-56.27721237,-12.40586073],[-56.28100749,-12.39778875],[-56.27916036,-12.39035411],[-56.26236475,-12.38693113],[-56.26819096,-12.36196161],[-56.25241699,-12.34963837],[-56.25377573,-12.33602003],[-56.24116492,-12.32571451],[-56.25396855,-12.29475387],[-56.2240047,-12.25273158],[-56.2224634,-12.2295818],[-56.18764776,-12.23704496],[-56.1762803,-12.2522612],[-56.16829004,-12.24677929],[-56.1675781,-12.23085063],[-56.18395342,-12.21937868],[-56.19277436,-12.19689343],[-56.17962333,-12.19095172],[-56.17947453,-12.1698929],[-56.13830634,-12.13430833],[-56.12944964,-12.11478349],[-56.10853801,-12.10755096],[-56.07788572,-12.14134558],[-56.06304888,-12.12669577],[-56.00292886,-12.11770637],[-55.99834637,-12.1446538],[-56.01384747,-12.16285914],[-56.03041901,-12.16868327],[-56.09844854,-12.17586441],[-56.10046869,-12.19596795],[-56.09232568,-12.21238145],[-56.11130924,-12.21412615],[-56.10594464,-12.23596324],[-56.13789402,-12.25108422],[-56.13374715,-12.27567023],[-56.18027159,-12.34511042],[-56.20902948,-12.35163941],[-56.21215807,-12.3591267],[-56.18271839,-12.39847027],[-56.14597341,-12.40589188],[-56.1642027,-12.42228105],[-56.1743981,-12.45176811],[-56.18444955,-12.45247764],[-56.18869547,-12.46687455],[-56.19917992,-12.46733058],[-56.20428738,-12.47679319],[-56.18065285,-12.52465089],[-56.14346405,-12.53698466],[-56.1573208,-12.58229262],[-56.15138948,-12.60765902],[-56.12634252,-12.60855035],[-56.12053134,-12.63845703],[-56.09036808,-12.68379743],[-55.98359562,-12.67306475],[-55.93245206,-12.69251618],[-55.93214664,-12.67294581],[-55.92136531,-12.6565122],[-55.96561931,-12.61734035],[-56.02309439,-12.59588803],[-56.01314052,-12.55971658],[-56.03159934,-12.54939633],[-56.07702039,-12.55724191],[-56.0905347,-12.53648354],[-56.0903786,-12.50452853],[-56.07923992,-12.50275193],[-56.04815371,-12.52342425],[-55.96805093,-12.5240892],[-55.94514627,-12.53864111],[-55.92535356,-12.53916223],[-55.86184958,-12.4959353],[-55.7939749,-12.48453775],[-55.76505402,-12.45798109],[-55.76535642,-12.40834292],[-55.72073154,-12.41529112],[-55.68076332,-12.38441661],[-55.65219968,-12.33750403],[-55.62770898,-12.32716147],[-55.60053576,-12.33054002],[-55.59242419,-12.35300914],[-55.59862177,-12.41926697],[-55.53155319,-12.47198657],[-55.56981856,-12.53132965],[-55.58128,-12.56304429],[-55.58422794,-12.60340021],[-55.5667094,-12.64508989],[-55.4870168,-12.71450997],[-55.48269439,-12.77093573],[-55.50671093,-12.85080636],[-55.49785903,-12.87786862],[-55.48133244,-12.89989091],[-55.44646028,-12.90913942],[-55.42804846,-12.94493207],[-55.3925593,-12.95193094],[-55.37645734,-12.97157472],[-55.36126358,-13.01515925],[-55.35317524,-13.01420527],[-55.34941841,-12.98642127],[-55.33842597,-12.9750211],[-55.28669643,-12.96421713],[-55.2745088,-12.96927178],[-55.28560743,-13.02570058],[-55.27319786,-13.04174048],[-55.263015,-13.03889388],[-55.25218141,-13.04787072],[-55.23245399,-13.09806105],[-55.20680335,-13.11925692],[-55.18371493,-13.1187813],[-55.17847121,-13.09922755],[-55.16555065,-13.09384383],[-55.14988932,-13.12864956],[-55.15544472,-13.15128328],[-55.17864884,-13.17984187],[-55.18221973,-13.21959853],[-55.18024727,-13.23147884],[-55.15736374,-13.23770556],[-55.15451065,-13.24853323],[-55.15860083,-13.2622674],[-55.17860709,-13.26584201],[-55.1782147,-13.27950749],[-55.19333931,-13.29444627],[-55.17789511,-13.30862786],[-55.18190767,-13.32664721],[-55.17436235,-13.34006422],[-55.15363142,-13.34561812],[-55.14285431,-13.32169429],[-55.12579496,-13.30884192],[-55.12806489,-13.29413083],[-55.10464065,-13.28724376],[-55.06689147,-13.29025261],[-55.04254782,-13.3070905],[-55.02715656,-13.29736831],[-54.98567701,-13.30346033],[-54.9747188,-13.29104877],[-54.98268605,-13.33210928],[-54.95458655,-13.32899427],[-54.93863906,-13.3475309],[-54.91286999,-13.31684224],[-54.91029658,-13.29838518],[-54.89419995,-13.2927321],[-54.89910416,-13.33632369],[-54.89283533,-13.34674572],[-54.87681438,-13.33425017],[-54.85216886,-13.34345509],[-54.84597215,-13.36024377],[-54.8098282,-13.36563456],[-54.75279442,-13.31883655],[-54.72704098,-13.3111363],[-54.67369894,-13.35806992],[-54.65211036,-13.36476099],[-54.63147209,-13.35889797],[-54.62522442,-13.37835755],[-54.60371101,-13.39301039],[-54.59056422,-13.3854399],[-54.57327806,-13.35327662],[-54.55661133,-13.34535394],[-54.55250506,-13.35112301],[-54.56595005,-13.39757307],[-54.53285146,-13.39718675],[-54.52497726,-13.41433325],[-54.53423051,-13.43456953],[-54.52275542,-13.44497587],[-54.50732613,-13.44606858],[-54.50289655,-13.46859479],[-54.51158824,-13.48212867],[-54.5021151,-13.50006065],[-54.49066315,-13.49824039],[-54.48179343,-13.50656119],[-54.47472319,-13.55951136],[-54.45595987,-13.57341743],[-54.41610514,-13.55293547],[-54.39709815,-13.57425991],[-54.37919832,-13.56645058],[-54.37961966,-13.59975354],[-54.36957652,-13.6018596],[-54.3530936,-13.63460559],[-54.33426077,-13.64465795],[-54.33492425,-13.68093054],[-54.32617632,-13.70961504],[-54.29158954,-13.70640646],[-54.27291666,-13.68657862],[-54.26145212,-13.70174654],[-54.24961844,-13.69664301],[-54.24343925,-13.68055072],[-54.25028044,-13.64830386],[-54.20325135,-13.5815841],[-54.18883852,-13.58298821],[-54.17974292,-13.57245978],[-54.14117537,-13.5796097],[-54.12558215,-13.59253693],[-54.10099899,-13.56596172],[-54.08289166,-13.57718494],[-54.05139165,-13.56675492],[-54.02892907,-13.5798519],[-54.00812083,-13.62475695],[-54.01309286,-13.65113453],[-54.00681417,-13.71864707],[-54.00229093,-13.72933735],[-53.99140331,-13.73025951],[-53.98160157,-13.71321674],[-53.96570945,-13.61782931],[-53.94875069,-13.62700862],[-53.94570701,-13.66894587],[-53.93661368,-13.6712745],[-53.92405102,-13.65176756],[-53.93814246,-13.64165957],[-53.938064,-13.63040072],[-53.91359892,-13.63123368],[-53.91215414,-13.61450004],[-53.8814605,-13.60669847],[-53.87294849,-13.57410893],[-53.85284647,-13.57023168],[-53.84111533,-13.55504521],[-53.79139852,-13.53565418],[-53.7782947,-13.56682733],[-53.78030406,-13.59094682],[-53.75448358,-13.5892169],[-53.70550101,-13.56590705],[-53.70155403,-13.54744441],[-53.67613188,-13.51951273],[-53.6659644,-13.53670413],[-53.63739826,-13.54626865],[-53.62403192,-13.56809509],[-53.61276631,-13.57270452],[-53.59548616,-13.56104846],[-53.58526504,-13.56288237],[-53.61654168,-13.60681612],[-53.60765767,-13.62080811],[-53.60199333,-13.66381215],[-53.56542066,-13.67699456],[-53.53703476,-13.67273672],[-53.53512893,-13.65693744],[-53.49619421,-13.64566394],[-53.49282976,-13.63290714],[-53.47758252,-13.62825654],[-53.47464264,-13.61111644],[-53.46232305,-13.6131874],[-53.44628097,-13.5955787],[-53.45618855,-13.58769696],[-53.47076299,-13.59179847],[-53.47616297,-13.57571213],[-53.44147159,-13.54458424],[-53.44060884,-13.52661531],[-53.41673237,-13.51376947],[-53.43443551,-13.48578864],[-53.40584001,-13.46092345],[-53.40600558,-13.41547466],[-53.39912252,-13.41039553],[-53.38736185,-13.42336824],[-53.33612251,-13.42047506],[-53.32538049,-13.43372606],[-53.31440227,-13.43362986],[-53.28803319,-13.48607306],[-53.27378496,-13.49057302],[-53.26541833,-13.48199351],[-53.2587436,-13.49833434],[-53.23617336,-13.50240683],[-53.23061461,-13.5131477],[-53.23826996,-13.53108858],[-53.2271474,-13.53651915],[-53.22619999,-13.54626909],[-53.19508016,-13.55875084],[-53.22851743,-13.56773323],[-53.23515391,-13.58016238],[-53.22962272,-13.60534234],[-53.1564896,-13.58744283],[-53.1450469,-13.60367728],[-53.1747519,-13.60705446],[-53.18367558,-13.61921479],[-53.1683808,-13.63040566],[-53.16458592,-13.65011393],[-53.14392149,-13.65471122],[-53.13381491,-13.66568453],[-53.10720606,-13.64781146],[-53.09665062,-13.66480635],[-53.09037775,-13.65517745],[-53.09462048,-13.63855705],[-53.07689732,-13.62209107],[-53.08336126,-13.59456223],[-53.06769547,-13.55706112],[-53.075942,-13.53980722],[-53.06492667,-13.50410844],[-53.06889351,-13.48790054],[-53.04607533,-13.45120035],[-53.0398618,-13.44591767],[-53.03412991,-13.45089176],[-53.03399159,-13.47411597],[-53.02792888,-13.47797244],[-53.00646221,-13.48211112],[-52.96001575,-13.46780206],[-52.94038621,-13.48643969],[-52.93026434,-13.47827546],[-52.94899884,-13.41871616],[-52.92645908,-13.42421653],[-52.92520509,-13.43676463],[-52.90750616,-13.43525282],[-52.92171422,-13.40546428],[-52.94710119,-13.39032719],[-52.93871516,-13.33595418],[-52.91588738,-13.34092726],[-52.89100075,-13.37195737],[-52.90342255,-13.39717786],[-52.88664731,-13.39487412],[-52.88243457,-13.40424254],[-52.8697003,-13.40572652],[-52.85550408,-13.43208917],[-52.85739932,-13.45695087],[-52.84952042,-13.46603805],[-52.74049383,-13.43122418],[-52.71859599,-13.40531238],[-52.67680458,-13.40324283],[-52.67156295,-13.38975737],[-52.63264108,-13.39300709],[-52.6070318,-13.37031813],[-52.61159255,-13.34595611],[-52.58337389,-13.32611772],[-52.56005601,-13.3482137],[-52.5079431,-13.33752159],[-52.50168439,-13.32421405],[-52.48527682,-13.33906012],[-52.484289,-13.3286359],[-52.47033169,-13.32544836],[-52.46200656,-13.31191963],[-52.44307541,-13.31418382],[-52.42893905,-13.29410001],[-52.40040656,-13.28300985],[-52.40603548,-13.23659054],[-52.39276959,-13.22653633],[-52.34930498,-13.23533497],[-52.33157173,-13.25010501],[-52.32961475,-13.27096502],[-52.31492094,-13.29218016],[-52.3350936,-13.30751097],[-52.3352214,-13.31607085],[-52.31355408,-13.32825037],[-52.28443528,-13.37168618],[-52.28362211,-13.38508226],[-52.26698819,-13.38577162],[-52.25945067,-13.40980632],[-52.25048626,-13.41305213],[-52.25043586,-13.3673597],[-52.26277523,-13.34058595],[-52.27040115,-13.27112357],[-52.21908411,-13.17672615],[-52.22185768,-13.11464946],[-52.19320943,-13.10265255],[-52.20592225,-13.09312731],[-52.2109667,-13.07654815],[-52.18631456,-12.99869212],[-52.14618199,-12.98773639],[-52.1346536,-13.00129591],[-52.08032524,-12.99553606],[-52.04678135,-13.00113546],[-52.0335612,-12.96116091],[-52.01823025,-12.96836594],[-51.99481934,-13.01524426],[-51.99831014,-13.0429478],[-52.01012515,-13.06372045],[-51.98824427,-13.07372791],[-51.97719124,-13.06858087],[-51.97310008,-13.05167733],[-51.93157378,-13.0537479],[-51.91775888,-13.02311376],[-51.93754698,-13.00492194],[-51.91363384,-12.99455347],[-51.90171953,-12.93047408],[-51.88371257,-12.9198275],[-51.89710484,-12.9005976],[-51.87883093,-12.86483109],[-51.86465241,-12.86226861],[-51.85730539,-12.87264332],[-51.80678041,-12.85345529],[-51.78593773,-12.85521511],[-51.79603967,-12.81825019],[-51.74489515,-12.81382773],[-51.73477941,-12.79857359],[-51.73482762,-12.78675092],[-51.74623089,-12.78225496],[-51.74142141,-12.76687217],[-51.75063296,-12.75039237],[-51.74939945,-12.7260563],[-51.670824,-12.70963644],[-51.60902351,-12.71287297],[-51.60082494,-12.70445598],[-51.59452604,-12.7123003],[-51.58375833,-12.70976603],[-51.56625318,-12.67708908],[-51.53554789,-12.65257986],[-51.52394039,-12.65634854],[-51.51612125,-12.64887693],[-51.53115773,-12.63590468],[-51.55279529,-12.63708485],[-51.56480804,-12.62626078],[-51.56547324,-12.61283732],[-51.54727931,-12.58007113],[-51.51994946,-12.56977375],[-51.50122949,-12.51152594],[-51.48234685,-12.48551655],[-51.48250076,-12.47464817],[-51.45966945,-12.46529198],[-51.46086407,-12.44855119],[-51.4428446,-12.4448889],[-51.42809735,-12.42734925],[-51.37536676,-12.42516447],[-51.36163125,-12.3990483],[-51.31743845,-12.39556751],[-51.30136753,-12.38155249],[-51.27250099,-12.40888848],[-51.1879994,-12.4463794],[-51.16681126,-12.44895358],[-51.15518029,-12.43424309],[-51.1651443,-12.42891486],[-51.18317231,-12.39047507],[-51.15356265,-12.39336662],[-51.12117681,-12.42330901],[-51.08883031,-12.43154646],[-51.04315324,-12.39015557],[-51.04542193,-12.3633025],[-51.03461797,-12.33701693],[-51.05694225,-12.33505236],[-51.0879605,-12.34859857],[-51.10506929,-12.33071962],[-51.12759152,-12.34151152],[-51.13569716,-12.33132326],[-51.15353575,-12.334786],[-51.13068585,-12.31346888],[-51.05805398,-12.31700703],[-51.05185028,-12.30937269],[-51.06012056,-12.29762783],[-51.0361231,-12.28592122],[-51.04716458,-12.27796686],[-51.04548007,-12.26607563],[-51.02822289,-12.25667364],[-51.0444309,-12.24496765],[-51.05460702,-12.25500229],[-51.07324565,-12.24972492],[-51.14261111,-12.27488438],[-51.17179044,-12.27458651],[-51.1780752,-12.28350255],[-51.17069758,-12.29199052],[-51.17492166,-12.29906659],[-51.18861494,-12.29797343],[-51.19424816,-12.3103429],[-51.22925477,-12.32354111],[-51.23873554,-12.31811592],[-51.22978469,-12.29139484],[-51.20103525,-12.27661387],[-51.22711984,-12.25069874],[-51.2331609,-12.26499996],[-51.25723942,-12.26379557],[-51.26214588,-12.27568818],[-51.29267379,-12.288639],[-51.30147278,-12.30115858],[-51.31428821,-12.28158751],[-51.33520755,-12.27872426],[-51.32767344,-12.26447992],[-51.34214357,-12.25654622],[-51.36099385,-12.21761107],[-51.37874854,-12.21361108],[-51.38431072,-12.18216862],[-51.40101694,-12.16765533],[-51.39440796,-12.15237106],[-51.42195657,-12.14418394],[-51.41600402,-12.12024488],[-51.40254248,-12.11487408],[-51.39382362,-12.121612],[-51.39145805,-12.10925819],[-51.37970025,-12.10548704],[-51.38732517,-12.09031095],[-51.37146393,-12.07651458],[-51.38091663,-12.05277597],[-51.37073218,-12.03628226],[-51.37263905,-12.02210786],[-51.3856794,-12.00860559],[-51.37932589,-11.99378348],[-51.40169626,-11.95192517],[-51.39393083,-11.91817089],[-51.39937774,-11.90408426],[-51.38890914,-11.87653695],[-51.4159659,-11.85989703],[-51.48211207,-11.87514929],[-51.50112958,-11.867265],[-51.50619899,-11.84927359],[-51.55020082,-11.81577877],[-51.55378175,-11.77752414],[-51.53662656,-11.74150515],[-51.53922255,-11.72628898],[-51.51267346,-11.71703821],[-51.49780393,-11.69384315],[-51.47449664,-11.69266674],[-51.45467537,-11.67712654],[-51.38545389,-11.67240858],[-51.36180366,-11.65027079],[-51.36572536,-11.59745494],[-51.33411974,-11.59189835],[-51.31781196,-11.59987204],[-51.30269616,-11.58484283],[-51.28459194,-11.55898264],[-51.2882736,-11.52203532],[-51.28274297,-11.50874462],[-51.30124982,-11.50616445],[-51.28283765,-11.47031297],[-51.30495784,-11.46486589],[-51.30196258,-11.48155865],[-51.30966398,-11.48912977],[-51.33355622,-11.46478242],[-51.3539436,-11.4849564],[-51.388268,-11.49203532],[-51.39530397,-11.48714742],[-51.41081404,-11.49707968],[-51.41864862,-11.48895606],[-51.43744988,-11.50257855],[-51.45131134,-11.49420402],[-51.45016794,-11.48483926],[-51.421959,-11.45751082],[-51.41699535,-11.44366257],[-51.42259116,-11.43559913],[-51.40388373,-11.41322238],[-51.39932192,-11.39317589],[-51.41653719,-11.39765248],[-51.42466062,-11.41588441],[-51.43637024,-11.42174209],[-51.44180998,-11.40660446],[-51.46006877,-11.39720452],[-51.47705699,-11.4143061],[-51.47772602,-11.39235842],[-51.45184436,-11.38474858],[-51.4517742,-11.36777857],[-51.48258295,-11.37271805],[-51.48334909,-11.34659486],[-51.49095808,-11.34017084],[-51.51855011,-11.36753939],[-51.51132333,-11.34154563],[-51.52363814,-11.3171561],[-51.56197945,-11.3383468],[-51.55335867,-11.30874196],[-51.52399221,-11.27575065],[-51.54186349,-11.2685768],[-51.54328698,-11.25561762],[-51.5582632,-11.26509183],[-51.57380534,-11.26035744],[-51.59549636,-11.27374551],[-51.60796151,-11.26577335],[-51.57023172,-11.24583087],[-51.55855012,-11.22166876],[-51.5634958,-11.20698254],[-51.59163872,-11.1960997],[-51.61819402,-11.20102149],[-51.6234986,-11.21100244],[-51.65433433,-11.21159695],[-51.66463748,-11.22417613],[-51.68199399,-11.22152092],[-51.68651758,-11.24997167],[-51.70942758,-11.24155789],[-51.72009624,-11.22227212],[-51.70839279,-11.1981027],[-51.71097074,-11.17247016],[-51.72237944,-11.15847589],[-51.72268845,-11.14377351],[-51.75585863,-11.13316265],[-51.75893408,-11.09721306],[-51.76928423,-11.08948985],[-51.78749391,-11.03890655],[-51.80147921,-11.03212884],[-51.83441263,-11.04745928],[-51.85259386,-11.03996785],[-51.85728334,-11.02311203],[-51.85137151,-11.00823271],[-51.8631703,-11.00371616],[-51.87216059,-10.96560013],[-51.89693854,-10.94743463],[-51.86542627,-10.90960492],[-51.85367555,-10.85251904],[-51.86874517,-10.8414433],[-51.85927843,-10.83294025],[-51.86220186,-10.82281738],[-51.87958411,-10.81685024],[-51.88473166,-10.79281137],[-51.90519758,-10.77551903],[-51.89647938,-10.75771555],[-51.86171253,-10.75360605],[-51.81990132,-10.72582818],[-51.75205801,-10.73603982],[-51.74289031,-10.73033154],[-51.7048105,-10.74117156],[-51.67923987,-10.77348809],[-51.66156887,-10.84190344],[-51.64963365,-10.85040542],[-51.6390118,-10.82262223],[-51.64714336,-10.79867183],[-51.63927905,-10.79193058],[-51.64221021,-10.76460686],[-51.63598262,-10.7565052],[-51.6190733,-10.80608957],[-51.59210201,-10.79569376],[-51.57487875,-10.8204781],[-51.55105528,-10.72491484],[-51.52809776,-10.7196652],[-51.51927337,-10.72462146],[-51.51001632,-10.76315498],[-51.49346327,-10.78198575],[-51.47964698,-10.78160908],[-51.47278456,-10.7633055],[-51.44248938,-10.78125203],[-51.42170503,-10.76605587],[-51.41578192,-10.7427132],[-51.40597155,-10.73977363],[-51.37711086,-10.74744211],[-51.37237268,-10.75534449],[-51.34864334,-10.75350466],[-51.36889577,-10.79179645],[-51.36102678,-10.80498708],[-51.34656609,-10.79443754],[-51.33887789,-10.79890696],[-51.34409006,-10.81650588],[-51.33837518,-10.82443978],[-51.35085365,-10.84529018],[-51.34166823,-10.86095941],[-51.33053254,-10.85882106],[-51.31967343,-10.88436588],[-51.26705633,-10.90675683],[-51.19457948,-10.8791921],[-51.18209253,-10.8549149],[-51.16802458,-10.84974411],[-51.16488896,-10.8354797],[-51.12486313,-10.82972878],[-51.16166965,-10.75080211],[-51.18726721,-10.74151653],[-51.2222002,-10.69923793],[-51.22063421,-10.68254842],[-51.20227982,-10.69134005],[-51.18951725,-10.71207825],[-51.16592852,-10.71976674],[-51.16215836,-10.69995639],[-51.17887259,-10.6921792],[-51.1863994,-10.66690873],[-51.16980309,-10.66093586],[-51.1566079,-10.66650033],[-51.14452996,-10.6799513],[-51.14185745,-10.70831904],[-51.12603794,-10.73648551],[-51.10233783,-10.70506408],[-51.08024703,-10.70278382],[-51.07851607,-10.68794356],[-51.04452403,-10.68497918],[-51.02615547,-10.72320385],[-51.02485361,-10.74613675],[-51.00629906,-10.76279362],[-51.01500502,-10.71962585],[-51.01177461,-10.69135601],[-51.02300505,-10.66280014],[-50.9873168,-10.69140266],[-50.96216635,-10.6815148],[-50.95359657,-10.70712785],[-50.94019305,-10.71284811],[-50.95021878,-10.721937],[-50.94688637,-10.72703034],[-50.91677648,-10.70919957],[-50.93093176,-10.69438745],[-50.92265646,-10.67699994],[-50.90604271,-10.66682097],[-50.92331453,-10.65458835],[-50.91404617,-10.64379569],[-50.89120197,-10.66234234],[-50.88717208,-10.68146217],[-50.89586062,-10.68885997],[-50.88303588,-10.71041227],[-50.85305687,-10.7030252],[-50.85211123,-10.67547367],[-50.81373779,-10.65087333],[-50.7306607,-10.63876425],[-50.74285424,-10.62948558],[-50.74343973,-10.61673982],[-50.72287659,-10.60347079],[-50.70160924,-10.6138584],[-50.69915869,-10.64241156],[-50.66945813,-10.65250028],[-50.67111892,-10.62949638],[-50.60922276,-10.61245527],[-50.6086232,-10.59772357],[-50.57893361,-10.57168643],[-50.55904049,-10.5344189],[-50.54643341,-10.52786904],[-50.54104292,-10.50327089],[-50.57975006,-10.50365476],[-50.60761198,-10.48912472],[-50.62923589,-10.44021177],[-50.65136755,-10.45186898],[-50.66298242,-10.43101447],[-50.69413259,-10.4302213],[-50.70058495,-10.41287653],[-50.69461362,-10.39655952],[-50.66403857,-10.39633486],[-50.68694476,-10.37670838],[-50.67582208,-10.37008492],[-50.60938355,-10.3879091],[-50.59376585,-10.37854929],[-50.56965624,-10.38270966],[-50.55369533,-10.3722172],[-50.56546133,-10.35539542],[-50.55398036,-10.34774204],[-50.57021156,-10.30792664],[-50.58063535,-10.30015027],[-50.57478453,-10.25661057],[-50.54645747,-10.24559685],[-50.54297301,-10.22966687],[-50.5183449,-10.21951924],[-50.51033981,-10.24423905],[-50.49781021,-10.2523634],[-50.48817326,-10.24627903],[-50.48973894,-10.22889472],[-50.47508347,-10.22212444],[-50.45479333,-10.24840217],[-50.44168564,-10.24804439],[-50.4319103,-10.23559498],[-50.4258354,-10.20655187],[-50.44967914,-10.20439273],[-50.47434403,-10.18652404],[-50.47117378,-10.16296673],[-50.49646221,-10.14406102],[-50.49485208,-10.10932519],[-50.5399469,-10.10412347],[-50.55323598,-10.11131939],[-50.55760897,-10.10352765],[-50.54971262,-10.09159833],[-50.53613192,-10.09387386],[-50.53574071,-10.0823352],[-50.51111738,-10.07475769],[-50.50634796,-10.06508761],[-50.47514353,-10.06097454],[-50.44862406,-10.04398225],[-50.41270509,-10.05457522],[-50.39967757,-10.04840501],[-50.39293165,-10.02601764],[-50.39930613,-10.01195802],[-50.40968413,-9.99937935],[-50.42287703,-9.99920151],[-50.44046142,-9.97744297],[-50.43546897,-9.96522731],[-50.41145744,-9.98546604],[-50.394573,-9.98585035],[-50.3980621,-9.95558201],[-50.39037883,-9.94069074],[-50.3730591,-9.94953966],[-50.37108437,-9.93326634],[-50.35664289,-9.92526952],[-50.35693095,-9.89663343],[-50.34840668,-9.88784532],[-50.36135273,-9.87645641],[-50.39168795,-9.87134029],[-50.38922585,-9.84876964],[-50.37761337,-9.84324763],[-50.35634478,-9.85174475],[-50.34450222,-9.84718173],[-50.350916,-9.83465957],[-50.33558572,-9.82040953],[-50.34283668,-9.80515992],[-50.32116357,-9.79957412],[-50.30002682,-9.76915715],[-50.2497809,-9.76034839],[-50.23639465,-9.74823193],[-50.24166845,-9.73738856],[-50.21097024,-9.72852639],[-50.21442929,-9.71245414],[-50.18010248,-9.70140701],[-50.16481206,-9.66971248],[-50.16405729,-9.64046491],[-50.17502903,-9.62978349],[-50.16539258,-9.61490168],[-50.17294484,-9.60363936],[-50.21915161,-9.60353861],[-50.23246044,-9.59005457],[-50.22408908,-9.57245858],[-50.19690014,-9.57076082],[-50.18726539,-9.56307876],[-50.18718739,-9.5496776],[-50.20914955,-9.51494239],[-50.22392138,-9.51033394],[-50.22953597,-9.53275693],[-50.25531017,-9.53641147],[-50.31066224,-9.48294141],[-50.30572478,-9.47740568],[-50.26191147,-9.48318778],[-50.26749845,-9.44052752],[-50.25764922,-9.42705386],[-50.26078678,-9.41623961],[-50.21055311,-9.40086006],[-50.20973128,-9.37583181],[-50.23772014,-9.36565378],[-50.26175788,-9.3872137],[-50.27060054,-9.38430197],[-50.27359979,-9.36595215],[-50.2485957,-9.35481576],[-50.13604224,-9.35248516],[-50.12451932,-9.34565271],[-50.12012806,-9.3219995],[-50.13303611,-9.32298817],[-50.15675457,-9.28785581],[-50.17060329,-9.28329606],[-50.17659554,-9.24440406],[-50.15454295,-9.25227495],[-50.15162094,-9.26700958],[-50.13096651,-9.2620257],[-50.10440963,-9.27304078],[-50.10584237,-9.26350941],[-50.08635986,-9.23019559],[-50.06016781,-9.22164737],[-50.06631539,-9.19984104],[-50.08639134,-9.20871698],[-50.09675699,-9.19589802],[-50.02656176,-9.16932421],[-50.02603216,-9.15680928],[-50.01096341,-9.14696278],[-50.02418077,-9.13106453],[-50.0237396,-9.11357178],[-50.01109112,-9.10292331],[-50.0161558,-9.08917301],[-50.00424735,-9.05113958],[-49.96385184,-9.04274745],[-49.96443647,-9.01924023],[-49.98711111,-8.99034277],[-49.98738821,-8.97804228],[-50.01361034,-8.98377597],[-50.0020844,-8.96925156],[-50.01431324,-8.93489919],[-50.07385499,-8.90650047],[-50.08427153,-8.88942816],[-50.0658807,-8.86598004],[-50.04999353,-8.85984738],[-50.04079361,-8.84049104],[-50.04504922,-8.81495536],[-50.03272624,-8.8023536],[-49.96873703,-8.8083323],[-49.93089484,-8.79984461],[-49.91949773,-8.80436022],[-49.89037728,-8.79365173],[-49.86355154,-8.80739569],[-49.84777494,-8.77687457],[-49.87382341,-8.76006326],[-49.87757583,-8.73598927],[-49.91963797,-8.7178825],[-49.96863235,-8.72535241],[-49.99545083,-8.73804522],[-50.00777196,-8.72847863],[-50.01763506,-8.74213094],[-50.04186902,-8.73448685],[-50.05702176,-8.70915309],[-50.0692815,-8.70849],[-50.06461164,-8.69547102],[-50.07035643,-8.67861026],[-50.09645121,-8.65946006],[-50.08425516,-8.6392361],[-50.08957124,-8.61678825],[-50.07454526,-8.59992669],[-50.08769053,-8.58246057],[-50.09998898,-8.58368361],[-50.10277525,-8.57414366],[-50.1308189,-8.57283761],[-50.13646157,-8.56288807],[-50.16754245,-8.5514912],[-50.17496335,-8.53344543],[-50.16367819,-8.51883449],[-50.10372335,-8.51648332],[-50.08995291,-8.51103445],[-50.0918344,-8.49991044],[-50.07991384,-8.49062209],[-50.05823424,-8.4904895],[-50.04626278,-8.46683081],[-50.07675679,-8.45093008],[-50.08059134,-8.43767142],[-50.0524359,-8.43948675],[-50.06337308,-8.42299854],[-50.05853443,-8.41360532],[-50.04263586,-8.41878708],[-50.03377536,-8.43445778],[-50.01455979,-8.42052683],[-50.01557506,-8.39710314],[-50.03805683,-8.38952596],[-50.05115883,-8.36623799],[-50.07409227,-8.35201758],[-50.09201,-8.35430839],[-50.1009051,-8.32466859],[-50.08120493,-8.31708851],[-50.07907604,-8.30057714],[-50.05017947,-8.30557516],[-50.03154518,-8.28750086],[-50.02820484,-8.27170126],[-50.04567972,-8.24990847],[-50.03076253,-8.24465824],[-50.00976363,-8.19123554],[-50.01269718,-8.18252172],[-50.03043675,-8.17499678],[-50.01144873,-8.14096392],[-50.01835419,-8.12737204],[-49.98337219,-8.08617168],[-50.00366412,-8.08414093],[-50.0095425,-8.09654145],[-50.01719625,-8.087644],[-50.01050543,-8.06863805],[-49.9917611,-8.06490135],[-50.0023533,-8.04975203],[-49.99728136,-8.04020174],[-50.01120677,-8.02523286],[-50.01008478,-7.9932322],[-49.99082109,-7.97500302],[-50.00729415,-7.96181491],[-50.01327925,-7.941226],[-50.00613718,-7.93367638],[-49.98433082,-7.93717989],[-49.97798347,-7.9283775],[-49.962154,-7.93435093],[-49.94952223,-7.91846807],[-49.98000812,-7.89602625],[-49.98089568,-7.88253153],[-50.01151541,-7.85855027],[-50.03442052,-7.81830365],[-50.04970518,-7.81108853],[-50.04310942,-7.79973163],[-50.0269951,-7.79213158],[-49.99960525,-7.79333641],[-49.96179013,-7.76596566],[-49.96312465,-7.7236644],[-49.98014469,-7.71400792],[-49.99071744,-7.73191421],[-50.00336362,-7.73269713],[-50.01971464,-7.70445863],[-50.01794528,-7.6944515],[-49.9404298,-7.68460665],[-49.91919674,-7.69277984],[-49.90499487,-7.68258102],[-49.88742302,-7.6821458],[-49.90691093,-7.64713722],[-49.90406389,-7.63717329],[-49.9211779,-7.63028308],[-49.92418239,-7.6180675],[-49.9074761,-7.6210871],[-49.89577435,-7.60945104],[-49.87988627,-7.61590033],[-49.86288996,-7.52969869],[-49.84233074,-7.52880168],[-49.83829332,-7.54047853],[-49.81408199,-7.54329886],[-49.80673542,-7.55134311],[-49.76953795,-7.5529863],[-49.76052277,-7.56481402],[-49.7252948,-7.55422586],[-49.71486376,-7.53888662],[-49.67832127,-7.51738569],[-49.66490208,-7.49141631],[-49.6520641,-7.48930236],[-49.6212755,-7.43803475],[-49.61064751,-7.44718731],[-49.61350036,-7.467635],[-49.63049273,-7.49035136],[-49.62319909,-7.50964485],[-49.60733311,-7.51188405],[-49.59397639,-7.49789541],[-49.57665719,-7.49380508],[-49.55653594,-7.50030279],[-49.56429467,-7.51034437],[-49.57691621,-7.50666357],[-49.57839575,-7.51386631],[-49.55753931,-7.53373853],[-49.53989781,-7.53777464],[-49.55704338,-7.54616133],[-49.55074454,-7.56263926],[-49.56045708,-7.58566532],[-49.53790451,-7.62104171],[-49.55374236,-7.63275059],[-49.56998062,-7.61845897],[-49.58226599,-7.62222487],[-49.58914386,-7.64968395],[-49.58341392,-7.66537582],[-49.60479422,-7.6698475],[-49.61857134,-7.69605768],[-49.61453325,-7.71852881],[-49.59673785,-7.73870831],[-49.55143596,-7.74426412],[-49.54132363,-7.73578018],[-49.54787891,-7.7059503],[-49.5332265,-7.68217981],[-49.52039787,-7.68334909],[-49.51715585,-7.6947834],[-49.53017114,-7.7222932],[-49.52421504,-7.76312902],[-49.54493057,-7.79879888],[-49.56502986,-7.79512642],[-49.58244401,-7.77017695],[-49.61837911,-7.78143138],[-49.59948947,-7.84027197],[-49.63288473,-7.83853802],[-49.66793381,-7.82609419],[-49.69878531,-7.88608302],[-49.69314236,-7.89763958],[-49.67304346,-7.90809969],[-49.66866955,-7.93451689],[-49.63598244,-7.96199646],[-49.60048207,-7.97321358],[-49.58076574,-7.99608396],[-49.55995314,-7.99763222],[-49.53723247,-8.04103684],[-49.50977329,-8.06272776],[-49.51531165,-8.08011426],[-49.53166348,-8.09022982],[-49.53436374,-8.11848042],[-49.55556721,-8.1200616],[-49.58125921,-8.14634087],[-49.57973635,-8.16515606],[-49.60303448,-8.19294072],[-49.58946349,-8.19245905],[-49.56571723,-8.15348352],[-49.54677212,-8.1541105],[-49.51091851,-8.18016691],[-49.52490609,-8.20940971],[-49.52828199,-8.25223557],[-49.54955453,-8.26458199],[-49.553976,-8.28383065],[-49.57140343,-8.286338],[-49.56931277,-8.3067956],[-49.58034849,-8.30831591],[-49.5868057,-8.32378104],[-49.61657868,-8.33379008],[-49.60907182,-8.36304442],[-49.59347261,-8.37902728],[-49.58883078,-8.40931904],[-49.60139187,-8.41640975],[-49.64400573,-8.4023667],[-49.62419624,-8.43354936],[-49.64258703,-8.43562895],[-49.66109952,-8.44870893],[-49.65510046,-8.46839151],[-49.64194615,-8.46049276],[-49.63239934,-8.46782787],[-49.62709558,-8.50200477],[-49.64055788,-8.51984243],[-49.63109273,-8.5331263],[-49.64902653,-8.53854708],[-49.65554901,-8.55295623],[-49.64215863,-8.5740355],[-49.65536396,-8.58124465],[-49.65838541,-8.59516194],[-49.64165247,-8.61590302],[-49.64201696,-8.66011581],[-49.66506497,-8.68658507],[-49.64156035,-8.68941773],[-49.63258618,-8.72143978],[-49.58552854,-8.72051592],[-49.57254286,-8.72813247],[-49.55062341,-8.64152239],[-49.48324757,-8.5778815],[-49.45314146,-8.55941776],[-49.41485822,-8.54893204],[-49.41486239,-8.52334543],[-49.38210681,-8.45368103],[-49.37828834,-8.41505405],[-49.35288611,-8.3962669],[-49.34716466,-8.38077913],[-49.32318816,-8.38431649],[-49.31583393,-8.3934508],[-49.29795587,-8.38452236],[-49.31648346,-8.35518741],[-49.28858536,-8.33244204],[-49.28074233,-8.26467722],[-49.2428403,-8.16938167],[-49.24487087,-8.11331018],[-49.23072759,-8.10464985],[-49.2350261,-8.08786649],[-49.21537199,-8.06268591],[-49.20035838,-8.07450213],[-49.19471468,-8.09916532],[-49.13171636,-8.12168292],[-49.11295106,-8.15970362],[-49.08410175,-8.14317977],[-49.06715511,-8.15156607],[-49.02353963,-8.09274953],[-49.00091973,-8.12841537],[-49.03023689,-8.14945205],[-49.04503897,-8.19620838],[-49.02967316,-8.2140935],[-49.03159397,-8.23551984],[-49.01766692,-8.24315251],[-49.02957721,-8.25145316],[-49.02944434,-8.32118155],[-49.02634993,-8.36392691],[-49.01667598,-8.37496158],[-49.02544961,-8.38788767],[-49.0126418,-8.39280673],[-49.01956549,-8.43520516],[-49.00743706,-8.44158323],[-49.01607101,-8.45408969],[-49.00626212,-8.46394883],[-48.98274523,-8.46106863],[-48.96034603,-8.48532303],[-48.96551931,-8.51545521],[-48.94429926,-8.52514682],[-48.95204008,-8.53744211],[-48.95027671,-8.55500541],[-48.93452628,-8.55676947],[-48.93116063,-8.5761925],[-48.91863782,-8.57803711],[-48.89313939,-8.61077741],[-48.8604531,-8.62182877],[-48.85771987,-8.6452864],[-48.8406945,-8.65727058],[-48.83106864,-8.68459972],[-48.82208761,-8.68791907],[-48.82715236,-8.70243334],[-48.81759412,-8.72142192],[-48.75514989,-8.72720272],[-48.74844754,-8.73595174],[-48.74635127,-8.77177071],[-48.77679381,-8.77082446],[-48.78886567,-8.79140818],[-48.80195691,-8.79011819],[-48.80820774,-8.80084203],[-48.79344302,-8.81709408],[-48.78428233,-8.84523463],[-48.78364793,-8.85817325],[-48.79514731,-8.87156634],[-48.77786397,-8.89340791],[-48.78153405,-8.91734447],[-48.77414808,-8.92720703],[-48.79736587,-8.93205487],[-48.80016368,-8.94375096],[-48.78815079,-8.97043724],[-48.79394033,-8.98315236],[-48.78873069,-8.9944019],[-48.76412071,-9.00298215],[-48.79094163,-9.05640491],[-48.78579271,-9.07657596],[-48.76632633,-9.07454518],[-48.75876437,-9.11131128],[-48.77969764,-9.12550233],[-48.78294721,-9.13902589],[-48.77185763,-9.14993392],[-48.77747067,-9.15872394],[-48.77185894,-9.16864915],[-48.74287116,-9.18601755],[-48.73352371,-9.1737603],[-48.70812108,-9.16604576],[-48.68813791,-9.1873035],[-48.67626725,-9.18260316],[-48.66724285,-9.1885549],[-48.66491734,-9.20661715],[-48.64486231,-9.21913969],[-48.62881572,-9.18307799],[-48.63884184,-9.15077371],[-48.66644845,-9.14401539],[-48.67354962,-9.13131379],[-48.6782489,-9.11489325],[-48.66840335,-9.1077441],[-48.66496587,-9.08177928],[-48.68389409,-9.05937141],[-48.68372002,-9.04443968],[-48.6599403,-9.01020645],[-48.67390452,-8.98916229],[-48.69443128,-8.9921891],[-48.70114301,-8.98592703],[-48.68480524,-8.97108037],[-48.6649126,-8.97797215],[-48.65762729,-8.96688378],[-48.64807016,-8.97244732],[-48.63607889,-8.96750239],[-48.63220559,-8.95236291],[-48.64099437,-8.94487233],[-48.62563078,-8.9322341],[-48.63612037,-8.91644135],[-48.62706678,-8.90973039],[-48.6282405,-8.89867935],[-48.655568,-8.88114868],[-48.63019043,-8.88421436],[-48.63492409,-8.85068418],[-48.5943593,-8.80659498],[-48.60449809,-8.7954073],[-48.59791081,-8.78596321],[-48.60446585,-8.75916552],[-48.56992626,-8.73593005],[-48.57087601,-8.69635003],[-48.5272939,-8.66896193],[-48.53843032,-8.60899772],[-48.55148035,-8.60473585],[-48.55670295,-8.56853075],[-48.56828189,-8.56275764],[-48.56457194,-8.54535526],[-48.54599188,-8.52801725],[-48.56752458,-8.51106197],[-48.56390392,-8.42433164],[-48.53608144,-8.40452007],[-48.54594516,-8.39219137],[-48.54461556,-8.37114981],[-48.56578901,-8.3437515],[-48.56904624,-8.30952538],[-48.59420053,-8.29069294],[-48.58028032,-8.2807589],[-48.5719899,-8.25308434],[-48.5353963,-8.22900378],[-48.5269645,-8.18074997],[-48.50970013,-8.16938074],[-48.52876084,-8.14457986],[-48.51406264,-8.11292373],[-48.52774854,-8.08852955],[-48.56561136,-8.05926385],[-48.58107694,-8.03413301],[-48.62700513,-8.03069737],[-48.64445222,-8.02078546],[-48.62589028,-8.00205713],[-48.64744149,-7.97485925],[-48.64445672,-7.95791331],[-48.61839974,-7.94465979],[-48.61973901,-7.91750203],[-48.58345809,-7.92444852],[-48.57204194,-7.91246575],[-48.57533604,-7.8909955],[-48.59299944,-7.87566639],[-48.59697354,-7.84901088],[-48.6264345,-7.80212354],[-48.63899237,-7.75008065],[-48.63489861,-7.73937417],[-48.64824231,-7.71733562],[-48.63794707,-7.71082112],[-48.6441441,-7.66283095],[-48.61897833,-7.66052714],[-48.60183348,-7.64667163],[-48.62097061,-7.60669685],[-48.61944192,-7.58599047],[-48.62736084,-7.57066722],[-48.58590374,-7.5403729],[-48.56941367,-7.56026957],[-48.51355587,-7.58525649],[-48.50730132,-7.58000012],[-48.51689669,-7.5589239],[-48.48514396,-7.54669661],[-48.48829387,-7.53099279],[-48.47303803,-7.51848046],[-48.46920116,-7.50432453],[-48.45396574,-7.5142307],[-48.43140152,-7.51147196],[-48.41716178,-7.52531946],[-48.39995484,-7.51561679],[-48.40442575,-7.5041825],[-48.39788649,-7.47860088],[-48.40507119,-7.46550531],[-48.38409653,-7.42852001],[-48.37386704,-7.35144695],[-48.35257398,-7.33288348],[-48.34070013,-7.33576187],[-48.33350924,-7.34951368],[-48.29817813,-7.33251329],[-48.28402647,-7.33814656],[-48.27412657,-7.30592499],[-48.27663,-7.28759954],[-48.26007568,-7.26466714],[-48.25794044,-7.25142924],[-48.27062134,-7.23898711],[-48.26873485,-7.21915609],[-48.25873425,-7.20779702],[-48.26513629,-7.18969027],[-48.25398589,-7.1662674],[-48.25749183,-7.13536863],[-48.24375343,-7.11799493],[-48.24520204,-7.07237022],[-48.22518885,-7.04357457],[-48.24172365,-7.02796204],[-48.23402594,-7.01931486],[-48.23408131,-6.99765853],[-48.21131713,-6.96878794],[-48.17904731,-6.9651057],[-48.17159185,-6.95598467],[-48.18635293,-6.94443047],[-48.16651742,-6.92353744],[-48.1826447,-6.90645482],[-48.16278682,-6.89483164],[-48.17444432,-6.88533145],[-48.16466697,-6.86524763],[-48.18673819,-6.83381056],[-48.16547958,-6.81492759],[-48.15615412,-6.81590388],[-48.15120184,-6.83020582],[-48.1105539,-6.86553517],[-48.08276342,-6.86390676],[-48.08675289,-6.85039538],[-48.12686818,-6.82080319],[-48.09455314,-6.78713894],[-48.05685197,-6.7954577],[-48.05186473,-6.78315463],[-48.03148421,-6.77019009],[-48.03338933,-6.76000593],[-48.04873815,-6.75181539],[-48.03726026,-6.73478339],[-48.04851398,-6.69436131],[-48.03557228,-6.70170842],[-48.01951239,-6.68739311],[-48.04681293,-6.66112539],[-48.04595892,-6.64796781],[-48.06448452,-6.62085306],[-48.04501496,-6.61638348],[-48.01956671,-6.6356922],[-48.01502461,-6.62274343],[-47.99791393,-6.62301466],[-47.98702274,-6.64738956],[-47.97358065,-6.63550811],[-47.97537712,-6.61697833],[-47.95286206,-6.62690755],[-47.94435439,-6.60149842],[-47.96072914,-6.59795183],[-47.9677838,-6.5790485],[-47.98872184,-6.57631888],[-47.98330589,-6.55394866],[-47.99158441,-6.54309571],[-47.97174056,-6.53092949],[-47.9858939,-6.51918021],[-47.97597833,-6.51015077],[-47.9904057,-6.49170847],[-47.97753957,-6.479354],[-47.99614668,-6.46675339],[-48.00988916,-6.47008513],[-48.02241915,-6.44625609],[-48.02313456,-6.41524164],[-48.0134141,-6.40054291],[-48.03416653,-6.3990966],[-48.04822354,-6.36553481],[-48.06422134,-6.36818768],[-48.05467592,-6.33328808],[-48.06274314,-6.30756304],[-48.04090264,-6.30692892],[-48.05381247,-6.28607943],[-48.04622914,-6.27012682],[-48.07296802,-6.2604117],[-48.07381264,-6.24601261],[-48.09273799,-6.24305614],[-48.10517397,-6.22273678],[-48.11700786,-6.22332428],[-48.13937802,-6.17456127],[-48.12046767,-6.12777772],[-48.09076604,-6.1322041],[-48.07329217,-6.11582708],[-48.09200209,-6.09297494],[-48.10256272,-6.0911766],[-48.09671935,-6.08067429],[-48.11021367,-6.05695136],[-48.10757256,-6.04770077],[-48.12645897,-6.03593106],[-48.11413353,-6.02232213],[-48.11978294,-5.99010344],[-48.11073311,-5.97597225],[-48.13050689,-5.97867951],[-48.13945826,-5.96011156],[-48.13406481,-5.95018983],[-48.14154534,-5.89387687],[-48.16293002,-5.88701488],[-48.16907975,-5.86585633],[-48.1807962,-5.85553416],[-48.17186422,-5.84882055],[-48.15435438,-5.85684661],[-48.15999378,-5.84451068],[-48.15329915,-5.81737608],[-48.15976519,-5.81072995],[-48.15383178,-5.80018867],[-48.17491899,-5.79690937],[-48.1884985,-5.76662552],[-48.17836948,-5.75244807],[-48.15940223,-5.75231271],[-48.15114307,-5.73709533],[-48.13563841,-5.75643837],[-48.10435351,-5.75015842],[-48.09788726,-5.74268829],[-48.09949097,-5.72210593],[-48.08665925,-5.72603038],[-48.07974217,-5.71781869],[-48.09248933,-5.70647757],[-48.13006061,-5.70366722],[-48.14885613,-5.67777473],[-48.11606958,-5.62157345],[-48.11645094,-5.60417262],[-48.13382352,-5.58560021],[-48.18287962,-5.55795623],[-48.18987194,-5.54216842],[-48.18390846,-5.52537386],[-48.17304214,-5.51393065],[-48.15380674,-5.51532582],[-48.13384016,-5.49539154],[-48.09004558,-5.50603817],[-48.07757481,-5.52193462],[-48.06325225,-5.51325356],[-48.04629536,-5.51508007],[-48.02556372,-5.54247317],[-47.99676989,-5.55597186],[-47.96730225,-5.60299382],[-47.93038523,-5.62261894],[-47.90677784,-5.62289915],[-47.91192743,-5.58365035],[-47.90355807,-5.57778143],[-47.90402117,-5.56159886],[-47.92331916,-5.54028557],[-47.89721881,-5.52764243],[-47.90738632,-5.4985431],[-47.90343769,-5.48318261],[-47.92485065,-5.46716678],[-47.91580384,-5.44501151],[-47.92542233,-5.41338493],[-47.9174284,-5.40338052],[-47.90149258,-5.4059764],[-47.89329376,-5.39683559],[-47.87362386,-5.41880364],[-47.86044821,-5.4084268],[-47.84355229,-5.42563843],[-47.83431959,-5.41287275],[-47.85351163,-5.39341858],[-47.87134735,-5.3530799],[-47.87187229,-5.29308899],[-47.87858362,-5.27652326],[-47.90024901,-5.25810704],[-47.88717678,-5.24363675],[-47.86463568,-5.24788419],[-47.85782436,-5.27123352],[-47.83296281,-5.29016646],[-47.78539536,-5.29160881],[-47.7771679,-5.31367619],[-47.75320228,-5.32366],[-47.73987438,-5.31993295],[-47.74146489,-5.30685789],[-47.71753844,-5.28650542],[-47.70385099,-5.28655893],[-47.7075042,-5.31438861],[-47.6884248,-5.32741272],[-47.68770476,-5.30826477],[-47.64989775,-5.27863615],[-47.6187434,-5.29238499],[-47.58949275,-5.27134073],[-47.57067145,-5.28058787],[-47.53898602,-5.25528724],[-47.50039217,-5.26621944],[-47.45002168,-5.2410597],[-47.4486031,-5.22879665],[-47.43296058,-5.22275568],[-47.40641038,-5.27021922],[-47.38455231,-5.27581672],[-47.37174172,-5.26212076],[-47.35125104,-5.26300898],[-47.33618495,-5.2866623],[-47.32025502,-5.28789045],[-47.31484424,-5.3039879],[-47.2927555,-5.300866],[-47.27959925,-5.30774023],[-47.27729418,-5.33812522],[-47.24995323,-5.35410193],[-47.22887915,-5.34994937],[-47.21020821,-5.35727188],[-47.1953205,-5.37346716],[-47.16972593,-5.38413215],[-47.16345635,-5.41888243],[-47.14385107,-5.43127982],[-47.13868928,-5.48620956],[-47.11075841,-5.50633828],[-47.10235033,-5.50351139],[-47.09685153,-5.47985069],[-47.0729655,-5.46264517],[-47.06812349,-5.43643613],[-47.05675173,-5.43983728],[-47.03448847,-5.43117462],[-47.00966337,-5.44054021],[-47.00815135,-5.42520773],[-46.99542184,-5.41278816],[-47.00055107,-5.4028567],[-46.97761633,-5.39102488],[-46.94365174,-5.38882684],[-46.93665345,-5.40934472],[-46.91421185,-5.40732839],[-46.89792434,-5.41736872],[-46.88799238,-5.40991924],[-46.89247797,-5.37657708],[-46.85645934,-5.36564855],[-46.86470575,-5.3384989],[-46.85000983,-5.32678637],[-46.81333813,-5.32767002],[-46.8028305,-5.32000533],[-46.78950274,-5.3210145],[-46.77335762,-5.36617813],[-46.75998705,-5.37430872],[-46.76578575,-5.41030437],[-46.74174658,-5.45272771],[-46.72150919,-5.4636856],[-46.71217263,-5.43651331],[-46.70409421,-5.43389018],[-46.66271908,-5.48147988],[-46.65942076,-5.46033008],[-46.66842884,-5.44727399],[-46.65965155,-5.43529449],[-46.6763984,-5.42505662],[-46.66379837,-5.41346758],[-46.67218711,-5.40116594],[-46.6511481,-5.39866275],[-46.68748438,-5.37115457],[-46.68912016,-5.35762812],[-46.67632803,-5.35360746],[-46.6851509,-5.31901727],[-46.66920543,-5.3116701],[-46.66396428,-5.29161101],[-46.63831264,-5.31362963],[-46.60827294,-5.30141719],[-46.5899312,-5.30928495],[-46.52977642,-5.30727881],[-46.51818869,-5.32386126],[-46.53097419,-5.34485868],[-46.50942884,-5.3668149],[-46.5255462,-5.36387043],[-46.54139891,-5.3754198],[-46.4801284,-5.37786388],[-46.47429626,-5.3458551],[-46.46279924,-5.357187],[-46.46028266,-5.37450169],[-46.44362631,-5.38750194],[-46.42826265,-5.37651128],[-46.42124556,-5.394537],[-46.40209857,-5.37156438],[-46.38533222,-5.36705506],[-46.38988551,-5.35030514],[-46.37749211,-5.32641261],[-46.35178591,-5.34393058],[-46.35605802,-5.3144333],[-46.34089264,-5.29858952],[-46.32556915,-5.30471818],[-46.32430579,-5.28613427],[-46.30915321,-5.31543414],[-46.29921299,-5.320573],[-46.29343377,-5.30670214],[-46.29904443,-5.29734173],[-46.28164372,-5.26922185],[-46.21372381,-5.29706424],[-46.19000789,-5.26705556],[-46.19135208,-5.29358404],[-46.18437582,-5.30177355],[-46.16551721,-5.30246894],[-46.11849388,-5.28206606],[-46.09964484,-5.28412378],[-46.08660348,-5.26990184],[-46.05620484,-5.30560473],[-46.01973236,-5.30267282],[-45.98995498,-5.31495827],[-45.97172306,-5.29140508],[-45.95033005,-5.30828545],[-45.92593273,-5.30287197],[-45.89060598,-5.31871971],[-45.83685864,-5.29624228],[-45.82361612,-5.26446335],[-45.79519572,-5.26795779],[-45.75403034,-5.23620229],[-45.80561862,-5.17683006],[-45.79192287,-5.15428476],[-45.78913586,-5.12817175],[-45.77296075,-5.12217754],[-45.75047113,-5.09522571],[-45.70859949,-5.10968729],[-45.66861406,-5.10291747],[-45.62895054,-5.03984004],[-45.63570796,-5.01281346],[-45.62107469,-5.00919896],[-45.61268015,-4.99405673],[-45.62497079,-4.97922083],[-45.62165193,-4.95540638],[-45.60200169,-4.9401535],[-45.5981069,-4.91365736],[-45.58600784,-4.89660367],[-45.59576461,-4.88301058],[-45.59617094,-4.86086499],[-45.6093992,-4.85819571],[-45.63055056,-4.87139223],[-45.65807943,-4.86215452],[-45.65615458,-4.85422739],[-45.63990831,-4.85207557],[-45.62926034,-4.84039879],[-45.6259647,-4.79752585],[-45.61566755,-4.7878863],[-45.63944943,-4.7605448],[-45.64272262,-4.73384693],[-45.6193389,-4.70814378],[-45.63648602,-4.70964643],[-45.65328203,-4.68251508],[-45.6451308,-4.660598],[-45.63113984,-4.64821305],[-45.66664267,-4.6193222],[-45.66054842,-4.57365718],[-45.67721598,-4.56326351],[-45.67999589,-4.55011222],[-45.66588009,-4.51920522],[-45.69373006,-4.49230572],[-45.70385084,-4.46618926],[-45.72216933,-4.45332515],[-45.72730823,-4.42376317],[-45.75991422,-4.40822685],[-45.75876987,-4.39190141],[-45.73624873,-4.38116714],[-45.71664211,-4.39128982],[-45.70214608,-4.3825461],[-45.68511661,-4.39115994],[-45.6749043,-4.36608348],[-45.65421916,-4.3515308],[-45.61582819,-4.37242474],[-45.62094437,-4.40199637],[-45.59139622,-4.43850864],[-45.57459651,-4.43131702],[-45.51081044,-4.44762441],[-45.50508493,-4.47504499],[-45.47470534,-4.50107974],[-45.44779536,-4.49581998],[-45.41953636,-4.51406068],[-45.38050575,-4.51301026],[-45.38036804,-4.5221209],[-45.39822404,-4.53179738],[-45.40143102,-4.56476718],[-45.36609961,-4.58391642],[-45.35849011,-4.62530919],[-45.40000102,-4.6810255],[-45.3731802,-4.70391961],[-45.35944348,-4.70324914],[-45.34452682,-4.68175283],[-45.32225935,-4.68125849],[-45.32118608,-4.65097894],[-45.29952398,-4.64788225],[-45.2845437,-4.65524373],[-45.28357739,-4.6785692],[-45.27651938,-4.68080326],[-45.25001684,-4.6642989],[-45.24695405,-4.64086589],[-45.2330154,-4.63942504],[-45.22590707,-4.64622766],[-45.23676946,-4.6617921],[-45.23374475,-4.67077494],[-45.1757837,-4.69237797],[-45.14516185,-4.66745738],[-45.12457182,-4.62202804],[-45.10375006,-4.62933024],[-45.08808971,-4.65658859],[-45.07343633,-4.64820437],[-45.03044757,-4.59305081],[-45.01388993,-4.60050765],[-45.00136494,-4.63203524],[-44.93915846,-4.59662064],[-44.94487758,-4.58399622],[-44.98088561,-4.5741836],[-44.97548295,-4.55342675],[-44.99071679,-4.5168679],[-45.0520309,-4.50039965],[-45.0589516,-4.48612731],[-44.97192515,-4.42947196],[-44.9371352,-4.44736529],[-44.92690352,-4.44350563],[-44.91724554,-4.42453362],[-44.85256527,-4.41369945],[-44.82328109,-4.38489742],[-44.81224678,-4.34837069],[-44.77139476,-4.33242908],[-44.76322294,-4.3131849],[-44.73120639,-4.29706598],[-44.73145572,-4.27199556],[-44.75481235,-4.25796867],[-44.75893908,-4.24350558],[-44.74991656,-4.23273451],[-44.7626043,-4.21529753],[-44.75909124,-4.20599364],[-44.73332087,-4.195447],[-44.75662211,-4.18129586],[-44.75494643,-4.16973116],[-44.7687857,-4.15840272],[-44.76357137,-4.13632357],[-44.7508037,-4.14198898],[-44.74091756,-4.12321633],[-44.72242071,-4.12199803],[-44.72248076,-4.10832461],[-44.74083142,-4.11274143],[-44.74769854,-4.09540016],[-44.73861263,-4.09006249],[-44.74026924,-4.07537403],[-44.72736038,-4.07428909],[-44.7190768,-4.03600461],[-44.70461588,-4.03944441],[-44.68113284,-4.0190978],[-44.66815111,-4.02227845],[-44.66582238,-4.03426815],[-44.65237794,-4.02613122],[-44.64585805,-4.04932369],[-44.65396457,-4.06550358],[-44.65022379,-4.07989382],[-44.63278209,-4.08951873],[-44.63999413,-4.13285642],[-44.62689618,-4.11982035],[-44.61618381,-4.09047671],[-44.62773474,-4.06987547],[-44.62256083,-4.05945619],[-44.6123257,-4.05803559],[-44.61161967,-4.04136006],[-44.59754868,-4.03398317],[-44.60055815,-4.02384086],[-44.62334367,-4.01348082],[-44.59527381,-3.99330391],[-44.60273718,-3.98324516],[-44.62546221,-3.99089843],[-44.62592302,-3.97440926],[-44.61555393,-3.96987195],[-44.61038608,-3.95125207],[-44.57786009,-3.9607533],[-44.57343654,-3.94215847],[-44.58172105,-3.9294334],[-44.59335596,-3.93048122],[-44.59668293,-3.88706774],[-44.60845689,-3.8799413],[-44.59560436,-3.87038368],[-44.59515736,-3.84511337],[-44.62023425,-3.81526998],[-44.60330537,-3.78804989],[-44.62406625,-3.75806184],[-44.61478499,-3.73648323],[-44.65135158,-3.69831777],[-44.66815781,-3.65900848],[-44.67392469,-3.61737733],[-44.65942783,-3.59418248],[-44.62814373,-3.60294558],[-44.58683747,-3.58528143],[-44.54512109,-3.48168144],[-44.54309661,-3.45366248],[-44.52665652,-3.4411657],[-44.52117973,-3.4034952],[-44.50400708,-3.388711],[-44.50087984,-3.35698089],[-44.46563762,-3.34489403],[-44.44190303,-3.312425],[-44.40362503,-3.31292585],[-44.36600089,-3.24243408],[-44.35488293,-3.2408225],[-44.34605193,-3.25073303],[-44.33623381,-3.2428471],[-44.32779109,-3.25001397],[-44.33162457,-3.26511185],[-44.30450154,-3.27730968],[-44.32002533,-3.2993061],[-44.33390241,-3.30520657],[-44.33872502,-3.32848076],[-44.3329361,-3.34379224],[-44.34443222,-3.36764532],[-44.34102671,-3.37992076],[-44.31821372,-3.38694056],[-44.30148233,-3.37720353],[-44.28505373,-3.34641914],[-44.28161887,-3.29642863],[-44.25918703,-3.28018265],[-44.26548223,-3.26818254],[-44.26000582,-3.24355494],[-44.22647931,-3.24917419],[-44.20533392,-3.23457811],[-44.19400388,-3.21547411],[-44.19432493,-3.19892244],[-44.15622499,-3.19955237],[-44.12147975,-3.23743405],[-44.12770604,-3.24247967],[-44.13951173,-3.22861215],[-44.14760722,-3.23024013],[-44.16331154,-3.26227283],[-44.16232775,-3.30812737],[-44.14648043,-3.3125392],[-44.13414037,-3.30302938],[-44.13550029,-3.27561263],[-44.10991456,-3.25757509],[-44.10555542,-3.23988498],[-44.08585484,-3.21786405],[-44.07637872,-3.21691411],[-44.07641315,-3.19978255],[-44.0659422,-3.19602479],[-44.05860138,-3.22208635],[-44.04575064,-3.22552944],[-44.04575897,-3.24507027],[-44.07347924,-3.2627194],[-44.07271875,-3.28285924],[-44.08468127,-3.27831711],[-44.09294498,-3.28810024],[-44.08690724,-3.30337376],[-44.09980679,-3.31210724],[-44.08273601,-3.33718279],[-44.09215856,-3.33965571],[-44.11844419,-3.31265291],[-44.13022616,-3.32151896],[-44.12978532,-3.33338467],[-44.15961694,-3.33955262],[-44.16163171,-3.35092751],[-44.1411111,-3.36752893],[-44.14558302,-3.37813246],[-44.1345972,-3.39815208],[-44.10736894,-3.40580222],[-44.11098392,-3.3780702],[-44.12228507,-3.3657796],[-44.07912456,-3.36216196],[-44.07833272,-3.34934144],[-44.06567467,-3.33691632],[-44.06910387,-3.31642871],[-44.05901336,-3.3188849],[-44.05601672,-3.32915817],[-44.04141773,-3.33001909],[-44.03443959,-3.32511188],[-44.03576394,-3.30718674],[-44.02767528,-3.3024883],[-44.00872636,-3.3344497],[-43.97667646,-3.36131607],[-43.97865667,-3.38061467],[-43.95325564,-3.40147859],[-43.9559162,-3.41571538],[-43.9458492,-3.43848769],[-43.92563113,-3.43771561],[-43.90757328,-3.47658262],[-43.8930002,-3.47620614],[-43.87957387,-3.45542207],[-43.8987605,-3.45795602],[-43.91094325,-3.45098776],[-43.91156541,-3.41512645],[-43.93928064,-3.42568176],[-43.94158681,-3.39515116],[-43.96262911,-3.37912201],[-43.95155567,-3.36628935],[-43.95629578,-3.35374606],[-43.97624241,-3.3500653],[-43.99694662,-3.31566045],[-44.02062826,-3.29574775],[-44.03023936,-3.24821687],[-44.01175149,-3.21684799],[-44.02815607,-3.21371534],[-44.03272086,-3.20314306],[-44.0048727,-3.19523592],[-43.98364951,-3.14044674],[-44.00424639,-3.10388905],[-44.00044966,-3.09170398],[-43.98526317,-3.08503202],[-43.98296038,-3.06698981],[-44.03104829,-3.0538412],[-44.03934969,-3.03811572],[-44.01671669,-3.01209895],[-43.96083573,-2.98607468],[-43.97030063,-2.97368941],[-43.94006156,-2.9610615],[-43.90880604,-2.92617089],[-43.93218052,-2.91258907],[-43.93199353,-2.90084136],[-43.91639274,-2.90163195],[-43.92291712,-2.87625303],[-43.89902012,-2.85980321],[-43.91885683,-2.85682542],[-43.93232105,-2.86780222],[-43.94478787,-2.86665187],[-43.94666609,-2.85035577],[-43.92803747,-2.85108648],[-43.90139473,-2.83385941],[-43.96873512,-2.8019268],[-43.95664934,-2.79015242],[-43.94096608,-2.79112854],[-43.93721274,-2.78064245],[-43.92604556,-2.77766759],[-43.92756872,-2.76286244],[-43.91518035,-2.75546272],[-43.90747321,-2.76488713],[-43.88959659,-2.76395227],[-43.88427744,-2.77773989],[-43.89040424,-2.79087913],[-43.88040923,-2.79638952],[-43.86439292,-2.7960631],[-43.84606087,-2.77019112],[-43.83550386,-2.76837936],[-43.84014385,-2.80377156],[-43.8119078,-2.77402106],[-43.80250361,-2.78028316],[-43.78139048,-2.77455363],[-43.77799093,-2.7634674],[-43.78553573,-2.74981524],[-43.81592087,-2.72908349],[-43.81647235,-2.70603924],[-43.80035644,-2.70168914],[-43.78930264,-2.73321123],[-43.76724671,-2.7369447],[-43.76485862,-2.7212314],[-43.74696129,-2.70576607],[-43.75894713,-2.68454541],[-43.75555172,-2.66666383],[-43.79324886,-2.65519099],[-43.79757111,-2.64267015],[-43.82507869,-2.65503292],[-43.83283988,-2.64022391],[-43.84933984,-2.63927335],[-43.84335926,-2.62120241],[-43.80331004,-2.63119383],[-43.80491716,-2.59520276],[-43.7808984,-2.5762456],[-43.7679592,-2.58409136],[-43.75962408,-2.57999398],[-43.75679544,-2.55899626],[-43.74490883,-2.55204341],[-43.73586661,-2.55271294],[-43.73261092,-2.56315185],[-43.69028345,-2.57244317],[-43.6962162,-2.55432691],[-43.67859922,-2.54682469],[-43.68142095,-2.51372979],[-43.65581119,-2.48252755],[-43.62711953,-2.5071487],[-43.61646334,-2.53287726],[-43.61105124,-2.50978505],[-43.59636528,-2.50435396],[-43.57991496,-2.50920407],[-43.55117892,-2.47422844],[-43.55440612,-2.44672869],[-43.53909594,-2.4232209],[-43.52718011,-2.41842397],[-43.51211901,-2.43870799],[-43.5209279,-2.45460718],[-43.51552865,-2.47212516],[-43.50288703,-2.48061988],[-43.48696529,-2.52550492],[-43.46914855,-2.52529766],[-43.46620664,-2.50218502],[-43.45389537,-2.53531727],[-43.43845438,-2.52690823],[-43.45575353,-2.48278221],[-43.45311699,-2.44243773],[-43.46244905,-2.42575663],[-43.43605663,-2.44129573],[-43.39951934,-2.43847036],[-43.42890037,-2.42681065],[-43.46389284,-2.39130796],[-43.48336189,-2.38448561],[-43.48480504,-2.37438226],[-43.4571201,-2.345525],[-43.41491635,-2.34002408],[-43.40544756,-2.33208833],[-43.39008729,-2.33937204]]]}}]}